{
  "backend" : "mlx",
  "channels" : 1,
  "connectivity" : [
    [
      3
    ]
  ],
  "flow" : {
    "dt" : 0.2,
    "n" : 2,
    "theta_A" : 2
  },
  "grid" : {
    "sx" : 128,
    "sy" : 128
  },
  "implementation" : {
    "mode" : "paper"
  },
  "init" : {
    "a_uniform" : {
      "high" : 1,
      "low" : 0
    },
    "p_uniform" : {
      "high" : 1,
      "low" : 0
    },
    "patches" : [
      {
        "center" : [
          32,
          32
        ],
        "size" : 24
      },
      {
        "center" : [
          96,
          96
        ],
        "size" : 24
      }
    ],
    "seed" : 300066
  },
  "interventions" : [

  ],
  "parameter_embedding" : {
    "enabled" : true,
    "mix" : "stoch",
    "mix_seed" : 42
  },
  "params" : {
    "R" : 11.639265,
    "a" : [
      [
        0.4100346,
        0.9771718,
        0.28246033
      ],
      [
        0.9372722,
        0.8336408,
        0.17831421
      ],
      [
        0.26343644,
        0.28769904,
        0.32088733
      ]
    ],
    "b" : [
      [
        0.8254903,
        0.45251334,
        0.85488397
      ],
      [
        0.5776784,
        0.92346275,
        0.829309
      ],
      [
        0.8940166,
        0.4636525,
        0.502928
      ]
    ],
    "h" : [
      0.9506827,
      0.19571954,
      0.67349666
    ],
    "m" : [
      0.25238737,
      0.28350282,
      0.41823378
    ],
    "mode" : "explicit",
    "r" : [
      0.44435298,
      0.4397954,
      0.625284
    ],
    "s" : [
      0.19376974,
      0.15260358,
      0.024279937
    ],
    "w" : [
      [
        0.04128465,
        0.010105639,
        0.44214913
      ],
      [
        0.23396331,
        0.21210064,
        0.35514072
      ],
      [
        0.25305918,
        0.1596388,
        0.13304047
      ]
    ]
  },
  "profile" : "experimental",
  "reintegration" : {
    "border" : "torus",
    "dd" : 5,
    "sigma" : 0.65
  },
  "run" : {
    "steps" : 500
  }
}