{
  "backend" : "mlx",
  "channels" : 1,
  "connectivity" : [
    [
      3
    ]
  ],
  "flow" : {
    "dt" : 0.2,
    "n" : 2,
    "theta_A" : 2
  },
  "grid" : {
    "sx" : 128,
    "sy" : 128
  },
  "implementation" : {
    "mode" : "paper"
  },
  "init" : {
    "a_uniform" : {
      "high" : 1,
      "low" : 0
    },
    "p_uniform" : {
      "high" : 1,
      "low" : 0
    },
    "patches" : [
      {
        "center" : [
          32,
          32
        ],
        "size" : 24
      },
      {
        "center" : [
          96,
          96
        ],
        "size" : 24
      }
    ],
    "seed" : 300220
  },
  "interventions" : [

  ],
  "parameter_embedding" : {
    "enabled" : true,
    "mix" : "stoch",
    "mix_seed" : 42
  },
  "params" : {
    "R" : 9.855216,
    "a" : [
      [
        0.7655002,
        0.47847235,
        0.35153794
      ],
      [
        0.5228457,
        0.6432766,
        0.96399283
      ],
      [
        0.76901853,
        0.49478817,
        0.76190555
      ]
    ],
    "b" : [
      [
        0.15977865,
        0.7715079,
        0.2832874
      ],
      [
        0.8720401,
        0.5831317,
        0.9234045
      ],
      [
        0.8333221,
        0.9814861,
        0.26586515
      ]
    ],
    "h" : [
      0.34197813,
      0.5953841,
      0.49011028
    ],
    "m" : [
      0.41605338,
      0.12443954,
      0.054289978
    ],
    "mode" : "explicit",
    "r" : [
      0.5868224,
      0.6793646,
      0.8997942
    ],
    "s" : [
      0.14070363,
      0.10737464,
      0.18299781
    ],
    "w" : [
      [
        0.25289404,
        0.12220622,
        0.070066124
      ],
      [
        0.39635453,
        0.38965932,
        0.0793897
      ],
      [
        0.061542183,
        0.3716547,
        0.49185625
      ]
    ]
  },
  "profile" : "experimental",
  "reintegration" : {
    "border" : "torus",
    "dd" : 5,
    "sigma" : 0.65
  },
  "run" : {
    "steps" : 500
  }
}