{
  "centroids" : [
    [
      64.36948,
      64.47243
    ],
    [
      64.4987,
      64.672195
    ],
    [
      64.49804,
      64.62797
    ],
    [
      64.597336,
      64.79734
    ],
    [
      64.44121,
      64.60112
    ],
    [
      64.49429,
      64.65581
    ],
    [
      64.36317,
      64.50348
    ],
    [
      64.377785,
      64.50416
    ],
    [
      64.27463,
      64.40907
    ],
    [
      64.23579,
      64.360565
    ],
    [
      64.23129,
      64.33275
    ],
    [
      64.24493,
      64.32377
    ]
  ],
  "fps" : 10,
  "frameCount" : 12,
  "framesPath" : "releases\/qg-20260228-real-creatures\/runs\/qg-nnea-s300192\/6fcf0c8c-2d2b-41fd-8004-0fa406d22cd2\/frames.bin",
  "height" : 128,
  "palette" : "lenia-spectrum",
  "velocities" : [
    [
      0,
      0
    ],
    [
      0.12922668,
      0.19976807
    ],
    [
      -0.0006637573,
      -0.0442276
    ],
    [
      0.09929657,
      0.16937256
    ],
    [
      -0.15612793,
      -0.1962204
    ],
    [
      0.053085327,
      0.0546875
    ],
    [
      -0.1311264,
      -0.15232849
    ],
    [
      0.01461792,
      0.0006790161
    ],
    [
      -0.10315704,
      -0.095085144
    ],
    [
      -0.038841248,
      -0.04850769
    ],
    [
      -0.0044937134,
      -0.027816772
    ],
    [
      0.013633728,
      -0.008979797
    ]
  ],
  "width" : 128
}