{
  "centroids" : [
    [
      63.957367,
      63.74928
    ],
    [
      64.12476,
      63.8979
    ],
    [
      63.796257,
      63.646286
    ],
    [
      63.797035,
      63.645504
    ],
    [
      63.852577,
      63.714443
    ],
    [
      63.76118,
      63.646828
    ],
    [
      63.769634,
      63.656734
    ],
    [
      63.714497,
      63.620647
    ],
    [
      63.75323,
      63.637325
    ],
    [
      63.75309,
      63.644577
    ],
    [
      63.703598,
      63.57856
    ],
    [
      63.71308,
      63.575874
    ]
  ],
  "fps" : 10,
  "frameCount" : 12,
  "framesPath" : "releases\/qg-20260228-real-creatures\/runs\/qg-nnea-s300160\/d982fcac-1211-40e8-8af0-a1d03bd3f662\/frames.bin",
  "height" : 128,
  "palette" : "lenia-spectrum",
  "velocities" : [
    [
      0,
      0
    ],
    [
      0.16739655,
      0.1486206
    ],
    [
      -0.32850647,
      -0.25161362
    ],
    [
      0.00077819824,
      -0.00078201294
    ],
    [
      0.055541992,
      0.06893921
    ],
    [
      -0.09139633,
      -0.06761551
    ],
    [
      0.008453369,
      0.009906769
    ],
    [
      -0.055137634,
      -0.036087036
    ],
    [
      0.038734436,
      0.016677856
    ],
    [
      -0.0001411438,
      0.0072517395
    ],
    [
      -0.049491882,
      -0.06601715
    ],
    [
      0.009483337,
      -0.0026855469
    ]
  ],
  "width" : 128
}