{
  "backend" : "mlx",
  "channels" : 1,
  "connectivity" : [
    [
      3
    ]
  ],
  "flow" : {
    "dt" : 0.2,
    "n" : 2,
    "theta_A" : 2
  },
  "grid" : {
    "sx" : 128,
    "sy" : 128
  },
  "implementation" : {
    "mode" : "paper"
  },
  "init" : {
    "a_uniform" : {
      "high" : 1,
      "low" : 0
    },
    "p_uniform" : {
      "high" : 1,
      "low" : 0
    },
    "patches" : [
      {
        "center" : [
          32,
          32
        ],
        "size" : 24
      },
      {
        "center" : [
          96,
          96
        ],
        "size" : 24
      }
    ],
    "seed" : 300051
  },
  "interventions" : [

  ],
  "parameter_embedding" : {
    "enabled" : true,
    "mix" : "stoch",
    "mix_seed" : 42
  },
  "params" : {
    "R" : 17.66758,
    "a" : [
      [
        0.97492653,
        0.03309387,
        0.0948149
      ],
      [
        0.019045413,
        0.9829929,
        0.36075187
      ],
      [
        0.8280521,
        0.32532698,
        0.58490986
      ]
    ],
    "b" : [
      [
        0.8809949,
        0.2508927,
        0.71930915
      ],
      [
        0.3609714,
        0.69378847,
        0.8452127
      ],
      [
        0.9867696,
        0.7583828,
        0.9765867
      ]
    ],
    "h" : [
      0.45352167,
      0.5070224,
      0.7865668
    ],
    "m" : [
      0.497977,
      0.14504719,
      0.16846934
    ],
    "mode" : "explicit",
    "r" : [
      0.37382525,
      0.37299007,
      0.788767
    ],
    "s" : [
      0.064121805,
      0.08146233,
      0.021041155
    ],
    "w" : [
      [
        0.027637582,
        0.19323586,
        0.06778152
      ],
      [
        0.11966463,
        0.4734449,
        0.4182878
      ],
      [
        0.42584714,
        0.40822342,
        0.09360077
      ]
    ]
  },
  "profile" : "experimental",
  "reintegration" : {
    "border" : "torus",
    "dd" : 5,
    "sigma" : 0.65
  },
  "run" : {
    "steps" : 500
  }
}