{
  "backend" : "mlx",
  "channels" : 1,
  "connectivity" : [
    [
      3
    ]
  ],
  "flow" : {
    "dt" : 0.2,
    "n" : 2,
    "theta_A" : 2
  },
  "grid" : {
    "sx" : 128,
    "sy" : 128
  },
  "implementation" : {
    "mode" : "paper"
  },
  "init" : {
    "a_uniform" : {
      "high" : 1,
      "low" : 0
    },
    "p_uniform" : {
      "high" : 1,
      "low" : 0
    },
    "patches" : [
      {
        "center" : [
          32,
          32
        ],
        "size" : 24
      },
      {
        "center" : [
          96,
          96
        ],
        "size" : 24
      }
    ],
    "seed" : 300045
  },
  "interventions" : [

  ],
  "parameter_embedding" : {
    "enabled" : true,
    "mix" : "stoch",
    "mix_seed" : 42
  },
  "params" : {
    "R" : 15.246525,
    "a" : [
      [
        0.12459314,
        0.56487674,
        0.40132213
      ],
      [
        0.364811,
        0.9143362,
        0.46588922
      ],
      [
        0.44871765,
        0.2615912,
        0.22702998
      ]
    ],
    "b" : [
      [
        0.5816105,
        0.13155651,
        0.10315424
      ],
      [
        0.8054967,
        0.70934427,
        0.5103957
      ],
      [
        0.22914582,
        0.099253654,
        0.35504276
      ]
    ],
    "h" : [
      0.36535186,
      0.83512074,
      0.96326095
    ],
    "m" : [
      0.41638976,
      0.06854849,
      0.37492448
    ],
    "mode" : "explicit",
    "r" : [
      0.48185408,
      0.6247818,
      0.7672947
    ],
    "s" : [
      0.07156013,
      0.037446193,
      0.11720496
    ],
    "w" : [
      [
        0.013041805,
        0.25588453,
        0.14326742
      ],
      [
        0.24057701,
        0.31914303,
        0.21401353
      ],
      [
        0.30809966,
        0.22615595,
        0.06441839
      ]
    ]
  },
  "profile" : "experimental",
  "reintegration" : {
    "border" : "torus",
    "dd" : 5,
    "sigma" : 0.65
  },
  "run" : {
    "steps" : 500
  }
}