{
  "centroids" : [
    [
      63.33426,
      62.9591
    ],
    [
      63.294685,
      63.008575
    ],
    [
      63.113514,
      62.87622
    ],
    [
      63.306004,
      63.112762
    ],
    [
      63.508804,
      63.34664
    ],
    [
      63.331234,
      63.115276
    ],
    [
      63.309578,
      63.11688
    ],
    [
      63.354214,
      63.20953
    ],
    [
      63.290543,
      63.152737
    ],
    [
      63.42205,
      63.27069
    ],
    [
      63.535694,
      63.35356
    ],
    [
      63.592506,
      63.388615
    ]
  ],
  "fps" : 10,
  "frameCount" : 12,
  "framesPath" : "releases\/qg-20260228-real-creatures\/runs\/qg-nnea-s300032\/9a7583ba-c557-4929-b8c5-430a398c4313\/frames.bin",
  "height" : 128,
  "palette" : "lenia-spectrum",
  "velocities" : [
    [
      0,
      0
    ],
    [
      -0.03957367,
      0.049476624
    ],
    [
      -0.18117142,
      -0.13235474
    ],
    [
      0.19248962,
      0.23654175
    ],
    [
      0.20280075,
      0.23387909
    ],
    [
      -0.17757034,
      -0.2313652
    ],
    [
      -0.021656036,
      0.0016021729
    ],
    [
      0.044635773,
      0.09265137
    ],
    [
      -0.06367111,
      -0.056793213
    ],
    [
      0.13150787,
      0.117954254
    ],
    [
      0.113643646,
      0.08287048
    ],
    [
      0.056812286,
      0.035053253
    ]
  ],
  "width" : 128
}