{
  "centroids" : [
    [
      64.61261,
      64.45894
    ],
    [
      64.41681,
      64.27146
    ],
    [
      64.12799,
      63.995476
    ],
    [
      63.979897,
      63.844627
    ],
    [
      64.09472,
      63.994217
    ],
    [
      64.078384,
      64.02141
    ],
    [
      63.996708,
      63.968624
    ],
    [
      63.98039,
      63.92544
    ],
    [
      63.8288,
      63.778263
    ],
    [
      63.84513,
      63.8044
    ],
    [
      63.85314,
      63.804245
    ],
    [
      63.68805,
      63.667088
    ]
  ],
  "fps" : 10,
  "frameCount" : 12,
  "framesPath" : "releases\/qg-20260228-real-creatures\/runs\/qg-nnea-s300032\/26dc2d81-0104-4b51-a9ec-52a3d56c1f33\/frames.bin",
  "height" : 128,
  "palette" : "lenia-spectrum",
  "velocities" : [
    [
      0,
      0
    ],
    [
      -0.19580078,
      -0.18747711
    ],
    [
      -0.28881836,
      -0.27598572
    ],
    [
      -0.14809418,
      -0.15084839
    ],
    [
      0.11482239,
      0.14958954
    ],
    [
      -0.016334534,
      0.027191162
    ],
    [
      -0.08167648,
      -0.052783966
    ],
    [
      -0.016319275,
      -0.043182373
    ],
    [
      -0.15158844,
      -0.14717865
    ],
    [
      0.016330719,
      0.026138306
    ],
    [
      0.008010864,
      -0.00015640259
    ],
    [
      -0.16509247,
      -0.13715744
    ]
  ],
  "width" : 128
}