{
  "backend" : "mlx",
  "channels" : 1,
  "connectivity" : [
    [
      3
    ]
  ],
  "flow" : {
    "dt" : 0.2,
    "n" : 2,
    "theta_A" : 2
  },
  "grid" : {
    "sx" : 128,
    "sy" : 128
  },
  "implementation" : {
    "mode" : "paper"
  },
  "init" : {
    "a_uniform" : {
      "high" : 1,
      "low" : 0
    },
    "p_uniform" : {
      "high" : 1,
      "low" : 0
    },
    "patches" : [
      {
        "center" : [
          32,
          32
        ],
        "size" : 24
      },
      {
        "center" : [
          96,
          96
        ],
        "size" : 24
      }
    ],
    "seed" : 300165
  },
  "interventions" : [

  ],
  "parameter_embedding" : {
    "enabled" : true,
    "mix" : "stoch",
    "mix_seed" : 42
  },
  "params" : {
    "R" : 11.7101145,
    "a" : [
      [
        0.025689244,
        0.70226103,
        0.15250713
      ],
      [
        0.96915334,
        0.8107033,
        0.82032907
      ],
      [
        0.985459,
        0.97187114,
        0.67659914
      ]
    ],
    "b" : [
      [
        0.20999199,
        0.6257167,
        0.7154232
      ],
      [
        0.41793442,
        0.6437233,
        0.0050655007
      ],
      [
        0.021491885,
        0.35171348,
        0.59493047
      ]
    ],
    "h" : [
      0.100812495,
      0.7182308,
      0.22810078
    ],
    "m" : [
      0.1092718,
      0.42823032,
      0.14571741
    ],
    "mode" : "explicit",
    "r" : [
      0.8567903,
      0.42605963,
      0.32261592
    ],
    "s" : [
      0.19306628,
      0.06500085,
      0.055270765
    ],
    "w" : [
      [
        0.38864592,
        0.27927175,
        0.32103252
      ],
      [
        0.38939744,
        0.41924626,
        0.31906924
      ],
      [
        0.2671046,
        0.16426747,
        0.46745288
      ]
    ]
  },
  "profile" : "experimental",
  "reintegration" : {
    "border" : "torus",
    "dd" : 5,
    "sigma" : 0.65
  },
  "run" : {
    "steps" : 500
  }
}