{
  "centroids" : [
    [
      63.385574,
      63.537025
    ],
    [
      63.391453,
      63.570667
    ],
    [
      63.38148,
      63.58927
    ],
    [
      63.33828,
      63.538227
    ],
    [
      63.32083,
      63.566727
    ],
    [
      63.289665,
      63.560337
    ],
    [
      63.22416,
      63.508015
    ],
    [
      63.186867,
      63.48641
    ],
    [
      63.199127,
      63.511005
    ],
    [
      63.089336,
      63.393703
    ],
    [
      63.04312,
      63.34794
    ],
    [
      63.06259,
      63.36183
    ]
  ],
  "fps" : 10,
  "frameCount" : 12,
  "framesPath" : "releases\/qg-20260228-real-creatures\/runs\/qg-nnea-s300160\/9091c04e-fe95-4cf9-9d89-c62274db3cf0\/frames.bin",
  "height" : 128,
  "palette" : "lenia-spectrum",
  "velocities" : [
    [
      0,
      0
    ],
    [
      0.0058784485,
      0.033641815
    ],
    [
      -0.009971619,
      0.018604279
    ],
    [
      -0.043201447,
      -0.051044464
    ],
    [
      -0.017448425,
      0.028499603
    ],
    [
      -0.031166077,
      -0.006389618
    ],
    [
      -0.06550598,
      -0.052322388
    ],
    [
      -0.03729248,
      -0.021606445
    ],
    [
      0.012260437,
      0.024597168
    ],
    [
      -0.1097908,
      -0.11730194
    ],
    [
      -0.046215057,
      -0.045764923
    ],
    [
      0.019470215,
      0.013893127
    ]
  ],
  "width" : 128
}