{
  "backend" : "mlx",
  "channels" : 1,
  "connectivity" : [
    [
      3
    ]
  ],
  "flow" : {
    "dt" : 0.2,
    "n" : 2,
    "theta_A" : 2
  },
  "grid" : {
    "sx" : 128,
    "sy" : 128
  },
  "implementation" : {
    "mode" : "paper"
  },
  "init" : {
    "a_uniform" : {
      "high" : 1,
      "low" : 0
    },
    "p_uniform" : {
      "high" : 1,
      "low" : 0
    },
    "patches" : [
      {
        "center" : [
          32,
          32
        ],
        "size" : 24
      },
      {
        "center" : [
          96,
          96
        ],
        "size" : 24
      }
    ],
    "seed" : 300163
  },
  "interventions" : [

  ],
  "parameter_embedding" : {
    "enabled" : true,
    "mix" : "stoch",
    "mix_seed" : 42
  },
  "params" : {
    "R" : 7.4424777,
    "a" : [
      [
        0.32022184,
        0.10341662,
        0.51718295
      ],
      [
        0.29758596,
        0.5569881,
        0.64549834
      ],
      [
        0.37130833,
        0.33524776,
        0.79148775
      ]
    ],
    "b" : [
      [
        0.4795665,
        0.9206382,
        0.751233
      ],
      [
        0.15459955,
        0.16118091,
        0.66084206
      ],
      [
        0.6320746,
        0.85376203,
        0.8804472
      ]
    ],
    "h" : [
      0.5133013,
      0.56929225,
      0.85072684
    ],
    "m" : [
      0.14164078,
      0.1251167,
      0.2884883
    ],
    "mode" : "explicit",
    "r" : [
      0.63523763,
      0.61364603,
      0.6869923
    ],
    "s" : [
      0.08226897,
      0.00212271,
      0.040508088
    ],
    "w" : [
      [
        0.12448539,
        0.09456216,
        0.072854705
      ],
      [
        0.13887744,
        0.19967742,
        0.11619998
      ],
      [
        0.26343405,
        0.2010325,
        0.18579428
      ]
    ]
  },
  "profile" : "experimental",
  "reintegration" : {
    "border" : "torus",
    "dd" : 5,
    "sigma" : 0.65
  },
  "run" : {
    "steps" : 500
  }
}