{
  "centroids" : [
    [
      63.781788,
      63.353294
    ],
    [
      63.79093,
      63.275997
    ],
    [
      63.956276,
      63.39061
    ],
    [
      63.839954,
      63.26715
    ],
    [
      63.89318,
      63.438877
    ],
    [
      63.66687,
      63.24696
    ],
    [
      63.616356,
      63.093914
    ],
    [
      63.35721,
      62.714466
    ],
    [
      63.125828,
      62.52176
    ],
    [
      63.06097,
      62.433952
    ],
    [
      62.940254,
      62.367363
    ],
    [
      63.172886,
      62.628494
    ]
  ],
  "fps" : 10,
  "frameCount" : 12,
  "framesPath" : "releases\/qg-20260228-real-creatures\/runs\/qg-nnea-s300160\/356330c5-87ab-4696-ad71-348bf2d12d9c\/frames.bin",
  "height" : 128,
  "palette" : "lenia-spectrum",
  "velocities" : [
    [
      0,
      0
    ],
    [
      0.009143829,
      -0.07729721
    ],
    [
      0.16534424,
      0.11461258
    ],
    [
      -0.11632156,
      -0.12345886
    ],
    [
      0.05322647,
      0.17172623
    ],
    [
      -0.22631073,
      -0.19191742
    ],
    [
      -0.05051422,
      -0.15304565
    ],
    [
      -0.25914764,
      -0.37944794
    ],
    [
      -0.23138046,
      -0.19270706
    ],
    [
      -0.06485748,
      -0.0878067
    ],
    [
      -0.120716095,
      -0.066589355
    ],
    [
      0.23263168,
      0.2611313
    ]
  ],
  "width" : 128
}