{
  "backend" : "mlx",
  "channels" : 1,
  "connectivity" : [
    [
      3
    ]
  ],
  "flow" : {
    "dt" : 0.2,
    "n" : 2,
    "theta_A" : 2
  },
  "grid" : {
    "sx" : 128,
    "sy" : 128
  },
  "implementation" : {
    "mode" : "paper"
  },
  "init" : {
    "a_uniform" : {
      "high" : 1,
      "low" : 0
    },
    "p_uniform" : {
      "high" : 1,
      "low" : 0
    },
    "patches" : [
      {
        "center" : [
          32,
          32
        ],
        "size" : 24
      },
      {
        "center" : [
          96,
          96
        ],
        "size" : 24
      }
    ],
    "seed" : 300010
  },
  "interventions" : [

  ],
  "parameter_embedding" : {
    "enabled" : true,
    "mix" : "stoch",
    "mix_seed" : 42
  },
  "params" : {
    "R" : 8.2691345,
    "a" : [
      [
        0.7383877,
        0.10349971,
        0.15577471
      ],
      [
        0.5720347,
        0.6026785,
        0.6087559
      ],
      [
        0.41067344,
        0.2897513,
        0.7597265
      ]
    ],
    "b" : [
      [
        0.25215387,
        0.36777687,
        0.8418414
      ],
      [
        0.17632157,
        0.23924464,
        0.41902894
      ],
      [
        0.73166263,
        0.76643467,
        0.38547188
      ]
    ],
    "h" : [
      0.29765272,
      0.47264528,
      0.32861012
    ],
    "m" : [
      0.11457451,
      0.17713459,
      0.12059392
    ],
    "mode" : "explicit",
    "r" : [
      0.65971655,
      0.33478266,
      0.3054219
    ],
    "s" : [
      0.057733744,
      0.06905453,
      0.03352535
    ],
    "w" : [
      [
        0.41267246,
        0.17994237,
        0.33385828
      ],
      [
        0.05022648,
        0.14582957,
        0.31895927
      ],
      [
        0.18709284,
        0.28941447,
        0.08796475
      ]
    ]
  },
  "profile" : "experimental",
  "reintegration" : {
    "border" : "torus",
    "dd" : 5,
    "sigma" : 0.65
  },
  "run" : {
    "steps" : 500
  }
}