{
  "centroids" : [
    [
      63.983807,
      63.7429
    ],
    [
      63.71448,
      63.44829
    ],
    [
      63.87785,
      63.60663
    ],
    [
      63.778492,
      63.4775
    ],
    [
      63.74642,
      63.503574
    ],
    [
      63.516933,
      63.26134
    ],
    [
      63.587418,
      63.33626
    ],
    [
      63.62682,
      63.394104
    ],
    [
      63.645443,
      63.395367
    ],
    [
      63.697964,
      63.442417
    ],
    [
      63.76068,
      63.516205
    ],
    [
      63.68289,
      63.43411
    ]
  ],
  "fps" : 10,
  "frameCount" : 12,
  "framesPath" : "releases\/qg-20260228-real-creatures\/runs\/qg-nnea-s300000\/6f599cdf-8042-4d38-a12f-6404cd9676bb\/frames.bin",
  "height" : 128,
  "palette" : "lenia-spectrum",
  "velocities" : [
    [
      0,
      0
    ],
    [
      -0.26932526,
      -0.29460907
    ],
    [
      0.16336823,
      0.15833664
    ],
    [
      -0.099357605,
      -0.1291275
    ],
    [
      -0.03207016,
      0.026073456
    ],
    [
      -0.22948837,
      -0.24223328
    ],
    [
      0.07048416,
      0.074920654
    ],
    [
      0.039402008,
      0.057842255
    ],
    [
      0.018623352,
      0.0012626648
    ],
    [
      0.052520752,
      0.047050476
    ],
    [
      0.06271744,
      0.07378769
    ],
    [
      -0.07778931,
      -0.0820961
    ]
  ],
  "width" : 128
}