{
  "centroids" : [
    [
      63.41085,
      63.87351
    ],
    [
      63.35768,
      63.86106
    ],
    [
      63.444485,
      63.820034
    ],
    [
      63.478783,
      63.88366
    ],
    [
      63.677364,
      63.875015
    ],
    [
      63.561237,
      63.963856
    ],
    [
      63.578796,
      64.15604
    ],
    [
      63.61194,
      64.35719
    ],
    [
      63.63522,
      64.45441
    ],
    [
      63.856422,
      64.42893
    ],
    [
      63.97708,
      64.371086
    ],
    [
      64.12179,
      64.29901
    ],
    [
      64.18841,
      64.37244
    ],
    [
      64.18121,
      64.38707
    ],
    [
      64.18555,
      64.40947
    ],
    [
      64.20484,
      64.4218
    ],
    [
      64.273705,
      64.506454
    ],
    [
      64.217735,
      64.506256
    ],
    [
      64.37335,
      64.40815
    ],
    [
      64.37273,
      64.5633
    ],
    [
      64.37664,
      64.549
    ],
    [
      64.45918,
      64.59696
    ],
    [
      64.52272,
      64.61118
    ],
    [
      64.5324,
      64.66581
    ],
    [
      64.55365,
      64.668625
    ],
    [
      64.59192,
      64.772255
    ],
    [
      64.57421,
      64.77561
    ],
    [
      64.620575,
      64.77361
    ],
    [
      64.596985,
      64.86009
    ],
    [
      64.73426,
      64.86569
    ],
    [
      64.7153,
      64.91259
    ],
    [
      64.782684,
      64.93831
    ],
    [
      64.853424,
      64.92629
    ],
    [
      64.846245,
      64.90959
    ],
    [
      64.88772,
      64.914536
    ],
    [
      64.95718,
      64.709465
    ]
  ],
  "fps" : 12,
  "frameCount" : 36,
  "framesPath" : "releases\/orbium-like-20260307\/runs\/glider-family-luminous-spiral-4134-c000-s0\/b1dd18a7-2980-4702-9225-499460077065\/frames.bin",
  "height" : 128,
  "palette" : "lenia-spectrum",
  "velocities" : [
    [
      0,
      0
    ],
    [
      -0.05316925,
      -0.012447357
    ],
    [
      0.08680344,
      -0.04102707
    ],
    [
      0.034297943,
      0.063625336
    ],
    [
      0.1985817,
      -0.008644104
    ],
    [
      -0.116127014,
      0.088840485
    ],
    [
      0.017559052,
      0.19218063
    ],
    [
      0.03314209,
      0.20115662
    ],
    [
      0.023281097,
      0.097213745
    ],
    [
      0.22120285,
      -0.025474548
    ],
    [
      0.120658875,
      -0.05784607
    ],
    [
      0.14470673,
      -0.07207489
    ],
    [
      0.06661987,
      0.07342529
    ],
    [
      -0.007194519,
      0.014633179
    ],
    [
      0.004333496,
      0.022399902
    ],
    [
      0.019294739,
      0.012329102
    ],
    [
      0.068862915,
      0.08465576
    ],
    [
      -0.05596924,
      -0.00019836426
    ],
    [
      0.15561676,
      -0.098106384
    ],
    [
      -0.00062561035,
      0.15515137
    ],
    [
      0.0039138794,
      -0.014297485
    ],
    [
      0.08254242,
      0.047958374
    ],
    [
      0.0635376,
      0.014221191
    ],
    [
      0.009681702,
      0.054626465
    ],
    [
      0.021247864,
      0.0028152466
    ],
    [
      0.038269043,
      0.103630066
    ],
    [
      -0.017707825,
      0.0033569336
    ],
    [
      0.04636383,
      -0.0019989014
    ],
    [
      -0.023590088,
      0.08647919
    ],
    [
      0.1372757,
      0.0055999756
    ],
    [
      -0.018959045,
      0.04689789
    ],
    [
      0.06738281,
      0.025718689
    ],
    [
      0.070739746,
      -0.012016296
    ],
    [
      -0.0071792603,
      -0.016700745
    ],
    [
      0.04147339,
      0.0049438477
    ],
    [
      0.06945801,
      -0.2050705
    ]
  ],
  "width" : 128
}