{
  "backend" : "mlx",
  "beam_mutation" : {
    "enabled" : true,
    "patch_size" : 10,
    "probability" : 0.02,
    "seed" : 99,
    "std" : 0.1
  },
  "channels" : 1,
  "connectivity" : [
    [
      3
    ]
  ],
  "environment" : {
    "depth" : 2,
    "passage_width" : 6,
    "type" : "cross_map",
    "wall_thickness" : 3,
    "wall_value" : -10
  },
  "flow" : {
    "dt" : 0.2,
    "n" : 2,
    "theta_A" : 2
  },
  "grid" : {
    "sx" : 128,
    "sy" : 128
  },
  "implementation" : {
    "mode" : "paper"
  },
  "init" : {
    "a_uniform" : {
      "high" : 1,
      "low" : 0
    },
    "p_uniform" : {
      "high" : 1,
      "low" : 0
    },
    "patches" : [
      {
        "center" : [
          32,
          32
        ],
        "size" : 20
      },
      {
        "center" : [
          96,
          32
        ],
        "size" : 20
      },
      {
        "center" : [
          32,
          96
        ],
        "size" : 20
      },
      {
        "center" : [
          96,
          96
        ],
        "size" : 20
      }
    ],
    "seed" : 22
  },
  "interventions" : [

  ],
  "parameter_embedding" : {
    "enabled" : true,
    "mix" : "stoch_gene_wise",
    "mix_seed" : 42
  },
  "params" : {
    "R" : 12.2121525,
    "a" : [
      [
        0.33645654,
        0.20782769,
        0.020223618
      ],
      [
        0.69768596,
        0.7637516,
        0.8624394
      ],
      [
        0.6160663,
        0.89246744,
        0.91425544
      ]
    ],
    "b" : [
      [
        0.9009692,
        0.6955296,
        0.993362
      ],
      [
        0.30703187,
        0.358369,
        0.40379238
      ],
      [
        0.75977707,
        0.90469885,
        0.52052075
      ]
    ],
    "h" : [
      0.48132366,
      0.39700055,
      0.5959315
    ],
    "m" : [
      0.39416394,
      0.48073784,
      0.36512715
    ],
    "mode" : "explicit",
    "r" : [
      0.86511296,
      0.37027922,
      0.94074905
    ],
    "s" : [
      0.07766094,
      0.0825978,
      0.100604065
    ],
    "w" : [
      [
        0.4401377,
        0.3643832,
        0.058486886
      ],
      [
        0.22452326,
        0.45990422,
        0.31001776
      ],
      [
        0.19791862,
        0.08678397,
        0.0580393
      ]
    ]
  },
  "profile" : "experimental",
  "reintegration" : {
    "border" : "wall",
    "dd" : 5,
    "sigma" : 0.65
  },
  "run" : {
    "steps" : 500
  }
}