{
  "centroids" : [
    [
      64.350296,
      65.016914
    ],
    [
      64.4771,
      65.48369
    ],
    [
      64.668434,
      65.5702
    ],
    [
      64.73384,
      65.60769
    ],
    [
      64.92261,
      65.89586
    ],
    [
      64.94652,
      65.91636
    ],
    [
      65.19826,
      65.7834
    ],
    [
      65.308395,
      66.07271
    ],
    [
      65.54934,
      66.16114
    ],
    [
      65.643074,
      66.23478
    ],
    [
      65.67502,
      66.45842
    ],
    [
      65.95603,
      66.627655
    ],
    [
      66.14906,
      66.781166
    ],
    [
      66.18222,
      67.04086
    ],
    [
      66.294205,
      67.19272
    ],
    [
      66.55873,
      67.27099
    ],
    [
      66.5653,
      67.42023
    ],
    [
      66.75374,
      67.43817
    ],
    [
      66.9671,
      67.788345
    ],
    [
      67.09099,
      67.88555
    ],
    [
      67.18916,
      68.02241
    ],
    [
      67.32474,
      68.22887
    ],
    [
      67.32924,
      68.33606
    ],
    [
      67.40316,
      68.4723
    ],
    [
      67.46003,
      68.580826
    ],
    [
      67.5742,
      68.672745
    ],
    [
      67.63275,
      68.741844
    ],
    [
      67.7303,
      68.81136
    ],
    [
      67.80201,
      68.84767
    ],
    [
      67.87629,
      68.887184
    ],
    [
      67.94051,
      68.94761
    ],
    [
      67.98189,
      69.01369
    ],
    [
      68.02473,
      69.08582
    ],
    [
      68.10965,
      69.0442
    ],
    [
      68.13699,
      69.12123
    ],
    [
      68.243866,
      69.14853
    ]
  ],
  "fps" : 12,
  "frameCount" : 36,
  "framesPath" : "releases\/discovery-20260306-movers\/runs\/crossmap-motion-c000-s0\/bc801ac6-b7cc-4b5f-9009-606a2e5bdd6e\/frames.bin",
  "height" : 128,
  "palette" : "lenia-spectrum",
  "velocities" : [
    [
      0,
      0
    ],
    [
      0.12680054,
      0.466774
    ],
    [
      0.19133759,
      0.086509705
    ],
    [
      0.0654068,
      0.037490845
    ],
    [
      0.18876648,
      0.28816986
    ],
    [
      0.023910522,
      0.020500183
    ],
    [
      0.2517395,
      -0.13295746
    ],
    [
      0.11013794,
      0.28930664
    ],
    [
      0.24094391,
      0.08843231
    ],
    [
      0.09373474,
      0.073638916
    ],
    [
      0.031944275,
      0.22364044
    ],
    [
      0.2810135,
      0.16923523
    ],
    [
      0.19303131,
      0.15351105
    ],
    [
      0.03315735,
      0.25969696
    ],
    [
      0.11198425,
      0.15185547
    ],
    [
      0.26452637,
      0.07826996
    ],
    [
      0.0065689087,
      0.14923859
    ],
    [
      0.18843842,
      0.017944336
    ],
    [
      0.21336365,
      0.35017395
    ],
    [
      0.12388611,
      0.097206116
    ],
    [
      0.09817505,
      0.13685608
    ],
    [
      0.13557434,
      0.20645905
    ],
    [
      0.004501343,
      0.10719299
    ],
    [
      0.0739212,
      0.1362381
    ],
    [
      0.056869507,
      0.10852814
    ],
    [
      0.11417389,
      0.091918945
    ],
    [
      0.058547974,
      0.069099426
    ],
    [
      0.09754944,
      0.06951904
    ],
    [
      0.07170868,
      0.03630829
    ],
    [
      0.074279785,
      0.039512634
    ],
    [
      0.06422424,
      0.060424805
    ],
    [
      0.041374207,
      0.066078186
    ],
    [
      0.04283905,
      0.072135925
    ],
    [
      0.08492279,
      -0.041625977
    ],
    [
      0.02734375,
      0.077034
    ],
    [
      0.10687256,
      0.027297974
    ]
  ],
  "width" : 128
}