{
  "centroids" : [
    [
      62.844105,
      63.123665
    ],
    [
      62.870422,
      63.135162
    ],
    [
      62.99723,
      63.242184
    ],
    [
      62.8619,
      63.120907
    ],
    [
      62.828724,
      63.133003
    ],
    [
      62.751595,
      63.083405
    ],
    [
      62.739887,
      63.107906
    ],
    [
      62.717407,
      63.10716
    ],
    [
      62.68121,
      63.07112
    ],
    [
      62.678753,
      63.05986
    ],
    [
      62.661522,
      63.05919
    ],
    [
      62.67299,
      63.05585
    ]
  ],
  "fps" : 10,
  "frameCount" : 12,
  "framesPath" : "releases\/qg-20260228-real-creatures\/runs\/qg-nnea-s300192\/c31fa7c9-5a59-4a3d-9d32-70e24a08ef57\/frames.bin",
  "height" : 128,
  "palette" : "lenia-spectrum",
  "velocities" : [
    [
      0,
      0
    ],
    [
      0.026317596,
      0.011497498
    ],
    [
      0.12680817,
      0.10702133
    ],
    [
      -0.1353302,
      -0.121276855
    ],
    [
      -0.033176422,
      0.012096405
    ],
    [
      -0.077129364,
      -0.049598694
    ],
    [
      -0.011707306,
      0.0245018
    ],
    [
      -0.022480011,
      -0.00074768066
    ],
    [
      -0.036197662,
      -0.036037445
    ],
    [
      -0.002456665,
      -0.011260986
    ],
    [
      -0.017230988,
      -0.0006713867
    ],
    [
      0.01146698,
      -0.00333786
    ]
  ],
  "width" : 128
}