{
  "backend" : "mlx",
  "channels" : 1,
  "connectivity" : [
    [
      3
    ]
  ],
  "flow" : {
    "dt" : 0.2,
    "n" : 2,
    "theta_A" : 2
  },
  "grid" : {
    "sx" : 128,
    "sy" : 128
  },
  "implementation" : {
    "mode" : "paper"
  },
  "init" : {
    "a_uniform" : {
      "high" : 1,
      "low" : 0
    },
    "p_uniform" : {
      "high" : 1,
      "low" : 0
    },
    "patches" : [
      {
        "center" : [
          32,
          32
        ],
        "size" : 24
      },
      {
        "center" : [
          96,
          96
        ],
        "size" : 24
      }
    ],
    "seed" : 300012
  },
  "interventions" : [

  ],
  "parameter_embedding" : {
    "enabled" : true,
    "mix" : "stoch",
    "mix_seed" : 42
  },
  "params" : {
    "R" : 9.399052,
    "a" : [
      [
        0.326104,
        0.6948946,
        0.6969142
      ],
      [
        0.93454385,
        0.62726647,
        0.90698785
      ],
      [
        0.78467965,
        0.91877294,
        0.58737165
      ]
    ],
    "b" : [
      [
        0.23164403,
        0.3848672,
        0.86729586
      ],
      [
        0.8465883,
        0.38944632,
        0.9028727
      ],
      [
        0.74853677,
        0.9592613,
        0.7815508
      ]
    ],
    "h" : [
      0.7926504,
      0.6416046,
      0.52971643
    ],
    "m" : [
      0.11171972,
      0.3228346,
      0.19654895
    ],
    "mode" : "explicit",
    "r" : [
      0.85821366,
      0.26201448,
      0.3179458
    ],
    "s" : [
      0.13800484,
      0.13514861,
      0.095452584
    ],
    "w" : [
      [
        0.48599738,
        0.4208774,
        0.3273333
      ],
      [
        0.04217258,
        0.46336535,
        0.14408943
      ],
      [
        0.39987373,
        0.41434655,
        0.08904512
      ]
    ]
  },
  "profile" : "experimental",
  "reintegration" : {
    "border" : "torus",
    "dd" : 5,
    "sigma" : 0.65
  },
  "run" : {
    "steps" : 500
  }
}