{
  "backend" : "mlx",
  "beam_mutation" : {
    "enabled" : true,
    "patch_size" : 10,
    "probability" : 0.02,
    "seed" : 99,
    "std" : 0.1
  },
  "channels" : 1,
  "connectivity" : [
    [
      3
    ]
  ],
  "environment" : {
    "depth" : 2,
    "passage_width" : 6,
    "type" : "cross_map",
    "wall_thickness" : 3,
    "wall_value" : -10
  },
  "flow" : {
    "dt" : 0.2,
    "n" : 2,
    "theta_A" : 2
  },
  "grid" : {
    "sx" : 128,
    "sy" : 128
  },
  "implementation" : {
    "mode" : "paper"
  },
  "init" : {
    "a_uniform" : {
      "high" : 1,
      "low" : 0
    },
    "p_uniform" : {
      "high" : 1,
      "low" : 0
    },
    "patches" : [
      {
        "center" : [
          32,
          32
        ],
        "size" : 20
      },
      {
        "center" : [
          96,
          32
        ],
        "size" : 20
      },
      {
        "center" : [
          32,
          96
        ],
        "size" : 20
      },
      {
        "center" : [
          96,
          96
        ],
        "size" : 20
      }
    ],
    "seed" : 10
  },
  "interventions" : [

  ],
  "parameter_embedding" : {
    "enabled" : true,
    "mix" : "stoch_gene_wise",
    "mix_seed" : 42
  },
  "params" : {
    "R" : 6.38023,
    "a" : [
      [
        0.17370051,
        0.058388352,
        0.49516273
      ],
      [
        0.05405122,
        0.25928944,
        0.8286621
      ],
      [
        0.28586078,
        0.21306765,
        0.33389813
      ]
    ],
    "b" : [
      [
        0.28875083,
        0.322542,
        0.3682239
      ],
      [
        0.47598064,
        0.9822269,
        0.90646756
      ],
      [
        0.35257274,
        0.09451175,
        0.3224336
      ]
    ],
    "h" : [
      0.46241462,
      0.10478002,
      0.17944527
    ],
    "m" : [
      0.25071824,
      0.3060875,
      0.3299346
    ],
    "mode" : "explicit",
    "r" : [
      0.63232654,
      0.5442237,
      0.3341344
    ],
    "s" : [
      0.07452453,
      0.06703003,
      0.019016605
    ],
    "w" : [
      [
        0.2432404,
        0.017161641,
        0.38903818
      ],
      [
        0.08887666,
        0.12152457,
        0.080210224
      ],
      [
        0.3579664,
        0.2068277,
        0.25093508
      ]
    ]
  },
  "profile" : "experimental",
  "reintegration" : {
    "border" : "wall",
    "dd" : 5,
    "sigma" : 0.65
  },
  "run" : {
    "steps" : 500
  }
}