{
  "backend" : "mlx",
  "channels" : 1,
  "connectivity" : [
    [
      3
    ]
  ],
  "flow" : {
    "dt" : 0.2,
    "n" : 2,
    "theta_A" : 2
  },
  "grid" : {
    "sx" : 128,
    "sy" : 128
  },
  "implementation" : {
    "mode" : "paper"
  },
  "init" : {
    "a_uniform" : {
      "high" : 1,
      "low" : 0
    },
    "p_uniform" : {
      "high" : 1,
      "low" : 0
    },
    "patches" : [
      {
        "center" : [
          32,
          32
        ],
        "size" : 24
      },
      {
        "center" : [
          96,
          96
        ],
        "size" : 24
      }
    ],
    "seed" : 300130
  },
  "interventions" : [

  ],
  "parameter_embedding" : {
    "enabled" : true,
    "mix" : "stoch",
    "mix_seed" : 42
  },
  "params" : {
    "R" : 5.9807873,
    "a" : [
      [
        0.7968111,
        0.9704481,
        0.3376534
      ],
      [
        0.19957751,
        0.007782638,
        0.8071143
      ],
      [
        0.3722325,
        0.7102609,
        0.75921583
      ]
    ],
    "b" : [
      [
        0.25009906,
        0.4751264,
        0.46010965
      ],
      [
        0.09479308,
        0.27369314,
        0.10214275
      ],
      [
        0.8387108,
        0.7495777,
        0.080999196
      ]
    ],
    "h" : [
      0.53406066,
      0.9832729,
      0.54540354
    ],
    "m" : [
      0.41095632,
      0.21054366,
      0.16446316
    ],
    "mode" : "explicit",
    "r" : [
      0.42461377,
      0.6665452,
      0.604462
    ],
    "s" : [
      0.05710247,
      0.1679764,
      0.05262665
    ],
    "w" : [
      [
        0.44229215,
        0.38459185,
        0.38589025
      ],
      [
        0.2035828,
        0.3661363,
        0.40519604
      ],
      [
        0.24108882,
        0.2390889,
        0.49065512
      ]
    ]
  },
  "profile" : "experimental",
  "reintegration" : {
    "border" : "torus",
    "dd" : 5,
    "sigma" : 0.65
  },
  "run" : {
    "steps" : 500
  }
}