{
  "centroids" : [
    [
      64.505,
      64.32181
    ],
    [
      64.05556,
      64.06979
    ],
    [
      63.704407,
      63.550312
    ],
    [
      63.897755,
      63.637547
    ],
    [
      63.658443,
      63.48156
    ],
    [
      63.61138,
      63.562828
    ],
    [
      63.11023,
      63.068974
    ],
    [
      63.443375,
      63.369633
    ],
    [
      63.469284,
      63.319984
    ],
    [
      63.437794,
      63.29971
    ],
    [
      63.62914,
      63.453503
    ],
    [
      63.70517,
      63.58516
    ]
  ],
  "fps" : 10,
  "frameCount" : 12,
  "framesPath" : "releases\/qg-20260228-real-creatures\/runs\/qg-nnea-s300128\/9411eb2e-795e-4e0e-82b5-2d01afb72d82\/frames.bin",
  "height" : 128,
  "palette" : "lenia-spectrum",
  "velocities" : [
    [
      0,
      0
    ],
    [
      -0.44944,
      -0.25201416
    ],
    [
      -0.3511505,
      -0.51948166
    ],
    [
      0.19334793,
      0.0872345
    ],
    [
      -0.23931122,
      -0.15598679
    ],
    [
      -0.04706192,
      0.08126831
    ],
    [
      -0.50115204,
      -0.49385452
    ],
    [
      0.33314514,
      0.30065918
    ],
    [
      0.025909424,
      -0.049648285
    ],
    [
      -0.031490326,
      -0.020275116
    ],
    [
      0.19134521,
      0.15379333
    ],
    [
      0.07603073,
      0.13165665
    ]
  ],
  "width" : 128
}