{
  "artifact_source" : "rendered_stage_media_with_replay",
  "creature" : {
    "config_hash" : "dcf445c317d3",
    "genotype" : {
      "R" : 9.486116,
      "a" : [
        [
          0.2695706,
          0.21286792,
          0.38803178
        ]
      ],
      "b" : [
        [
          0.94125915,
          0.74757355,
          0.084209144
        ]
      ],
      "h" : [
        0.3411311
      ],
      "m" : [
        0.41784617
      ],
      "r" : [
        0.50039595
      ],
      "s" : [
        0.14541271
      ],
      "w" : [
        [
          0.23625721,
          0.16296265,
          0.48042187
        ]
      ]
    },
    "id" : "0E0B5F53-386E-4AE6-A5B9-EA619AB891B7",
    "metrics" : {
      "center_velocity" : 0.001524996,
      "complexity_mean" : 0.8447571,
      "complexity_scales" : [
        0.36437988,
        0.5800781,
        0.8876953,
        1.546875
      ],
      "displacement" : 0.8768727,
      "energy_mean" : 616.04584,
      "gyration" : 1059.1261,
      "heading_rad" : 0.79143673,
      "is_stable" : true,
      "mass_max" : 787.8515,
      "mass_mean" : 787.83936,
      "mass_min" : 787.8274,
      "mass_std" : 0.35355338,
      "occupancy_mean" : 0.106051125,
      "path_length" : 1.0456975,
      "sample_count" : 24,
      "speed_count" : 23,
      "speed_mean" : 0.0018186043,
      "variance_mean" : 0.0352882,
      "velocity_x" : 0.0010718039,
      "velocity_y" : 0.0010848269
    },
    "name" : "mystic-orbiter-1041",
    "owner_id" : "local-node",
    "phenotype" : {
      "a_uniform" : {
        "high" : 1,
        "low" : 0
      },
      "patches" : [
        {
          "center" : [
            64,
            64
          ],
          "size" : 40
        }
      ],
      "seed" : 86
    },
    "score" : 8.967098,
    "score_weights" : {
      "center_velocity" : 4,
      "complexity_mean" : 0.2,
      "displacement" : 2.5,
      "path_length" : 1.5,
      "translation_ratio" : 6
    },
    "timestamp" : "2026-03-07T06:54:30.841Z"
  },
  "media" : {
    "anatomy" : {
      "deltaPath" : "releases\/orbium-like-20260307\/runs\/glider-family-luminous-spiral-4134-c000-s0\/0e0b5f53-386e-4ae6-a5b9-ea619ab891b7\/delta.png",
      "fieldPath" : "releases\/orbium-like-20260307\/runs\/glider-family-luminous-spiral-4134-c000-s0\/0e0b5f53-386e-4ae6-a5b9-ea619ab891b7\/field.png",
      "kernelPath" : "releases\/orbium-like-20260307\/runs\/glider-family-luminous-spiral-4134-c000-s0\/0e0b5f53-386e-4ae6-a5b9-ea619ab891b7\/kernel.png",
      "neighborPath" : "releases\/orbium-like-20260307\/runs\/glider-family-luminous-spiral-4134-c000-s0\/0e0b5f53-386e-4ae6-a5b9-ea619ab891b7\/neighbor.png"
    },
    "height" : 128,
    "posterPath" : "releases\/orbium-like-20260307\/runs\/glider-family-luminous-spiral-4134-c000-s0\/0e0b5f53-386e-4ae6-a5b9-ea619ab891b7\/poster.png",
    "replayPath" : "releases\/orbium-like-20260307\/runs\/glider-family-luminous-spiral-4134-c000-s0\/0e0b5f53-386e-4ae6-a5b9-ea619ab891b7\/replay.json",
    "width" : 128
  },
  "published_at" : "2026-03-07T13:04:58.303Z",
  "recorded_at" : "2026-03-07T06:54:30.841Z",
  "run_id" : "glider-family-luminous-spiral-4134-c000-s0",
  "run_name" : "glider-family-luminous-spiral-4134-c000-s0",
  "source_db" : "\/Users\/ludwig\/dev\/specter-labs\/dossiers\/lenia-swarm\/artifacts\/orbium-like-20260307-0407\/compendium.sqlite",
  "telemetry" : {
    "centroid" : {
      "x" : 0.5058162,
      "y" : 0.5030148
    },
    "headingRad" : 2.713679,
    "speed" : 0.00027233167,
    "trail" : [
      {
        "x" : 0.5049254,
        "y" : 0.50297
      },
      {
        "x" : 0.50573874,
        "y" : 0.503016
      },
      {
        "x" : 0.506064,
        "y" : 0.5031278
      }
    ],
    "vx" : -0.0002477765,
    "vy" : 0.00011301041
  }
}