{
  "artifact_source" : "rendered_stage_media_with_replay",
  "creature" : {
    "config_hash" : "dcf445c317d3",
    "genotype" : {
      "R" : 9.486116,
      "a" : [
        [
          0.2695706,
          0.21286792,
          0.38803178
        ]
      ],
      "b" : [
        [
          0.94125915,
          0.74757355,
          0.084209144
        ]
      ],
      "h" : [
        0.3411311
      ],
      "m" : [
        0.41784617
      ],
      "r" : [
        0.50039595
      ],
      "s" : [
        0.14541271
      ],
      "w" : [
        [
          0.23625721,
          0.16296265,
          0.48042187
        ]
      ]
    },
    "id" : "2288454F-A880-4B28-ABFD-DB76C74C4FDD",
    "metrics" : {
      "center_velocity" : 0.0012114283,
      "complexity_mean" : 0.840744,
      "complexity_scales" : [
        0.36297607,
        0.57910156,
        0.9169922,
        1.5039062
      ],
      "displacement" : 0.6965713,
      "energy_mean" : 674.4548,
      "gyration" : 1109.9165,
      "heading_rad" : -2.2988012,
      "is_stable" : true,
      "mass_max" : 820.0422,
      "mass_mean" : 820.0297,
      "mass_min" : 820.0171,
      "mass_std" : 0,
      "occupancy_mean" : 0.11312612,
      "path_length" : 0.79257345,
      "sample_count" : 24,
      "speed_count" : 23,
      "speed_mean" : 0.0013783886,
      "variance_mean" : 0.038660396,
      "velocity_x" : -0.00080606213,
      "velocity_y" : -0.00090433535
    },
    "name" : "pulsing-amoeba-5390",
    "owner_id" : "local-node",
    "phenotype" : {
      "a_uniform" : {
        "high" : 1,
        "low" : 0
      },
      "patches" : [
        {
          "center" : [
            64,
            64
          ],
          "size" : 40
        }
      ],
      "seed" : 43
    },
    "score" : 8.37652,
    "score_weights" : {
      "center_velocity" : 4,
      "complexity_mean" : 0.2,
      "displacement" : 2.5,
      "path_length" : 1.5,
      "translation_ratio" : 6
    },
    "timestamp" : "2026-03-07T06:54:30.840Z"
  },
  "media" : {
    "anatomy" : {
      "deltaPath" : "releases\/orbium-like-20260307\/runs\/glider-family-luminous-spiral-4134-c000-s0\/2288454f-a880-4b28-abfd-db76c74c4fdd\/delta.png",
      "fieldPath" : "releases\/orbium-like-20260307\/runs\/glider-family-luminous-spiral-4134-c000-s0\/2288454f-a880-4b28-abfd-db76c74c4fdd\/field.png",
      "kernelPath" : "releases\/orbium-like-20260307\/runs\/glider-family-luminous-spiral-4134-c000-s0\/2288454f-a880-4b28-abfd-db76c74c4fdd\/kernel.png",
      "neighborPath" : "releases\/orbium-like-20260307\/runs\/glider-family-luminous-spiral-4134-c000-s0\/2288454f-a880-4b28-abfd-db76c74c4fdd\/neighbor.png"
    },
    "height" : 128,
    "posterPath" : "releases\/orbium-like-20260307\/runs\/glider-family-luminous-spiral-4134-c000-s0\/2288454f-a880-4b28-abfd-db76c74c4fdd\/poster.png",
    "replayPath" : "releases\/orbium-like-20260307\/runs\/glider-family-luminous-spiral-4134-c000-s0\/2288454f-a880-4b28-abfd-db76c74c4fdd\/replay.json",
    "width" : 128
  },
  "published_at" : "2026-03-07T13:04:58.303Z",
  "recorded_at" : "2026-03-07T06:54:30.840Z",
  "run_id" : "glider-family-luminous-spiral-4134-c000-s0",
  "run_name" : "glider-family-luminous-spiral-4134-c000-s0",
  "source_db" : "\/Users\/ludwig\/dev\/specter-labs\/dossiers\/lenia-swarm\/artifacts\/orbium-like-20260307-0407\/compendium.sqlite",
  "telemetry" : {
    "centroid" : {
      "x" : 0.48037797,
      "y" : 0.48634008
    },
    "headingRad" : -2.3340714,
    "speed" : 0.001953837,
    "trail" : [
      {
        "x" : 0.4815375,
        "y" : 0.48575118
      },
      {
        "x" : 0.48127392,
        "y" : 0.48547632
      },
      {
        "x" : 0.48172864,
        "y" : 0.48492828
      }
    ],
    "vx" : -0.001350671,
    "vy" : -0.0014117956
  }
}