{
  "artifact_source" : "rendered_stage_media_with_replay",
  "creature" : {
    "config_hash" : "dcf445c317d3",
    "genotype" : {
      "R" : 9.486116,
      "a" : [
        [
          0.2695706,
          0.21286792,
          0.38803178
        ]
      ],
      "b" : [
        [
          0.94125915,
          0.74757355,
          0.084209144
        ]
      ],
      "h" : [
        0.3411311
      ],
      "m" : [
        0.41784617
      ],
      "r" : [
        0.50039595
      ],
      "s" : [
        0.14541271
      ],
      "w" : [
        [
          0.23625721,
          0.16296265,
          0.48042187
        ]
      ]
    },
    "id" : "31BAAE50-9ABC-475D-B6DE-38D5ED9EA328",
    "metrics" : {
      "center_velocity" : 0.001097722,
      "complexity_mean" : 0.86543274,
      "complexity_scales" : [
        0.43170166,
        0.6315918,
        0.90625,
        1.4921875
      ],
      "displacement" : 0.6311901,
      "energy_mean" : 622.9972,
      "gyration" : 1079.4312,
      "heading_rad" : -2.3960257,
      "is_stable" : true,
      "mass_max" : 823.51117,
      "mass_mean" : 823.4987,
      "mass_min" : 823.4861,
      "mass_std" : 0,
      "occupancy_mean" : 0.122316994,
      "path_length" : 0.756319,
      "sample_count" : 24,
      "speed_count" : 23,
      "speed_mean" : 0.0013153374,
      "variance_mean" : 0.035498425,
      "velocity_x" : -0.0008065,
      "velocity_y" : -0.000744682
    },
    "name" : "pulsing-amoeba-3763",
    "owner_id" : "local-node",
    "phenotype" : {
      "a_uniform" : {
        "high" : 1,
        "low" : 0
      },
      "patches" : [
        {
          "center" : [
            64,
            64
          ],
          "size" : 40
        }
      ],
      "seed" : 120
    },
    "score" : 7.897264,
    "score_weights" : {
      "center_velocity" : 4,
      "complexity_mean" : 0.2,
      "displacement" : 2.5,
      "path_length" : 1.5,
      "translation_ratio" : 6
    },
    "timestamp" : "2026-03-07T06:54:30.841Z"
  },
  "media" : {
    "anatomy" : {
      "deltaPath" : "releases\/orbium-like-20260307\/runs\/glider-family-luminous-spiral-4134-c000-s0\/31baae50-9abc-475d-b6de-38d5ed9ea328\/delta.png",
      "fieldPath" : "releases\/orbium-like-20260307\/runs\/glider-family-luminous-spiral-4134-c000-s0\/31baae50-9abc-475d-b6de-38d5ed9ea328\/field.png",
      "kernelPath" : "releases\/orbium-like-20260307\/runs\/glider-family-luminous-spiral-4134-c000-s0\/31baae50-9abc-475d-b6de-38d5ed9ea328\/kernel.png",
      "neighborPath" : "releases\/orbium-like-20260307\/runs\/glider-family-luminous-spiral-4134-c000-s0\/31baae50-9abc-475d-b6de-38d5ed9ea328\/neighbor.png"
    },
    "height" : 128,
    "posterPath" : "releases\/orbium-like-20260307\/runs\/glider-family-luminous-spiral-4134-c000-s0\/31baae50-9abc-475d-b6de-38d5ed9ea328\/poster.png",
    "replayPath" : "releases\/orbium-like-20260307\/runs\/glider-family-luminous-spiral-4134-c000-s0\/31baae50-9abc-475d-b6de-38d5ed9ea328\/replay.json",
    "width" : 128
  },
  "published_at" : "2026-03-07T13:04:58.303Z",
  "recorded_at" : "2026-03-07T06:54:30.841Z",
  "run_id" : "glider-family-luminous-spiral-4134-c000-s0",
  "run_name" : "glider-family-luminous-spiral-4134-c000-s0",
  "source_db" : "\/Users\/ludwig\/dev\/specter-labs\/dossiers\/lenia-swarm\/artifacts\/orbium-like-20260307-0407\/compendium.sqlite",
  "telemetry" : {
    "centroid" : {
      "x" : 0.49399444,
      "y" : 0.4941103
    },
    "headingRad" : -1.027882,
    "speed" : 0.00059819984,
    "trail" : [
      {
        "x" : 0.49407163,
        "y" : 0.4923834
      },
      {
        "x" : 0.49426857,
        "y" : 0.4925601
      },
      {
        "x" : 0.4936854,
        "y" : 0.4935981
      }
    ],
    "vx" : 0.00030905008,
    "vy" : -0.0005121827
  }
}