{
  "artifact_source" : "rendered_stage_media_with_replay",
  "creature" : {
    "config_hash" : "dcf445c317d3",
    "genotype" : {
      "R" : 9.486116,
      "a" : [
        [
          0.2695706,
          0.21286792,
          0.38803178
        ]
      ],
      "b" : [
        [
          0.94125915,
          0.74757355,
          0.084209144
        ]
      ],
      "h" : [
        0.3411311
      ],
      "m" : [
        0.41784617
      ],
      "r" : [
        0.50039595
      ],
      "s" : [
        0.14541271
      ],
      "w" : [
        [
          0.23625721,
          0.16296265,
          0.48042187
        ]
      ]
    },
    "id" : "33FC915E-67FE-4195-87F8-22AF8E7501F0",
    "metrics" : {
      "center_velocity" : 0.0013447724,
      "complexity_mean" : 0.82888794,
      "complexity_scales" : [
        0.34631348,
        0.5571289,
        0.8769531,
        1.5351562
      ],
      "displacement" : 0.77324414,
      "energy_mean" : 682.0627,
      "gyration" : 1074.1519,
      "heading_rad" : 0.68773824,
      "is_stable" : true,
      "mass_max" : 805.3086,
      "mass_mean" : 805.2964,
      "mass_min" : 805.2841,
      "mass_std" : 0.25,
      "occupancy_mean" : 0.10560354,
      "path_length" : 0.9732135,
      "sample_count" : 24,
      "speed_count" : 23,
      "speed_mean" : 0.0016925453,
      "variance_mean" : 0.039213944,
      "velocity_x" : 0.0010390837,
      "velocity_y" : 0.00085364963
    },
    "name" : "ancient-spiral-7071",
    "owner_id" : "local-node",
    "phenotype" : {
      "a_uniform" : {
        "high" : 1,
        "low" : 0
      },
      "patches" : [
        {
          "center" : [
            64,
            64
          ],
          "size" : 40
        }
      ],
      "seed" : 123
    },
    "score" : 8.331247,
    "score_weights" : {
      "center_velocity" : 4,
      "complexity_mean" : 0.2,
      "displacement" : 2.5,
      "path_length" : 1.5,
      "translation_ratio" : 6
    },
    "timestamp" : "2026-03-07T06:54:30.841Z"
  },
  "media" : {
    "anatomy" : {
      "deltaPath" : "releases\/orbium-like-20260307\/runs\/glider-family-luminous-spiral-4134-c000-s0\/33fc915e-67fe-4195-87f8-22af8e7501f0\/delta.png",
      "fieldPath" : "releases\/orbium-like-20260307\/runs\/glider-family-luminous-spiral-4134-c000-s0\/33fc915e-67fe-4195-87f8-22af8e7501f0\/field.png",
      "kernelPath" : "releases\/orbium-like-20260307\/runs\/glider-family-luminous-spiral-4134-c000-s0\/33fc915e-67fe-4195-87f8-22af8e7501f0\/kernel.png",
      "neighborPath" : "releases\/orbium-like-20260307\/runs\/glider-family-luminous-spiral-4134-c000-s0\/33fc915e-67fe-4195-87f8-22af8e7501f0\/neighbor.png"
    },
    "height" : 128,
    "posterPath" : "releases\/orbium-like-20260307\/runs\/glider-family-luminous-spiral-4134-c000-s0\/33fc915e-67fe-4195-87f8-22af8e7501f0\/poster.png",
    "replayPath" : "releases\/orbium-like-20260307\/runs\/glider-family-luminous-spiral-4134-c000-s0\/33fc915e-67fe-4195-87f8-22af8e7501f0\/replay.json",
    "width" : 128
  },
  "published_at" : "2026-03-07T13:04:58.303Z",
  "recorded_at" : "2026-03-07T06:54:30.841Z",
  "run_id" : "glider-family-luminous-spiral-4134-c000-s0",
  "run_name" : "glider-family-luminous-spiral-4134-c000-s0",
  "source_db" : "\/Users\/ludwig\/dev\/specter-labs\/dossiers\/lenia-swarm\/artifacts\/orbium-like-20260307-0407\/compendium.sqlite",
  "telemetry" : {
    "centroid" : {
      "x" : 0.5061621,
      "y" : 0.5063135
    },
    "headingRad" : -1.8304409,
    "speed" : 0.00030065005,
    "trail" : [
      {
        "x" : 0.5054205,
        "y" : 0.505398
      },
      {
        "x" : 0.50577754,
        "y" : 0.50571436
      },
      {
        "x" : 0.5062393,
        "y" : 0.50602293
      }
    ],
    "vx" : -7.7188015e-05,
    "vy" : -0.00029057264
  }
}