{
  "artifact_source" : "rendered_stage_media_with_replay",
  "creature" : {
    "config_hash" : "dcf445c317d3",
    "genotype" : {
      "R" : 9.486116,
      "a" : [
        [
          0.2695706,
          0.21286792,
          0.38803178
        ]
      ],
      "b" : [
        [
          0.94125915,
          0.74757355,
          0.084209144
        ]
      ],
      "h" : [
        0.3411311
      ],
      "m" : [
        0.41784617
      ],
      "r" : [
        0.50039595
      ],
      "s" : [
        0.14541271
      ],
      "w" : [
        [
          0.23625721,
          0.16296265,
          0.48042187
        ]
      ]
    },
    "id" : "46773F6B-5D1A-478E-9E61-9FA83D5E1A85",
    "metrics" : {
      "center_velocity" : 0.0011538554,
      "complexity_mean" : 0.8196411,
      "complexity_scales" : [
        0.35888672,
        0.56518555,
        0.88183594,
        1.4726562
      ],
      "displacement" : 0.6634668,
      "energy_mean" : 688.986,
      "gyration" : 1108.1487,
      "heading_rad" : -2.3054624,
      "is_stable" : true,
      "mass_max" : 806.73315,
      "mass_mean" : 806.7209,
      "mass_min" : 806.70856,
      "mass_std" : 0,
      "occupancy_mean" : 0.107411705,
      "path_length" : 0.8254888,
      "sample_count" : 24,
      "speed_count" : 23,
      "speed_mean" : 0.0014356327,
      "variance_mean" : 0.03962795,
      "velocity_x" : -0.00077347463,
      "velocity_y" : -0.00085622375
    },
    "name" : "harmonic-cell-6314",
    "owner_id" : "local-node",
    "phenotype" : {
      "a_uniform" : {
        "high" : 1,
        "low" : 0
      },
      "patches" : [
        {
          "center" : [
            64,
            64
          ],
          "size" : 40
        }
      ],
      "seed" : 45
    },
    "score" : 7.8877997,
    "score_weights" : {
      "center_velocity" : 4,
      "complexity_mean" : 0.2,
      "displacement" : 2.5,
      "path_length" : 1.5,
      "translation_ratio" : 6
    },
    "timestamp" : "2026-03-07T06:54:30.840Z"
  },
  "media" : {
    "anatomy" : {
      "deltaPath" : "releases\/orbium-like-20260307\/runs\/glider-family-luminous-spiral-4134-c000-s0\/46773f6b-5d1a-478e-9e61-9fa83d5e1a85\/delta.png",
      "fieldPath" : "releases\/orbium-like-20260307\/runs\/glider-family-luminous-spiral-4134-c000-s0\/46773f6b-5d1a-478e-9e61-9fa83d5e1a85\/field.png",
      "kernelPath" : "releases\/orbium-like-20260307\/runs\/glider-family-luminous-spiral-4134-c000-s0\/46773f6b-5d1a-478e-9e61-9fa83d5e1a85\/kernel.png",
      "neighborPath" : "releases\/orbium-like-20260307\/runs\/glider-family-luminous-spiral-4134-c000-s0\/46773f6b-5d1a-478e-9e61-9fa83d5e1a85\/neighbor.png"
    },
    "height" : 128,
    "posterPath" : "releases\/orbium-like-20260307\/runs\/glider-family-luminous-spiral-4134-c000-s0\/46773f6b-5d1a-478e-9e61-9fa83d5e1a85\/poster.png",
    "replayPath" : "releases\/orbium-like-20260307\/runs\/glider-family-luminous-spiral-4134-c000-s0\/46773f6b-5d1a-478e-9e61-9fa83d5e1a85\/replay.json",
    "width" : 128
  },
  "published_at" : "2026-03-07T13:04:58.303Z",
  "recorded_at" : "2026-03-07T06:54:30.840Z",
  "run_id" : "glider-family-luminous-spiral-4134-c000-s0",
  "run_name" : "glider-family-luminous-spiral-4134-c000-s0",
  "source_db" : "\/Users\/ludwig\/dev\/specter-labs\/dossiers\/lenia-swarm\/artifacts\/orbium-like-20260307-0407\/compendium.sqlite",
  "telemetry" : {
    "centroid" : {
      "x" : 0.49303743,
      "y" : 0.49595642
    },
    "headingRad" : 2.540337,
    "speed" : 0.00029750785,
    "trail" : [
      {
        "x" : 0.49354884,
        "y" : 0.49657014
      },
      {
        "x" : 0.49324346,
        "y" : 0.4964384
      },
      {
        "x" : 0.49328277,
        "y" : 0.4961247
      }
    ],
    "vx" : -0.00024533272,
    "vy" : 0.00016829371
  }
}