{
  "artifact_source" : "rendered_stage_media_with_replay",
  "creature" : {
    "config_hash" : "dcf445c317d3",
    "genotype" : {
      "R" : 9.486116,
      "a" : [
        [
          0.2695706,
          0.21286792,
          0.38803178
        ]
      ],
      "b" : [
        [
          0.94125915,
          0.74757355,
          0.084209144
        ]
      ],
      "h" : [
        0.3411311
      ],
      "m" : [
        0.41784617
      ],
      "r" : [
        0.50039595
      ],
      "s" : [
        0.14541271
      ],
      "w" : [
        [
          0.23625721,
          0.16296265,
          0.48042187
        ]
      ]
    },
    "id" : "63DECFD7-EC51-4A92-90E1-8BECE9C84128",
    "metrics" : {
      "center_velocity" : 0.0011405055,
      "complexity_mean" : 0.83955383,
      "complexity_scales" : [
        0.3743286,
        0.5932617,
        0.88671875,
        1.5039062
      ],
      "displacement" : 0.6557907,
      "energy_mean" : 612.341,
      "gyration" : 1075.588,
      "heading_rad" : -2.0611455,
      "is_stable" : true,
      "mass_max" : 782.2311,
      "mass_mean" : 782.21906,
      "mass_min" : 782.2073,
      "mass_std" : 0.5,
      "occupancy_mean" : 0.10661316,
      "path_length" : 0.8391982,
      "sample_count" : 24,
      "speed_count" : 23,
      "speed_mean" : 0.001459475,
      "variance_mean" : 0.03509494,
      "velocity_x" : -0.00053710275,
      "velocity_y" : -0.0010061181
    },
    "name" : "flowing-cell-1023",
    "owner_id" : "local-node",
    "phenotype" : {
      "a_uniform" : {
        "high" : 1,
        "low" : 0
      },
      "patches" : [
        {
          "center" : [
            64,
            64
          ],
          "size" : 40
        }
      ],
      "seed" : 46
    },
    "score" : 7.7594414,
    "score_weights" : {
      "center_velocity" : 4,
      "complexity_mean" : 0.2,
      "displacement" : 2.5,
      "path_length" : 1.5,
      "translation_ratio" : 6
    },
    "timestamp" : "2026-03-07T06:54:30.840Z"
  },
  "media" : {
    "anatomy" : {
      "deltaPath" : "releases\/orbium-like-20260307\/runs\/glider-family-luminous-spiral-4134-c000-s0\/63decfd7-ec51-4a92-90e1-8bece9c84128\/delta.png",
      "fieldPath" : "releases\/orbium-like-20260307\/runs\/glider-family-luminous-spiral-4134-c000-s0\/63decfd7-ec51-4a92-90e1-8bece9c84128\/field.png",
      "kernelPath" : "releases\/orbium-like-20260307\/runs\/glider-family-luminous-spiral-4134-c000-s0\/63decfd7-ec51-4a92-90e1-8bece9c84128\/kernel.png",
      "neighborPath" : "releases\/orbium-like-20260307\/runs\/glider-family-luminous-spiral-4134-c000-s0\/63decfd7-ec51-4a92-90e1-8bece9c84128\/neighbor.png"
    },
    "height" : 128,
    "posterPath" : "releases\/orbium-like-20260307\/runs\/glider-family-luminous-spiral-4134-c000-s0\/63decfd7-ec51-4a92-90e1-8bece9c84128\/poster.png",
    "replayPath" : "releases\/orbium-like-20260307\/runs\/glider-family-luminous-spiral-4134-c000-s0\/63decfd7-ec51-4a92-90e1-8bece9c84128\/replay.json",
    "width" : 128
  },
  "published_at" : "2026-03-07T13:04:58.303Z",
  "recorded_at" : "2026-03-07T06:54:30.840Z",
  "run_id" : "glider-family-luminous-spiral-4134-c000-s0",
  "run_name" : "glider-family-luminous-spiral-4134-c000-s0",
  "source_db" : "\/Users\/ludwig\/dev\/specter-labs\/dossiers\/lenia-swarm\/artifacts\/orbium-like-20260307-0407\/compendium.sqlite",
  "telemetry" : {
    "centroid" : {
      "x" : 0.49053264,
      "y" : 0.49138436
    },
    "headingRad" : 0.34529936,
    "speed" : 0.00070482364,
    "trail" : [
      {
        "x" : 0.48814085,
        "y" : 0.49155626
      },
      {
        "x" : 0.48903474,
        "y" : 0.49172395
      },
      {
        "x" : 0.48986942,
        "y" : 0.49162292
      }
    ],
    "vx" : 0.0006632209,
    "vy" : 0.00023856759
  }
}