{
  "artifact_source" : "rendered_stage_media_with_replay",
  "creature" : {
    "config_hash" : "dcf445c317d3",
    "genotype" : {
      "R" : 9.486116,
      "a" : [
        [
          0.2695706,
          0.21286792,
          0.38803178
        ]
      ],
      "b" : [
        [
          0.94125915,
          0.74757355,
          0.084209144
        ]
      ],
      "h" : [
        0.3411311
      ],
      "m" : [
        0.41784617
      ],
      "r" : [
        0.50039595
      ],
      "s" : [
        0.14541271
      ],
      "w" : [
        [
          0.23625721,
          0.16296265,
          0.48042187
        ]
      ]
    },
    "id" : "6DC166D0-8989-4D60-A7E5-E44096C94947",
    "metrics" : {
      "center_velocity" : 0.0027871756,
      "complexity_mean" : 0.8173828,
      "complexity_scales" : [
        0.3395996,
        0.5686035,
        0.8691406,
        1.4921875
      ],
      "displacement" : 1.602626,
      "energy_mean" : 662.29126,
      "gyration" : 1066.7294,
      "heading_rad" : -2.3518286,
      "is_stable" : true,
      "mass_max" : 792.14026,
      "mass_mean" : 792.1282,
      "mass_min" : 792.11615,
      "mass_std" : 0.25,
      "occupancy_mean" : 0.10467529,
      "path_length" : 1.6489102,
      "sample_count" : 24,
      "speed_count" : 23,
      "speed_mean" : 0.0028676698,
      "variance_mean" : 0.038085558,
      "velocity_x" : -0.0019622073,
      "velocity_y" : -0.0019794165
    },
    "name" : "vibrant-orbiter-0444",
    "owner_id" : "local-node",
    "phenotype" : {
      "a_uniform" : {
        "high" : 1,
        "low" : 0
      },
      "patches" : [
        {
          "center" : [
            64,
            64
          ],
          "size" : 40
        }
      ],
      "seed" : 85
    },
    "score" : 12.486139,
    "score_weights" : {
      "center_velocity" : 4,
      "complexity_mean" : 0.2,
      "displacement" : 2.5,
      "path_length" : 1.5,
      "translation_ratio" : 6
    },
    "timestamp" : "2026-03-07T06:54:30.840Z"
  },
  "media" : {
    "anatomy" : {
      "deltaPath" : "releases\/orbium-like-20260307\/runs\/glider-family-luminous-spiral-4134-c000-s0\/6dc166d0-8989-4d60-a7e5-e44096c94947\/delta.png",
      "fieldPath" : "releases\/orbium-like-20260307\/runs\/glider-family-luminous-spiral-4134-c000-s0\/6dc166d0-8989-4d60-a7e5-e44096c94947\/field.png",
      "kernelPath" : "releases\/orbium-like-20260307\/runs\/glider-family-luminous-spiral-4134-c000-s0\/6dc166d0-8989-4d60-a7e5-e44096c94947\/kernel.png",
      "neighborPath" : "releases\/orbium-like-20260307\/runs\/glider-family-luminous-spiral-4134-c000-s0\/6dc166d0-8989-4d60-a7e5-e44096c94947\/neighbor.png"
    },
    "height" : 128,
    "posterPath" : "releases\/orbium-like-20260307\/runs\/glider-family-luminous-spiral-4134-c000-s0\/6dc166d0-8989-4d60-a7e5-e44096c94947\/poster.png",
    "replayPath" : "releases\/orbium-like-20260307\/runs\/glider-family-luminous-spiral-4134-c000-s0\/6dc166d0-8989-4d60-a7e5-e44096c94947\/replay.json",
    "width" : 128
  },
  "published_at" : "2026-03-07T13:04:58.303Z",
  "recorded_at" : "2026-03-07T06:54:30.840Z",
  "run_id" : "glider-family-luminous-spiral-4134-c000-s0",
  "run_name" : "glider-family-luminous-spiral-4134-c000-s0",
  "source_db" : "\/Users\/ludwig\/dev\/specter-labs\/dossiers\/lenia-swarm\/artifacts\/orbium-like-20260307-0407\/compendium.sqlite",
  "telemetry" : {
    "centroid" : {
      "x" : 0.4894257,
      "y" : 0.48964095
    },
    "headingRad" : -2.8069875,
    "speed" : 0.00032552413,
    "trail" : [
      {
        "x" : 0.4898207,
        "y" : 0.48959538
      },
      {
        "x" : 0.4897998,
        "y" : 0.48967573
      },
      {
        "x" : 0.48973316,
        "y" : 0.48953405
      }
    ],
    "vx" : -0.00030747056,
    "vy" : -0.00010690093
  }
}