{
  "artifact_source" : "rendered_stage_media_with_replay",
  "creature" : {
    "config_hash" : "dcf445c317d3",
    "genotype" : {
      "R" : 9.486116,
      "a" : [
        [
          0.2695706,
          0.21286792,
          0.38803178
        ]
      ],
      "b" : [
        [
          0.94125915,
          0.74757355,
          0.084209144
        ]
      ],
      "h" : [
        0.3411311
      ],
      "m" : [
        0.41784617
      ],
      "r" : [
        0.50039595
      ],
      "s" : [
        0.14541271
      ],
      "w" : [
        [
          0.23625721,
          0.16296265,
          0.48042187
        ]
      ]
    },
    "id" : "DFEBD3FD-AA16-49C5-8480-FB6B2FE28413",
    "metrics" : {
      "center_velocity" : 0.0015602645,
      "complexity_mean" : 0.8551636,
      "complexity_scales" : [
        0.40185547,
        0.5998535,
        0.89941406,
        1.5195312
      ],
      "displacement" : 0.89715207,
      "energy_mean" : 612.85187,
      "gyration" : 1069.3121,
      "heading_rad" : 0.85815954,
      "is_stable" : true,
      "mass_max" : 799.10144,
      "mass_mean" : 799.0891,
      "mass_min" : 799.077,
      "mass_std" : 0.25,
      "occupancy_mean" : 0.109298706,
      "path_length" : 1.024497,
      "sample_count" : 24,
      "speed_count" : 23,
      "speed_mean" : 0.0017817339,
      "variance_mean" : 0.035026748,
      "velocity_x" : 0.0010201496,
      "velocity_y" : 0.0011805593
    },
    "name" : "crystal-amoeba-8106",
    "owner_id" : "local-node",
    "phenotype" : {
      "a_uniform" : {
        "high" : 1,
        "low" : 0
      },
      "patches" : [
        {
          "center" : [
            64,
            64
          ],
          "size" : 40
        }
      ],
      "seed" : 113
    },
    "score" : 9.2111,
    "score_weights" : {
      "center_velocity" : 4,
      "complexity_mean" : 0.2,
      "displacement" : 2.5,
      "path_length" : 1.5,
      "translation_ratio" : 6
    },
    "timestamp" : "2026-03-07T06:54:30.841Z"
  },
  "media" : {
    "anatomy" : {
      "deltaPath" : "releases\/orbium-like-20260307\/runs\/glider-family-luminous-spiral-4134-c000-s0\/dfebd3fd-aa16-49c5-8480-fb6b2fe28413\/delta.png",
      "fieldPath" : "releases\/orbium-like-20260307\/runs\/glider-family-luminous-spiral-4134-c000-s0\/dfebd3fd-aa16-49c5-8480-fb6b2fe28413\/field.png",
      "kernelPath" : "releases\/orbium-like-20260307\/runs\/glider-family-luminous-spiral-4134-c000-s0\/dfebd3fd-aa16-49c5-8480-fb6b2fe28413\/kernel.png",
      "neighborPath" : "releases\/orbium-like-20260307\/runs\/glider-family-luminous-spiral-4134-c000-s0\/dfebd3fd-aa16-49c5-8480-fb6b2fe28413\/neighbor.png"
    },
    "height" : 128,
    "posterPath" : "releases\/orbium-like-20260307\/runs\/glider-family-luminous-spiral-4134-c000-s0\/dfebd3fd-aa16-49c5-8480-fb6b2fe28413\/poster.png",
    "replayPath" : "releases\/orbium-like-20260307\/runs\/glider-family-luminous-spiral-4134-c000-s0\/dfebd3fd-aa16-49c5-8480-fb6b2fe28413\/replay.json",
    "width" : 128
  },
  "published_at" : "2026-03-07T13:04:58.303Z",
  "recorded_at" : "2026-03-07T06:54:30.841Z",
  "run_id" : "glider-family-luminous-spiral-4134-c000-s0",
  "run_name" : "glider-family-luminous-spiral-4134-c000-s0",
  "source_db" : "\/Users\/ludwig\/dev\/specter-labs\/dossiers\/lenia-swarm\/artifacts\/orbium-like-20260307-0407\/compendium.sqlite",
  "telemetry" : {
    "centroid" : {
      "x" : 0.49995598,
      "y" : 0.49734372
    },
    "headingRad" : 2.1839347,
    "speed" : 0.00024895818,
    "trail" : [
      {
        "x" : 0.4996281,
        "y" : 0.497901
      },
      {
        "x" : 0.49995124,
        "y" : 0.49784657
      },
      {
        "x" : 0.50009924,
        "y" : 0.49754733
      }
    ],
    "vx" : -0.00014325976,
    "vy" : 0.00020360947
  }
}