{
  "artifact_source" : "rendered_stage_media_with_replay",
  "creature" : {
    "config_hash" : "dcf445c317d3",
    "genotype" : {
      "R" : 9.486116,
      "a" : [
        [
          0.2695706,
          0.21286792,
          0.38803178
        ]
      ],
      "b" : [
        [
          0.94125915,
          0.74757355,
          0.084209144
        ]
      ],
      "h" : [
        0.3411311
      ],
      "m" : [
        0.41784617
      ],
      "r" : [
        0.50039595
      ],
      "s" : [
        0.14541271
      ],
      "w" : [
        [
          0.23625721,
          0.16296265,
          0.48042187
        ]
      ]
    },
    "id" : "E1E2145F-E6D1-4190-9AE9-CFF411750961",
    "metrics" : {
      "center_velocity" : 0.001098211,
      "complexity_mean" : 0.8132782,
      "complexity_scales" : [
        0.338562,
        0.5629883,
        0.875,
        1.4765625
      ],
      "displacement" : 0.63147134,
      "energy_mean" : 665.8424,
      "gyration" : 1114.6179,
      "heading_rad" : -2.223376,
      "is_stable" : true,
      "mass_max" : 785.3786,
      "mass_mean" : 785.36664,
      "mass_min" : 785.35474,
      "mass_std" : 0.25,
      "occupancy_mean" : 0.10425822,
      "path_length" : 0.7686794,
      "sample_count" : 24,
      "speed_count" : 23,
      "speed_mean" : 0.0013368337,
      "variance_mean" : 0.03834204,
      "velocity_x" : -0.00066687545,
      "velocity_y" : -0.00087255065
    },
    "name" : "flowing-dancer-0617",
    "owner_id" : "local-node",
    "phenotype" : {
      "a_uniform" : {
        "high" : 1,
        "low" : 0
      },
      "patches" : [
        {
          "center" : [
            64,
            64
          ],
          "size" : 40
        }
      ],
      "seed" : 1
    },
    "score" : 7.827755,
    "score_weights" : {
      "center_velocity" : 4,
      "complexity_mean" : 0.2,
      "displacement" : 2.5,
      "path_length" : 1.5,
      "translation_ratio" : 6
    },
    "timestamp" : "2026-03-07T06:54:30.839Z"
  },
  "media" : {
    "anatomy" : {
      "deltaPath" : "releases\/orbium-like-20260307\/runs\/glider-family-luminous-spiral-4134-c000-s0\/e1e2145f-e6d1-4190-9ae9-cff411750961\/delta.png",
      "fieldPath" : "releases\/orbium-like-20260307\/runs\/glider-family-luminous-spiral-4134-c000-s0\/e1e2145f-e6d1-4190-9ae9-cff411750961\/field.png",
      "kernelPath" : "releases\/orbium-like-20260307\/runs\/glider-family-luminous-spiral-4134-c000-s0\/e1e2145f-e6d1-4190-9ae9-cff411750961\/kernel.png",
      "neighborPath" : "releases\/orbium-like-20260307\/runs\/glider-family-luminous-spiral-4134-c000-s0\/e1e2145f-e6d1-4190-9ae9-cff411750961\/neighbor.png"
    },
    "height" : 128,
    "posterPath" : "releases\/orbium-like-20260307\/runs\/glider-family-luminous-spiral-4134-c000-s0\/e1e2145f-e6d1-4190-9ae9-cff411750961\/poster.png",
    "replayPath" : "releases\/orbium-like-20260307\/runs\/glider-family-luminous-spiral-4134-c000-s0\/e1e2145f-e6d1-4190-9ae9-cff411750961\/replay.json",
    "width" : 128
  },
  "published_at" : "2026-03-07T13:04:58.303Z",
  "recorded_at" : "2026-03-07T06:54:30.839Z",
  "run_id" : "glider-family-luminous-spiral-4134-c000-s0",
  "run_name" : "glider-family-luminous-spiral-4134-c000-s0",
  "source_db" : "\/Users\/ludwig\/dev\/specter-labs\/dossiers\/lenia-swarm\/artifacts\/orbium-like-20260307-0407\/compendium.sqlite",
  "telemetry" : {
    "centroid" : {
      "x" : 0.48917896,
      "y" : 0.48872852
    },
    "headingRad" : -2.2556193,
    "speed" : 0.0018226207,
    "trail" : [
      {
        "x" : 0.4901367,
        "y" : 0.48788878
      },
      {
        "x" : 0.4904734,
        "y" : 0.48740453
      },
      {
        "x" : 0.49033183,
        "y" : 0.48731685
      }
    ],
    "vx" : -0.001152873,
    "vy" : -0.0014116764
  }
}