{
  "centroids" : [
    [
      62.203907,
      62.311848
    ],
    [
      61.872643,
      62.126423
    ],
    [
      61.93569,
      62.12199
    ],
    [
      62.0605,
      62.24334
    ],
    [
      62.085888,
      62.26349
    ],
    [
      62.32255,
      62.439663
    ],
    [
      62.357494,
      62.453228
    ],
    [
      62.79288,
      62.94817
    ],
    [
      62.828106,
      62.915882
    ],
    [
      63.11953,
      63.137417
    ],
    [
      63.370255,
      63.437283
    ],
    [
      63.262802,
      63.33497
    ]
  ],
  "fps" : 10,
  "frameCount" : 12,
  "framesPath" : "releases\/qg-20260228-real-creatures\/runs\/qg-nnea-s300000\/a6176d07-a721-4429-bfc0-9075d2aa0b74\/frames.bin",
  "height" : 128,
  "palette" : "lenia-spectrum",
  "velocities" : [
    [
      0,
      0
    ],
    [
      -0.3312645,
      -0.1854248
    ],
    [
      0.06304932,
      -0.004432678
    ],
    [
      0.124809265,
      0.121349335
    ],
    [
      0.02538681,
      0.020149231
    ],
    [
      0.23666382,
      0.17617416
    ],
    [
      0.034942627,
      0.0135650635
    ],
    [
      0.43538666,
      0.4949417
    ],
    [
      0.035224915,
      -0.032287598
    ],
    [
      0.2914238,
      0.22153473
    ],
    [
      0.2507248,
      0.29986572
    ],
    [
      -0.10745239,
      -0.102313995
    ]
  ],
  "width" : 128
}