{
  "centroids" : [
    [
      63.319103,
      62.9111
    ],
    [
      63.334606,
      62.922497
    ],
    [
      63.36467,
      62.936283
    ],
    [
      63.33166,
      62.89074
    ],
    [
      63.36313,
      62.908966
    ],
    [
      63.34909,
      62.90131
    ],
    [
      63.342392,
      62.891045
    ],
    [
      63.330517,
      62.88107
    ],
    [
      63.32418,
      62.865414
    ],
    [
      63.30543,
      62.846146
    ],
    [
      63.3176,
      62.856712
    ],
    [
      63.306225,
      62.858074
    ]
  ],
  "fps" : 10,
  "frameCount" : 12,
  "framesPath" : "releases\/qg-20260228-real-creatures\/runs\/qg-nnea-s300160\/88127413-d80a-4279-b969-926c84e8aebc\/frames.bin",
  "height" : 128,
  "palette" : "lenia-spectrum",
  "velocities" : [
    [
      0,
      0
    ],
    [
      0.01550293,
      0.011398315
    ],
    [
      0.03006363,
      0.013786316
    ],
    [
      -0.033008575,
      -0.04554367
    ],
    [
      0.031467438,
      0.018226624
    ],
    [
      -0.014038086,
      -0.0076560974
    ],
    [
      -0.0066986084,
      -0.01026535
    ],
    [
      -0.011875153,
      -0.009975433
    ],
    [
      -0.006336212,
      -0.015655518
    ],
    [
      -0.018749237,
      -0.019268036
    ],
    [
      0.012168884,
      0.010566711
    ],
    [
      -0.011375427,
      0.0013618469
    ]
  ],
  "width" : 128
}