{
  "backend" : "mlx",
  "beam_mutation" : {
    "enabled" : true,
    "patch_size" : 10,
    "probability" : 0.02,
    "seed" : 99,
    "std" : 0.1
  },
  "channels" : 1,
  "connectivity" : [
    [
      3
    ]
  ],
  "environment" : {
    "depth" : 2,
    "passage_width" : 6,
    "type" : "cross_map",
    "wall_thickness" : 3,
    "wall_value" : -10
  },
  "flow" : {
    "dt" : 0.2,
    "n" : 2,
    "theta_A" : 2
  },
  "grid" : {
    "sx" : 128,
    "sy" : 128
  },
  "implementation" : {
    "mode" : "paper"
  },
  "init" : {
    "a_uniform" : {
      "high" : 1,
      "low" : 0
    },
    "p_uniform" : {
      "high" : 1,
      "low" : 0
    },
    "patches" : [
      {
        "center" : [
          32,
          32
        ],
        "size" : 20
      },
      {
        "center" : [
          96,
          32
        ],
        "size" : 20
      },
      {
        "center" : [
          32,
          96
        ],
        "size" : 20
      },
      {
        "center" : [
          96,
          96
        ],
        "size" : 20
      }
    ],
    "seed" : 57
  },
  "interventions" : [

  ],
  "parameter_embedding" : {
    "enabled" : true,
    "mix" : "stoch_gene_wise",
    "mix_seed" : 42
  },
  "params" : {
    "R" : 11.531165,
    "a" : [
      [
        0.55517244,
        0.9478114,
        0.18927044
      ],
      [
        0.38489765,
        0.40633345,
        0.37542456
      ],
      [
        0.7084806,
        0.56032723,
        0.8108404
      ]
    ],
    "b" : [
      [
        0.7451873,
        0.34474427,
        0.75150007
      ],
      [
        0.48424572,
        0.99358106,
        0.85223424
      ],
      [
        0.8814803,
        0.4916337,
        0.008381903
      ]
    ],
    "h" : [
      0.57458234,
      0.54603654,
      0.3968721
    ],
    "m" : [
      0.32514912,
      0.29320216,
      0.2618406
    ],
    "mode" : "explicit",
    "r" : [
      0.6158101,
      0.4834658,
      0.6491176
    ],
    "s" : [
      0.111886755,
      0.045721047,
      0.048658278
    ],
    "w" : [
      [
        0.12521274,
        0.34176707,
        0.09419112
      ],
      [
        0.054768696,
        0.24502586,
        0.46117085
      ],
      [
        0.43058696,
        0.46705002,
        0.3731051
      ]
    ]
  },
  "profile" : "experimental",
  "reintegration" : {
    "border" : "wall",
    "dd" : 5,
    "sigma" : 0.65
  },
  "run" : {
    "steps" : 500
  }
}