{
  "centroids" : [
    [
      63.540634,
      64.8495
    ],
    [
      63.61784,
      65.03644
    ],
    [
      63.98801,
      64.99264
    ],
    [
      63.83831,
      65.250145
    ],
    [
      63.965153,
      65.5791
    ],
    [
      64.076805,
      65.52511
    ],
    [
      64.190865,
      65.62981
    ],
    [
      64.29344,
      65.79404
    ],
    [
      64.611374,
      66.06124
    ],
    [
      64.74097,
      66.2543
    ],
    [
      65.0865,
      66.185425
    ],
    [
      65.21272,
      66.440285
    ],
    [
      65.36455,
      66.82732
    ],
    [
      65.34497,
      67.12623
    ],
    [
      65.5332,
      67.12959
    ],
    [
      65.74656,
      67.413315
    ],
    [
      65.85144,
      67.565926
    ],
    [
      65.80553,
      67.684166
    ],
    [
      66.17808,
      67.87143
    ],
    [
      66.292625,
      67.89846
    ],
    [
      66.28948,
      68.03244
    ],
    [
      66.47214,
      68.09532
    ],
    [
      66.42354,
      68.25166
    ],
    [
      66.55709,
      68.42814
    ],
    [
      66.63354,
      68.41828
    ],
    [
      66.722,
      68.53078
    ],
    [
      66.8388,
      68.51502
    ],
    [
      66.93851,
      68.55252
    ],
    [
      66.9594,
      68.68364
    ],
    [
      67.08944,
      68.71704
    ],
    [
      67.17167,
      68.819084
    ],
    [
      67.25807,
      68.73005
    ],
    [
      67.26747,
      68.907616
    ],
    [
      67.333534,
      68.91031
    ],
    [
      67.32402,
      68.95929
    ],
    [
      67.46636,
      68.90384
    ]
  ],
  "fps" : 12,
  "frameCount" : 36,
  "framesPath" : "releases\/discovery-20260306-movers\/runs\/crossmap-motion-c001-s32\/d565b52c-0881-4314-814c-e4852cfc2be7\/frames.bin",
  "height" : 128,
  "palette" : "lenia-spectrum",
  "velocities" : [
    [
      0,
      0
    ],
    [
      0.07720566,
      0.18693542
    ],
    [
      0.3701706,
      -0.043800354
    ],
    [
      -0.14970016,
      0.25750732
    ],
    [
      0.1268425,
      0.3289566
    ],
    [
      0.111652374,
      -0.053993225
    ],
    [
      0.11405945,
      0.10469818
    ],
    [
      0.10257721,
      0.16423035
    ],
    [
      0.31793213,
      0.26720428
    ],
    [
      0.1295929,
      0.19306183
    ],
    [
      0.34553528,
      -0.068878174
    ],
    [
      0.1262207,
      0.25485992
    ],
    [
      0.15182495,
      0.38703156
    ],
    [
      -0.019577026,
      0.29891205
    ],
    [
      0.18823242,
      0.003364563
    ],
    [
      0.21335602,
      0.28372192
    ],
    [
      0.10488129,
      0.15261078
    ],
    [
      -0.045913696,
      0.11824036
    ],
    [
      0.37255096,
      0.18726349
    ],
    [
      0.11454773,
      0.027030945
    ],
    [
      -0.0031433105,
      0.1339798
    ],
    [
      0.18265533,
      0.06288147
    ],
    [
      -0.048599243,
      0.15634155
    ],
    [
      0.13355255,
      0.17647552
    ],
    [
      0.07644653,
      -0.009857178
    ],
    [
      0.08846283,
      0.11249542
    ],
    [
      0.1167984,
      -0.0157547
    ],
    [
      0.09970856,
      0.037498474
    ],
    [
      0.020889282,
      0.13111877
    ],
    [
      0.13004303,
      0.03340149
    ],
    [
      0.082229614,
      0.10204315
    ],
    [
      0.08640289,
      -0.089035034
    ],
    [
      0.009399414,
      0.17756653
    ],
    [
      0.06606293,
      0.0026931763
    ],
    [
      -0.009513855,
      0.048980713
    ],
    [
      0.14234161,
      -0.05545044
    ]
  ],
  "width" : 128
}