{
  "backend" : "mlx",
  "beam_mutation" : {
    "enabled" : true,
    "patch_size" : 10,
    "probability" : 0.02,
    "seed" : 99,
    "std" : 0.1
  },
  "channels" : 1,
  "connectivity" : [
    [
      3
    ]
  ],
  "environment" : {
    "depth" : 2,
    "passage_width" : 6,
    "type" : "cross_map",
    "wall_thickness" : 3,
    "wall_value" : -10
  },
  "flow" : {
    "dt" : 0.2,
    "n" : 2,
    "theta_A" : 2
  },
  "grid" : {
    "sx" : 128,
    "sy" : 128
  },
  "implementation" : {
    "mode" : "paper"
  },
  "init" : {
    "a_uniform" : {
      "high" : 1,
      "low" : 0
    },
    "p_uniform" : {
      "high" : 1,
      "low" : 0
    },
    "patches" : [
      {
        "center" : [
          32,
          32
        ],
        "size" : 20
      },
      {
        "center" : [
          96,
          32
        ],
        "size" : 20
      },
      {
        "center" : [
          32,
          96
        ],
        "size" : 20
      },
      {
        "center" : [
          96,
          96
        ],
        "size" : 20
      }
    ],
    "seed" : 27
  },
  "interventions" : [

  ],
  "parameter_embedding" : {
    "enabled" : true,
    "mix" : "stoch_gene_wise",
    "mix_seed" : 42
  },
  "params" : {
    "R" : 13.720321,
    "a" : [
      [
        0.8798188,
        0.23481846,
        0.6076404
      ],
      [
        0.01562965,
        0.22255552,
        0.7428448
      ],
      [
        0.9844761,
        0.9608043,
        0.6563675
      ]
    ],
    "b" : [
      [
        0.36885458,
        0.4354604,
        0.3100195
      ],
      [
        0.5190521,
        0.8683293,
        0.23622465
      ],
      [
        0.13235366,
        0.028631866,
        0.97080857
      ]
    ],
    "h" : [
      0.9926452,
      0.6517891,
      0.31086057
    ],
    "m" : [
      0.117426366,
      0.2568172,
      0.4805007
    ],
    "mode" : "explicit",
    "r" : [
      0.47970003,
      0.71806633,
      0.28938642
    ],
    "s" : [
      0.07427995,
      0.1310797,
      0.104114175
    ],
    "w" : [
      [
        0.309108,
        0.18769114,
        0.4654204
      ],
      [
        0.047363617,
        0.4856772,
        0.24742265
      ],
      [
        0.034102097,
        0.44057366,
        0.3955449
      ]
    ]
  },
  "profile" : "experimental",
  "reintegration" : {
    "border" : "wall",
    "dd" : 5,
    "sigma" : 0.65
  },
  "run" : {
    "steps" : 500
  }
}