{
  "backend" : "mlx",
  "channels" : 1,
  "connectivity" : [
    [
      3
    ]
  ],
  "flow" : {
    "dt" : 0.2,
    "n" : 2,
    "theta_A" : 2
  },
  "grid" : {
    "sx" : 128,
    "sy" : 128
  },
  "implementation" : {
    "mode" : "paper"
  },
  "init" : {
    "a_uniform" : {
      "high" : 1,
      "low" : 0
    },
    "p_uniform" : {
      "high" : 1,
      "low" : 0
    },
    "patches" : [
      {
        "center" : [
          32,
          32
        ],
        "size" : 24
      },
      {
        "center" : [
          96,
          96
        ],
        "size" : 24
      }
    ],
    "seed" : 300177
  },
  "interventions" : [

  ],
  "parameter_embedding" : {
    "enabled" : true,
    "mix" : "stoch",
    "mix_seed" : 42
  },
  "params" : {
    "R" : 14.850012,
    "a" : [
      [
        0.009858847,
        0.65057445,
        0.7080422
      ],
      [
        0.77118546,
        0.021691501,
        0.57265997
      ],
      [
        0.924792,
        0.5756849,
        0.88184166
      ]
    ],
    "b" : [
      [
        0.18792248,
        0.2657388,
        0.33482385
      ],
      [
        0.49257416,
        0.2739305,
        0.11868131
      ],
      [
        0.9538606,
        0.32595545,
        0.03584802
      ]
    ],
    "h" : [
      0.9660155,
      0.69630414,
      0.9588403
    ],
    "m" : [
      0.46489936,
      0.32762098,
      0.4324205
    ],
    "mode" : "explicit",
    "r" : [
      0.5675428,
      0.6862401,
      0.5532815
    ],
    "s" : [
      0.045140862,
      0.02758589,
      0.18199262
    ],
    "w" : [
      [
        0.36709997,
        0.2521765,
        0.39985427
      ],
      [
        0.11550034,
        0.21648397,
        0.43915957
      ],
      [
        0.4576029,
        0.21493554,
        0.41047254
      ]
    ]
  },
  "profile" : "experimental",
  "reintegration" : {
    "border" : "torus",
    "dd" : 5,
    "sigma" : 0.65
  },
  "run" : {
    "steps" : 500
  }
}