{
  "centroids" : [
    [
      64.70079,
      64.613396
    ],
    [
      64.31907,
      64.290596
    ],
    [
      64.18503,
      64.14613
    ],
    [
      63.949505,
      63.87378
    ],
    [
      63.619873,
      63.48546
    ],
    [
      63.29725,
      63.18312
    ],
    [
      62.91978,
      62.847454
    ],
    [
      62.924118,
      62.86389
    ],
    [
      62.862617,
      62.79874
    ],
    [
      62.865036,
      62.72711
    ],
    [
      62.842854,
      62.687206
    ],
    [
      62.923985,
      62.76837
    ]
  ],
  "fps" : 10,
  "frameCount" : 12,
  "framesPath" : "releases\/qg-20260228-real-creatures\/runs\/qg-nnea-s300160\/f127c2a0-4477-4564-b0cb-99b7cc853fa5\/frames.bin",
  "height" : 128,
  "palette" : "lenia-spectrum",
  "velocities" : [
    [
      0,
      0
    ],
    [
      -0.3817215,
      -0.32279968
    ],
    [
      -0.13404083,
      -0.14446259
    ],
    [
      -0.23552322,
      -0.27235413
    ],
    [
      -0.3296318,
      -0.38832092
    ],
    [
      -0.3226242,
      -0.30233765
    ],
    [
      -0.3774681,
      -0.33566666
    ],
    [
      0.004337311,
      0.01643753
    ],
    [
      -0.06150055,
      -0.065151215
    ],
    [
      0.002418518,
      -0.07162857
    ],
    [
      -0.022182465,
      -0.039905548
    ],
    [
      0.08113098,
      0.08116531
    ]
  ],
  "width" : 128
}