{
  "backend" : "mlx",
  "beam_mutation" : {
    "enabled" : true,
    "patch_size" : 10,
    "probability" : 0.02,
    "seed" : 99,
    "std" : 0.1
  },
  "channels" : 1,
  "connectivity" : [
    [
      3
    ]
  ],
  "environment" : {
    "depth" : 2,
    "passage_width" : 6,
    "type" : "cross_map",
    "wall_thickness" : 3,
    "wall_value" : -10
  },
  "flow" : {
    "dt" : 0.2,
    "n" : 2,
    "theta_A" : 2
  },
  "grid" : {
    "sx" : 128,
    "sy" : 128
  },
  "implementation" : {
    "mode" : "paper"
  },
  "init" : {
    "a_uniform" : {
      "high" : 1,
      "low" : 0
    },
    "p_uniform" : {
      "high" : 1,
      "low" : 0
    },
    "patches" : [
      {
        "center" : [
          32,
          32
        ],
        "size" : 20
      },
      {
        "center" : [
          96,
          32
        ],
        "size" : 20
      },
      {
        "center" : [
          32,
          96
        ],
        "size" : 20
      },
      {
        "center" : [
          96,
          96
        ],
        "size" : 20
      }
    ],
    "seed" : 95
  },
  "interventions" : [

  ],
  "parameter_embedding" : {
    "enabled" : true,
    "mix" : "stoch_gene_wise",
    "mix_seed" : 42
  },
  "params" : {
    "R" : 5.1484995,
    "a" : [
      [
        0.1851688,
        0.3418107,
        0.82500297
      ],
      [
        0.756995,
        0.3291226,
        0.08942908
      ],
      [
        0.5799777,
        0.5171666,
        0.37143666
      ]
    ],
    "b" : [
      [
        0.30397934,
        0.6463133,
        0.97710913
      ],
      [
        0.14513773,
        0.76704746,
        0.55732
      ],
      [
        0.54840755,
        0.26381123,
        0.43254858
      ]
    ],
    "h" : [
      0.8816223,
      0.8596143,
      0.43053228
    ],
    "m" : [
      0.104260415,
      0.1460785,
      0.4449417
    ],
    "mode" : "explicit",
    "r" : [
      0.9058674,
      0.28850245,
      0.8876711
    ],
    "s" : [
      0.17732805,
      0.081012286,
      0.12660939
    ],
    "w" : [
      [
        0.43302456,
        0.21090986,
        0.47967553
      ],
      [
        0.3160859,
        0.17418034,
        0.21000719
      ],
      [
        0.21989565,
        0.4814271,
        0.23419954
      ]
    ]
  },
  "profile" : "experimental",
  "reintegration" : {
    "border" : "wall",
    "dd" : 5,
    "sigma" : 0.65
  },
  "run" : {
    "steps" : 500
  }
}