{
  "backend" : "mlx",
  "beam_mutation" : {
    "enabled" : true,
    "patch_size" : 10,
    "probability" : 0.02,
    "seed" : 99,
    "std" : 0.1
  },
  "channels" : 1,
  "connectivity" : [
    [
      3
    ]
  ],
  "environment" : {
    "depth" : 2,
    "passage_width" : 6,
    "type" : "cross_map",
    "wall_thickness" : 3,
    "wall_value" : -10
  },
  "flow" : {
    "dt" : 0.2,
    "n" : 2,
    "theta_A" : 2
  },
  "grid" : {
    "sx" : 128,
    "sy" : 128
  },
  "implementation" : {
    "mode" : "paper"
  },
  "init" : {
    "a_uniform" : {
      "high" : 1,
      "low" : 0
    },
    "p_uniform" : {
      "high" : 1,
      "low" : 0
    },
    "patches" : [
      {
        "center" : [
          32,
          32
        ],
        "size" : 20
      },
      {
        "center" : [
          96,
          32
        ],
        "size" : 20
      },
      {
        "center" : [
          32,
          96
        ],
        "size" : 20
      },
      {
        "center" : [
          96,
          96
        ],
        "size" : 20
      }
    ],
    "seed" : 73
  },
  "interventions" : [

  ],
  "parameter_embedding" : {
    "enabled" : true,
    "mix" : "stoch_gene_wise",
    "mix_seed" : 42
  },
  "params" : {
    "R" : 4.2856784,
    "a" : [
      [
        0.6200243,
        0.71498203,
        0.51492554
      ],
      [
        0.5615559,
        0.9020605,
        0.45386237
      ],
      [
        0.47783995,
        0.069290996,
        0.4226113
      ]
    ],
    "b" : [
      [
        0.5387701,
        0.5986238,
        0.11602032
      ],
      [
        0.55908215,
        0.5640509,
        0.58197147
      ],
      [
        0.7498942,
        0.7936896,
        0.9457285
      ]
    ],
    "h" : [
      0.031915307,
      0.5370247,
      0.15796518
    ],
    "m" : [
      0.18835498,
      0.16592966,
      0.18873599
    ],
    "mode" : "explicit",
    "r" : [
      0.4508252,
      0.29230165,
      0.7949161
    ],
    "s" : [
      0.057895165,
      0.17552659,
      0.07540765
    ],
    "w" : [
      [
        0.36296883,
        0.4101699,
        0.47204873
      ],
      [
        0.16319394,
        0.4318077,
        0.08083045
      ],
      [
        0.12568209,
        0.38912538,
        0.15129603
      ]
    ]
  },
  "profile" : "experimental",
  "reintegration" : {
    "border" : "wall",
    "dd" : 5,
    "sigma" : 0.65
  },
  "run" : {
    "steps" : 500
  }
}