{
  "backend" : "mlx",
  "channels" : 1,
  "connectivity" : [
    [
      3
    ]
  ],
  "flow" : {
    "dt" : 0.2,
    "n" : 2,
    "theta_A" : 2
  },
  "grid" : {
    "sx" : 128,
    "sy" : 128
  },
  "implementation" : {
    "mode" : "paper"
  },
  "init" : {
    "a_uniform" : {
      "high" : 1,
      "low" : 0
    },
    "p_uniform" : {
      "high" : 1,
      "low" : 0
    },
    "patches" : [
      {
        "center" : [
          32,
          32
        ],
        "size" : 24
      },
      {
        "center" : [
          96,
          96
        ],
        "size" : 24
      }
    ],
    "seed" : 300181
  },
  "interventions" : [

  ],
  "parameter_embedding" : {
    "enabled" : true,
    "mix" : "stoch",
    "mix_seed" : 42
  },
  "params" : {
    "R" : 6.328963,
    "a" : [
      [
        0.5097734,
        0.3282771,
        0.6105641
      ],
      [
        0.57321393,
        0.40633607,
        0.5904277
      ],
      [
        0.35421932,
        0.21640956,
        0.29151982
      ]
    ],
    "b" : [
      [
        0.8649458,
        0.8012529,
        0.25976455
      ],
      [
        0.5537682,
        0.14735186,
        0.95238304
      ],
      [
        0.65486485,
        0.3764766,
        0.6083904
      ]
    ],
    "h" : [
      0.47241586,
      0.42935127,
      0.48927516
    ],
    "m" : [
      0.33705398,
      0.32362983,
      0.42161041
    ],
    "mode" : "explicit",
    "r" : [
      0.7637231,
      0.22833557,
      0.35594076
    ],
    "s" : [
      0.121270746,
      0.13264912,
      0.119865716
    ],
    "w" : [
      [
        0.38447922,
        0.15940039,
        0.38545242
      ],
      [
        0.023378694,
        0.25044927,
        0.37260878
      ],
      [
        0.06903894,
        0.030868614,
        0.31814504
      ]
    ]
  },
  "profile" : "experimental",
  "reintegration" : {
    "border" : "torus",
    "dd" : 5,
    "sigma" : 0.65
  },
  "run" : {
    "steps" : 500
  }
}