{
  "centroids" : [
    [
      61.63016,
      61.445736
    ],
    [
      61.83285,
      61.606915
    ],
    [
      61.912655,
      61.652462
    ],
    [
      61.736797,
      61.44002
    ],
    [
      61.75117,
      61.51919
    ],
    [
      61.655807,
      61.402725
    ],
    [
      61.809032,
      61.619965
    ],
    [
      62.061367,
      61.86996
    ],
    [
      61.917953,
      61.715683
    ],
    [
      62.106068,
      61.89577
    ],
    [
      62.159397,
      61.967285
    ],
    [
      62.20645,
      62.00376
    ]
  ],
  "fps" : 10,
  "frameCount" : 12,
  "framesPath" : "releases\/qg-20260228-real-creatures\/runs\/qg-nnea-s300160\/5bbcadad-c815-40fa-9430-6ea2faa7a854\/frames.bin",
  "height" : 128,
  "palette" : "lenia-spectrum",
  "velocities" : [
    [
      0,
      0
    ],
    [
      0.20269012,
      0.16117859
    ],
    [
      0.07980347,
      0.045547485
    ],
    [
      -0.17585754,
      -0.21244049
    ],
    [
      0.014373779,
      0.07917023
    ],
    [
      -0.09536362,
      -0.11646652
    ],
    [
      0.15322495,
      0.21723938
    ],
    [
      0.2523346,
      0.24999619
    ],
    [
      -0.14341354,
      -0.1542778
    ],
    [
      0.18811417,
      0.18008804
    ],
    [
      0.053329468,
      0.07151413
    ],
    [
      0.04705429,
      0.036476135
    ]
  ],
  "width" : 128
}