{
  "backend" : "mlx",
  "beam_mutation" : {
    "enabled" : true,
    "patch_size" : 10,
    "probability" : 0.02,
    "seed" : 99,
    "std" : 0.1
  },
  "channels" : 1,
  "connectivity" : [
    [
      3
    ]
  ],
  "environment" : {
    "depth" : 2,
    "passage_width" : 6,
    "type" : "cross_map",
    "wall_thickness" : 3,
    "wall_value" : -10
  },
  "flow" : {
    "dt" : 0.2,
    "n" : 2,
    "theta_A" : 2
  },
  "grid" : {
    "sx" : 128,
    "sy" : 128
  },
  "implementation" : {
    "mode" : "paper"
  },
  "init" : {
    "a_uniform" : {
      "high" : 1,
      "low" : 0
    },
    "p_uniform" : {
      "high" : 1,
      "low" : 0
    },
    "patches" : [
      {
        "center" : [
          32,
          32
        ],
        "size" : 20
      },
      {
        "center" : [
          96,
          32
        ],
        "size" : 20
      },
      {
        "center" : [
          32,
          96
        ],
        "size" : 20
      },
      {
        "center" : [
          96,
          96
        ],
        "size" : 20
      }
    ],
    "seed" : 84
  },
  "interventions" : [

  ],
  "parameter_embedding" : {
    "enabled" : true,
    "mix" : "stoch_gene_wise",
    "mix_seed" : 42
  },
  "params" : {
    "R" : 10.578058,
    "a" : [
      [
        0.8775935,
        0.5414568,
        0.04695022
      ],
      [
        0.9142976,
        0.54952294,
        0.32138216
      ],
      [
        0.42817956,
        0.78087497,
        0.9059175
      ]
    ],
    "b" : [
      [
        0.8738555,
        0.524664,
        0.9466526
      ],
      [
        0.62569827,
        0.41568804,
        0.757838
      ],
      [
        0.96035403,
        0.36714727,
        0.003550768
      ]
    ],
    "h" : [
      0.88428426,
      0.032841504,
      0.9793565
    ],
    "m" : [
      0.18502009,
      0.39193338,
      0.19737388
    ],
    "mode" : "explicit",
    "r" : [
      0.356714,
      0.5445649,
      0.92954785
    ],
    "s" : [
      0.103404924,
      0.09360136,
      0.039939754
    ],
    "w" : [
      [
        0.40631506,
        0.16711596,
        0.2270968
      ],
      [
        0.2440181,
        0.46242088,
        0.20716135
      ],
      [
        0.07277048,
        0.3362545,
        0.47460788
      ]
    ]
  },
  "profile" : "experimental",
  "reintegration" : {
    "border" : "wall",
    "dd" : 5,
    "sigma" : 0.65
  },
  "run" : {
    "steps" : 500
  }
}