{
  "centroids" : [
    [
      63.489063,
      63.68082
    ],
    [
      63.625534,
      63.899815
    ],
    [
      63.78068,
      63.93253
    ],
    [
      63.950203,
      64.07267
    ],
    [
      64.03456,
      64.181076
    ],
    [
      64.28548,
      64.39828
    ],
    [
      64.48874,
      64.512825
    ],
    [
      64.56763,
      64.82776
    ],
    [
      64.61457,
      64.74689
    ],
    [
      64.79511,
      65.03757
    ],
    [
      64.88219,
      65.24512
    ],
    [
      64.98272,
      65.31715
    ],
    [
      65.157745,
      65.428085
    ],
    [
      65.21716,
      65.574104
    ],
    [
      65.36866,
      65.74309
    ],
    [
      65.57224,
      65.84604
    ],
    [
      65.65299,
      65.95163
    ],
    [
      65.80223,
      66.0523
    ],
    [
      66.09548,
      66.45272
    ],
    [
      66.26662,
      66.517715
    ],
    [
      66.37942,
      66.722084
    ],
    [
      66.44716,
      66.832726
    ],
    [
      66.50266,
      66.91852
    ],
    [
      66.580284,
      67.04007
    ],
    [
      66.64354,
      67.13663
    ],
    [
      66.75054,
      67.19976
    ],
    [
      66.843796,
      67.2642
    ],
    [
      66.92812,
      67.31525
    ],
    [
      67.04027,
      67.445724
    ],
    [
      67.16278,
      67.439125
    ],
    [
      67.25973,
      67.49353
    ],
    [
      67.346054,
      67.52703
    ],
    [
      67.35354,
      67.60525
    ],
    [
      67.38903,
      67.646454
    ],
    [
      67.4959,
      67.71066
    ],
    [
      67.55008,
      67.77567
    ]
  ],
  "fps" : 12,
  "frameCount" : 36,
  "framesPath" : "releases\/discovery-20260306-movers\/runs\/crossmap-motion-c002-s64\/52eeedf0-9ed0-48a3-8f27-81fd95df3ae0\/frames.bin",
  "height" : 128,
  "palette" : "lenia-spectrum",
  "velocities" : [
    [
      0,
      0
    ],
    [
      0.1364708,
      0.21899414
    ],
    [
      0.15514755,
      0.032714844
    ],
    [
      0.16952133,
      0.14014053
    ],
    [
      0.084358215,
      0.10840607
    ],
    [
      0.25091553,
      0.21720123
    ],
    [
      0.20326233,
      0.11454773
    ],
    [
      0.07888794,
      0.31493378
    ],
    [
      0.046943665,
      -0.08087158
    ],
    [
      0.18054199,
      0.29067993
    ],
    [
      0.08707428,
      0.20755005
    ],
    [
      0.10053253,
      0.072029114
    ],
    [
      0.17502594,
      0.110939026
    ],
    [
      0.059417725,
      0.14601898
    ],
    [
      0.15149689,
      0.16898346
    ],
    [
      0.20358276,
      0.10295105
    ],
    [
      0.08074951,
      0.10559082
    ],
    [
      0.14923859,
      0.10066986
    ],
    [
      0.29325104,
      0.40042114
    ],
    [
      0.17113495,
      0.06499481
    ],
    [
      0.1128006,
      0.20436859
    ],
    [
      0.067741394,
      0.11064148
    ],
    [
      0.055503845,
      0.08579254
    ],
    [
      0.07762146,
      0.12155151
    ],
    [
      0.06325531,
      0.09655762
    ],
    [
      0.10700226,
      0.06313324
    ],
    [
      0.09325409,
      0.064437866
    ],
    [
      0.0843277,
      0.05104828
    ],
    [
      0.11214447,
      0.1304779
    ],
    [
      0.12251282,
      -0.0065994263
    ],
    [
      0.09694672,
      0.054405212
    ],
    [
      0.0863266,
      0.03350067
    ],
    [
      0.007484436,
      0.07821655
    ],
    [
      0.035491943,
      0.04120636
    ],
    [
      0.10687256,
      0.064208984
    ],
    [
      0.05417633,
      0.06501007
    ]
  ],
  "width" : 128
}