{
  "backend" : "mlx",
  "beam_mutation" : {
    "enabled" : true,
    "patch_size" : 10,
    "probability" : 0.02,
    "seed" : 99,
    "std" : 0.1
  },
  "channels" : 1,
  "connectivity" : [
    [
      3
    ]
  ],
  "environment" : {
    "depth" : 2,
    "passage_width" : 6,
    "type" : "cross_map",
    "wall_thickness" : 3,
    "wall_value" : -10
  },
  "flow" : {
    "dt" : 0.2,
    "n" : 2,
    "theta_A" : 2
  },
  "grid" : {
    "sx" : 128,
    "sy" : 128
  },
  "implementation" : {
    "mode" : "paper"
  },
  "init" : {
    "a_uniform" : {
      "high" : 1,
      "low" : 0
    },
    "p_uniform" : {
      "high" : 1,
      "low" : 0
    },
    "patches" : [
      {
        "center" : [
          32,
          32
        ],
        "size" : 20
      },
      {
        "center" : [
          96,
          32
        ],
        "size" : 20
      },
      {
        "center" : [
          32,
          96
        ],
        "size" : 20
      },
      {
        "center" : [
          96,
          96
        ],
        "size" : 20
      }
    ],
    "seed" : 81
  },
  "interventions" : [

  ],
  "parameter_embedding" : {
    "enabled" : true,
    "mix" : "stoch_gene_wise",
    "mix_seed" : 42
  },
  "params" : {
    "R" : 7.1172976,
    "a" : [
      [
        0.6894093,
        0.25719458,
        0.8101415
      ],
      [
        0.23459178,
        0.40530425,
        0.8392449
      ],
      [
        0.25566387,
        0.17030025,
        0.5845736
      ]
    ],
    "b" : [
      [
        0.97791725,
        0.7527026,
        0.18693513
      ],
      [
        0.25182563,
        0.32347172,
        0.65206957
      ],
      [
        0.21157384,
        0.47499043,
        0.566405
      ]
    ],
    "h" : [
      0.08558375,
      0.609617,
      0.8315652
    ],
    "m" : [
      0.2695116,
      0.16203946,
      0.1556163
    ],
    "mode" : "explicit",
    "r" : [
      0.61064214,
      0.42253318,
      0.33463925
    ],
    "s" : [
      0.014938041,
      0.029985199,
      0.080366485
    ],
    "w" : [
      [
        0.21725425,
        0.36385202,
        0.025286507
      ],
      [
        0.3388108,
        0.3869829,
        0.08623577
      ],
      [
        0.108361594,
        0.3431722,
        0.17949632
      ]
    ]
  },
  "profile" : "experimental",
  "reintegration" : {
    "border" : "wall",
    "dd" : 5,
    "sigma" : 0.65
  },
  "run" : {
    "steps" : 500
  }
}