{
  "backend" : "mlx",
  "channels" : 1,
  "connectivity" : [
    [
      3
    ]
  ],
  "flow" : {
    "dt" : 0.2,
    "n" : 2,
    "theta_A" : 2
  },
  "grid" : {
    "sx" : 128,
    "sy" : 128
  },
  "implementation" : {
    "mode" : "paper"
  },
  "init" : {
    "a_uniform" : {
      "high" : 1,
      "low" : 0
    },
    "p_uniform" : {
      "high" : 1,
      "low" : 0
    },
    "patches" : [
      {
        "center" : [
          32,
          32
        ],
        "size" : 24
      },
      {
        "center" : [
          96,
          96
        ],
        "size" : 24
      }
    ],
    "seed" : 300149
  },
  "interventions" : [

  ],
  "parameter_embedding" : {
    "enabled" : true,
    "mix" : "stoch",
    "mix_seed" : 42
  },
  "params" : {
    "R" : 11.367966,
    "a" : [
      [
        0.18307114,
        0.8787504,
        0.5587511
      ],
      [
        0.054818094,
        0.30045474,
        0.66625684
      ],
      [
        0.9935349,
        0.33369112,
        0.75111943
      ]
    ],
    "b" : [
      [
        0.80670995,
        0.839463,
        0.5570654
      ],
      [
        0.40453935,
        0.5882065,
        0.96201885
      ],
      [
        0.48500192,
        0.66731,
        0.8516707
      ]
    ],
    "h" : [
      0.9696113,
      0.36373746,
      0.43637693
    ],
    "m" : [
      0.05245331,
      0.18086237,
      0.2733935
    ],
    "mode" : "explicit",
    "r" : [
      0.52693427,
      0.88593924,
      0.79472256
    ],
    "s" : [
      0.096155874,
      0.1430341,
      0.17191423
    ],
    "w" : [
      [
        0.06584605,
        0.42887047,
        0.21972978
      ],
      [
        0.47008085,
        0.22642897,
        0.07559531
      ],
      [
        0.37067202,
        0.45949626,
        0.18443277
      ]
    ]
  },
  "profile" : "experimental",
  "reintegration" : {
    "border" : "torus",
    "dd" : 5,
    "sigma" : 0.65
  },
  "run" : {
    "steps" : 500
  }
}