{
  "centroids" : [
    [
      65.45058,
      65.370285
    ],
    [
      65.42444,
      65.30442
    ],
    [
      65.42385,
      65.3697
    ],
    [
      65.445564,
      65.32994
    ],
    [
      65.250496,
      65.0912
    ],
    [
      65.28373,
      65.0028
    ],
    [
      65.118065,
      64.96541
    ],
    [
      64.83795,
      64.69205
    ],
    [
      64.74351,
      64.509636
    ],
    [
      64.57463,
      64.377525
    ],
    [
      64.54061,
      64.30553
    ],
    [
      64.645226,
      64.393524
    ]
  ],
  "fps" : 10,
  "frameCount" : 12,
  "framesPath" : "releases\/qg-20260228-real-creatures\/runs\/qg-nnea-s300128\/93afcde5-168a-4281-a6be-2841b8924460\/frames.bin",
  "height" : 128,
  "palette" : "lenia-spectrum",
  "velocities" : [
    [
      0,
      0
    ],
    [
      -0.026138306,
      -0.06586456
    ],
    [
      -0.0005874634,
      0.0652771
    ],
    [
      0.021713257,
      -0.039756775
    ],
    [
      -0.19506836,
      -0.23873901
    ],
    [
      0.033233643,
      -0.088401794
    ],
    [
      -0.16566467,
      -0.037391663
    ],
    [
      -0.28011322,
      -0.2733612
    ],
    [
      -0.094444275,
      -0.1824112
    ],
    [
      -0.16887665,
      -0.1321106
    ],
    [
      -0.03401947,
      -0.071998596
    ],
    [
      0.10461426,
      0.08799744
    ]
  ],
  "width" : 128
}