{
  "centroids" : [
    [
      63.559975,
      63.37389
    ],
    [
      63.6836,
      63.353413
    ],
    [
      63.75448,
      63.572296
    ],
    [
      63.775333,
      63.695576
    ],
    [
      63.90277,
      63.721123
    ],
    [
      63.97105,
      63.781277
    ],
    [
      64.02964,
      63.850376
    ],
    [
      63.9492,
      63.830452
    ],
    [
      64.02069,
      63.936752
    ],
    [
      64.06291,
      63.884773
    ],
    [
      63.932278,
      63.84159
    ],
    [
      63.980736,
      63.71886
    ],
    [
      63.815395,
      63.63791
    ],
    [
      63.720673,
      63.53884
    ],
    [
      63.95119,
      63.77236
    ],
    [
      64.0574,
      63.926292
    ],
    [
      64.083954,
      63.971714
    ],
    [
      64.10383,
      63.92919
    ],
    [
      64.10857,
      63.950127
    ],
    [
      64.08136,
      63.991047
    ],
    [
      64.05132,
      63.99802
    ],
    [
      64.02405,
      64.00247
    ],
    [
      64.04184,
      63.962967
    ],
    [
      64.04677,
      63.94784
    ],
    [
      64.06537,
      63.943916
    ],
    [
      64.065384,
      63.91419
    ],
    [
      64.09564,
      63.82677
    ],
    [
      64.0706,
      63.718647
    ],
    [
      63.93968,
      63.71131
    ],
    [
      63.910164,
      63.702515
    ],
    [
      64.075714,
      63.775623
    ],
    [
      64.13774,
      63.802467
    ],
    [
      64.18772,
      63.861416
    ],
    [
      64.3115,
      63.84944
    ],
    [
      64.22796,
      64.006065
    ],
    [
      64.25934,
      64.11316
    ]
  ],
  "fps" : 12,
  "frameCount" : 36,
  "framesPath" : "releases\/glider-candidates-20260307\/runs\/nnea-fast-c001-s32\/6ae760fb-e241-4e8b-813b-7ec88f6e1fab\/frames.bin",
  "height" : 128,
  "palette" : "lenia-spectrum",
  "velocities" : [
    [
      0,
      0
    ],
    [
      0.12362671,
      -0.020477295
    ],
    [
      0.070877075,
      0.21888351
    ],
    [
      0.02085495,
      0.12327957
    ],
    [
      0.12743759,
      0.025547028
    ],
    [
      0.06827927,
      0.06015396
    ],
    [
      0.058589935,
      0.069099426
    ],
    [
      -0.08044052,
      -0.019924164
    ],
    [
      0.07149124,
      0.106300354
    ],
    [
      0.04222107,
      -0.051979065
    ],
    [
      -0.13063431,
      -0.043182373
    ],
    [
      0.0484581,
      -0.122730255
    ],
    [
      -0.16534042,
      -0.08095169
    ],
    [
      -0.09472275,
      -0.09906769
    ],
    [
      0.23051834,
      0.23352051
    ],
    [
      0.106212616,
      0.15393066
    ],
    [
      0.026550293,
      0.0454216
    ],
    [
      0.019874573,
      -0.04252243
    ],
    [
      0.004737854,
      0.020935059
    ],
    [
      -0.02720642,
      0.040920258
    ],
    [
      -0.030036926,
      0.0069732666
    ],
    [
      -0.027275085,
      0.0044517517
    ],
    [
      0.017791748,
      -0.039505005
    ],
    [
      0.004928589,
      -0.015125275
    ],
    [
      0.018600464,
      -0.0039253235
    ],
    [
      1.5258789e-05,
      -0.029727936
    ],
    [
      0.030258179,
      -0.0874176
    ],
    [
      -0.025039673,
      -0.10812378
    ],
    [
      -0.13092422,
      -0.007335663
    ],
    [
      -0.029514313,
      -0.008796692
    ],
    [
      0.16555023,
      0.07310867
    ],
    [
      0.062026978,
      0.026844025
    ],
    [
      0.049980164,
      0.058948517
    ],
    [
      0.1237793,
      -0.011974335
    ],
    [
      -0.08354187,
      0.15662384
    ],
    [
      0.0313797,
      0.10709381
    ]
  ],
  "width" : 128
}