{
  "backend" : "mlx",
  "channels" : 1,
  "connectivity" : [
    [
      3
    ]
  ],
  "flow" : {
    "dt" : 0.2,
    "n" : 2,
    "theta_A" : 2
  },
  "grid" : {
    "sx" : 128,
    "sy" : 128
  },
  "implementation" : {
    "mode" : "paper"
  },
  "init" : {
    "a_uniform" : {
      "high" : 1,
      "low" : 0
    },
    "p_uniform" : {
      "high" : 1,
      "low" : 0
    },
    "patches" : [
      {
        "center" : [
          32,
          32
        ],
        "size" : 24
      },
      {
        "center" : [
          96,
          96
        ],
        "size" : 24
      }
    ],
    "seed" : 300059
  },
  "interventions" : [

  ],
  "parameter_embedding" : {
    "enabled" : true,
    "mix" : "stoch",
    "mix_seed" : 42
  },
  "params" : {
    "R" : 10.031828,
    "a" : [
      [
        0.19690627,
        0.74470985,
        0.54821247
      ],
      [
        0.4554363,
        0.48643565,
        0.68212765
      ],
      [
        0.7630452,
        0.15280348,
        0.46820074
      ]
    ],
    "b" : [
      [
        0.68695664,
        0.034291446,
        0.9524016
      ],
      [
        0.87818056,
        0.48448503,
        0.80415905
      ],
      [
        0.28753442,
        0.7381675,
        0.676499
      ]
    ],
    "h" : [
      0.09506756,
      0.8738838,
      0.5739564
    ],
    "m" : [
      0.351571,
      0.37441412,
      0.4382694
    ],
    "mode" : "explicit",
    "r" : [
      0.58376884,
      0.4561885,
      0.54334235
    ],
    "s" : [
      0.018721318,
      0.17511019,
      0.09065489
    ],
    "w" : [
      [
        0.47149685,
        0.06551964,
        0.4081251
      ],
      [
        0.43180746,
        0.07973077,
        0.45500442
      ],
      [
        0.3899813,
        0.09037246,
        0.44479066
      ]
    ]
  },
  "profile" : "experimental",
  "reintegration" : {
    "border" : "torus",
    "dd" : 5,
    "sigma" : 0.65
  },
  "run" : {
    "steps" : 500
  }
}