{
  "centroids" : [
    [
      63.568157,
      63.666145
    ],
    [
      63.639313,
      63.734722
    ],
    [
      63.63927,
      63.733543
    ],
    [
      63.694443,
      63.659363
    ],
    [
      63.661995,
      63.686234
    ],
    [
      63.68739,
      63.864384
    ],
    [
      63.94182,
      63.97436
    ],
    [
      64.08626,
      64.058136
    ],
    [
      64.25574,
      64.032616
    ],
    [
      64.28046,
      64.16691
    ],
    [
      64.21534,
      64.3492
    ],
    [
      64.25995,
      64.51033
    ],
    [
      64.38453,
      64.51258
    ],
    [
      64.378975,
      64.61361
    ],
    [
      64.411835,
      64.720276
    ],
    [
      64.52234,
      64.73214
    ],
    [
      64.58538,
      64.74753
    ],
    [
      64.633896,
      64.80282
    ],
    [
      64.706245,
      64.81503
    ],
    [
      64.80498,
      64.884865
    ],
    [
      64.82384,
      64.87917
    ],
    [
      64.807655,
      64.94611
    ],
    [
      64.8869,
      64.98977
    ],
    [
      64.91309,
      65.07421
    ],
    [
      64.98927,
      65.08197
    ],
    [
      65.02222,
      65.13764
    ],
    [
      65.09421,
      65.17587
    ],
    [
      65.11979,
      65.2025
    ],
    [
      65.12349,
      65.2626
    ],
    [
      65.248146,
      65.2716
    ],
    [
      65.24017,
      65.32159
    ],
    [
      65.25201,
      65.32685
    ],
    [
      65.25366,
      65.35136
    ],
    [
      65.260445,
      65.35457
    ],
    [
      65.30665,
      65.38598
    ],
    [
      65.30799,
      65.329285
    ]
  ],
  "fps" : 12,
  "frameCount" : 36,
  "framesPath" : "releases\/orbium-like-20260307\/runs\/glider-family-luminous-spiral-4134-c000-s0\/21e69234-3682-45b7-aa34-c5910df2a647\/frames.bin",
  "height" : 128,
  "palette" : "lenia-spectrum",
  "velocities" : [
    [
      0,
      0
    ],
    [
      0.07115555,
      0.06857681
    ],
    [
      -4.196167e-05,
      -0.0011787415
    ],
    [
      0.055171967,
      -0.0741806
    ],
    [
      -0.032447815,
      0.026870728
    ],
    [
      0.02539444,
      0.17815018
    ],
    [
      0.25442886,
      0.10997772
    ],
    [
      0.1444397,
      0.08377457
    ],
    [
      0.16947937,
      -0.025520325
    ],
    [
      0.024719238,
      0.1342926
    ],
    [
      -0.06511688,
      0.18228912
    ],
    [
      0.04460907,
      0.16113281
    ],
    [
      0.12458038,
      0.0022506714
    ],
    [
      -0.005554199,
      0.10102844
    ],
    [
      0.032859802,
      0.106666565
    ],
    [
      0.11050415,
      0.0118637085
    ],
    [
      0.06304169,
      0.015388489
    ],
    [
      0.04851532,
      0.055290222
    ],
    [
      0.07234955,
      0.012214661
    ],
    [
      0.098731995,
      0.06983185
    ],
    [
      0.018859863,
      -0.0056915283
    ],
    [
      -0.016181946,
      0.06694031
    ],
    [
      0.07924652,
      0.043655396
    ],
    [
      0.026191711,
      0.08444214
    ],
    [
      0.076179504,
      0.0077590942
    ],
    [
      0.032943726,
      0.055671692
    ],
    [
      0.07199097,
      0.038230896
    ],
    [
      0.02558136,
      0.026626587
    ],
    [
      0.0037002563,
      0.06010437
    ],
    [
      0.12465668,
      0.008995056
    ],
    [
      -0.007972717,
      0.049987793
    ],
    [
      0.011833191,
      0.005264282
    ],
    [
      0.0016555786,
      0.024505615
    ],
    [
      0.0067825317,
      0.003211975
    ],
    [
      0.046203613,
      0.031410217
    ],
    [
      0.0013427734,
      -0.05669403
    ]
  ],
  "width" : 128
}