{
  "backend" : "mlx",
  "channels" : 1,
  "connectivity" : [
    [
      3
    ]
  ],
  "flow" : {
    "dt" : 0.2,
    "n" : 2,
    "theta_A" : 2
  },
  "grid" : {
    "sx" : 128,
    "sy" : 128
  },
  "implementation" : {
    "mode" : "paper"
  },
  "init" : {
    "a_uniform" : {
      "high" : 1,
      "low" : 0
    },
    "p_uniform" : {
      "high" : 1,
      "low" : 0
    },
    "patches" : [
      {
        "center" : [
          32,
          32
        ],
        "size" : 24
      },
      {
        "center" : [
          96,
          96
        ],
        "size" : 24
      }
    ],
    "seed" : 300211
  },
  "interventions" : [

  ],
  "parameter_embedding" : {
    "enabled" : true,
    "mix" : "stoch",
    "mix_seed" : 42
  },
  "params" : {
    "R" : 16.400784,
    "a" : [
      [
        0.9636571,
        0.800296,
        0.5339335
      ],
      [
        0.4087317,
        0.28690034,
        0.33944273
      ],
      [
        0.14968318,
        0.5470089,
        0.5036619
      ]
    ],
    "b" : [
      [
        0.7201445,
        0.10871434,
        0.023415565
      ],
      [
        0.13128614,
        0.32968068,
        0.70028645
      ],
      [
        0.28651005,
        0.2735899,
        0.7473708
      ]
    ],
    "h" : [
      0.29157025,
      0.4626426,
      0.28209794
    ],
    "m" : [
      0.3449255,
      0.2665342,
      0.11005704
    ],
    "mode" : "explicit",
    "r" : [
      0.7327217,
      0.7201606,
      0.7951436
    ],
    "s" : [
      0.14945032,
      0.084898315,
      0.13607581
    ],
    "w" : [
      [
        0.4205239,
        0.43248233,
        0.025954776
      ],
      [
        0.39202136,
        0.011362677,
        0.20197617
      ],
      [
        0.15196365,
        0.04588572,
        0.023065457
      ]
    ]
  },
  "profile" : "experimental",
  "reintegration" : {
    "border" : "torus",
    "dd" : 5,
    "sigma" : 0.65
  },
  "run" : {
    "steps" : 500
  }
}