{
  "centroids" : [
    [
      66.01248,
      66.02713
    ],
    [
      65.72569,
      65.755066
    ],
    [
      65.62337,
      65.69544
    ],
    [
      65.33035,
      65.49264
    ],
    [
      65.200516,
      65.34053
    ],
    [
      64.870056,
      65.00367
    ],
    [
      64.59182,
      64.80637
    ],
    [
      64.53301,
      64.759056
    ],
    [
      64.52168,
      64.68328
    ],
    [
      64.20343,
      64.46328
    ],
    [
      64.32138,
      64.62445
    ],
    [
      64.124245,
      64.32014
    ]
  ],
  "fps" : 10,
  "frameCount" : 12,
  "framesPath" : "releases\/qg-20260228-real-creatures\/runs\/qg-nnea-s300192\/ffecf385-1b1c-472e-8329-05533e5c8972\/frames.bin",
  "height" : 128,
  "palette" : "lenia-spectrum",
  "velocities" : [
    [
      0,
      0
    ],
    [
      -0.28678894,
      -0.2720642
    ],
    [
      -0.10232544,
      -0.05962372
    ],
    [
      -0.29301453,
      -0.20280457
    ],
    [
      -0.12983704,
      -0.15210724
    ],
    [
      -0.3304596,
      -0.33686066
    ],
    [
      -0.2782364,
      -0.19729614
    ],
    [
      -0.058807373,
      -0.047317505
    ],
    [
      -0.011329651,
      -0.07577515
    ],
    [
      -0.31825256,
      -0.22000122
    ],
    [
      0.11795044,
      0.16117096
    ],
    [
      -0.19713593,
      -0.30431366
    ]
  ],
  "width" : 128
}