{
  "centroids" : [
    [
      64.502754,
      64.16976
    ],
    [
      64.45786,
      64.14332
    ],
    [
      64.539665,
      64.20547
    ],
    [
      64.57253,
      64.19679
    ],
    [
      64.55667,
      64.16941
    ],
    [
      64.5175,
      64.139496
    ],
    [
      64.51238,
      64.127556
    ],
    [
      64.504326,
      64.1462
    ],
    [
      64.4863,
      64.12089
    ],
    [
      64.49632,
      64.12008
    ],
    [
      64.50039,
      64.10308
    ],
    [
      64.512024,
      64.11774
    ]
  ],
  "fps" : 10,
  "frameCount" : 12,
  "framesPath" : "releases\/qg-20260228-real-creatures\/runs\/qg-nnea-s300032\/40b221b6-7ca0-4afe-ba36-7f50b14c404e\/frames.bin",
  "height" : 128,
  "palette" : "lenia-spectrum",
  "velocities" : [
    [
      0,
      0
    ],
    [
      -0.044891357,
      -0.026443481
    ],
    [
      0.08180237,
      0.062149048
    ],
    [
      0.03286743,
      -0.008674622
    ],
    [
      -0.015861511,
      -0.027381897
    ],
    [
      -0.03916931,
      -0.029914856
    ],
    [
      -0.0051193237,
      -0.011940002
    ],
    [
      -0.008056641,
      0.01864624
    ],
    [
      -0.01802826,
      -0.025314331
    ],
    [
      0.010025024,
      -0.0008087158
    ],
    [
      0.0040664673,
      -0.016998291
    ],
    [
      0.011634827,
      0.014656067
    ]
  ],
  "width" : 128
}