{
  "backend" : "mlx",
  "beam_mutation" : {
    "enabled" : true,
    "patch_size" : 10,
    "probability" : 0.02,
    "seed" : 99,
    "std" : 0.1
  },
  "channels" : 1,
  "connectivity" : [
    [
      3
    ]
  ],
  "environment" : {
    "depth" : 2,
    "passage_width" : 6,
    "type" : "cross_map",
    "wall_thickness" : 3,
    "wall_value" : -10
  },
  "flow" : {
    "dt" : 0.2,
    "n" : 2,
    "theta_A" : 2
  },
  "grid" : {
    "sx" : 128,
    "sy" : 128
  },
  "implementation" : {
    "mode" : "paper"
  },
  "init" : {
    "a_uniform" : {
      "high" : 1,
      "low" : 0
    },
    "p_uniform" : {
      "high" : 1,
      "low" : 0
    },
    "patches" : [
      {
        "center" : [
          32,
          32
        ],
        "size" : 20
      },
      {
        "center" : [
          96,
          32
        ],
        "size" : 20
      },
      {
        "center" : [
          32,
          96
        ],
        "size" : 20
      },
      {
        "center" : [
          96,
          96
        ],
        "size" : 20
      }
    ],
    "seed" : 50
  },
  "interventions" : [

  ],
  "parameter_embedding" : {
    "enabled" : true,
    "mix" : "stoch_gene_wise",
    "mix_seed" : 42
  },
  "params" : {
    "R" : 9.946768,
    "a" : [
      [
        0.24055481,
        0.26366293,
        0.37976485
      ],
      [
        0.29377466,
        0.20832336,
        0.7758856
      ],
      [
        0.50730044,
        0.36478353,
        0.73419315
      ]
    ],
    "b" : [
      [
        0.9579903,
        0.18897563,
        0.075288
      ],
      [
        0.8834238,
        0.47839952,
        0.88844454
      ],
      [
        0.38601863,
        0.57599807,
        0.69577295
      ]
    ],
    "h" : [
      0.21259141,
      0.6354232,
      0.3114907
    ],
    "m" : [
      0.106247745,
      0.45847628,
      0.060652286
    ],
    "mode" : "explicit",
    "r" : [
      0.25882968,
      0.5809373,
      0.91283333
    ],
    "s" : [
      0.07801692,
      0.019833222,
      0.04869169
    ],
    "w" : [
      [
        0.3664586,
        0.1695847,
        0.43302366
      ],
      [
        0.4741385,
        0.43566945,
        0.27506232
      ],
      [
        0.14912388,
        0.49239624,
        0.16922635
      ]
    ]
  },
  "profile" : "experimental",
  "reintegration" : {
    "border" : "wall",
    "dd" : 5,
    "sigma" : 0.65
  },
  "run" : {
    "steps" : 500
  }
}