{
  "centroids" : [
    [
      63.111668,
      62.92421
    ],
    [
      62.96246,
      62.820473
    ],
    [
      63.070217,
      62.87953
    ],
    [
      63.085266,
      62.88925
    ],
    [
      62.89244,
      62.757374
    ],
    [
      62.757923,
      62.64264
    ],
    [
      62.752586,
      62.651432
    ],
    [
      62.733894,
      62.63539
    ],
    [
      62.715313,
      62.606873
    ],
    [
      62.72774,
      62.62948
    ],
    [
      62.7075,
      62.61196
    ],
    [
      62.674877,
      62.581615
    ]
  ],
  "fps" : 10,
  "frameCount" : 12,
  "framesPath" : "releases\/qg-20260228-real-creatures\/runs\/qg-nnea-s300032\/b771a9e2-065a-4d9a-9842-2f6cf355c6f2\/frames.bin",
  "height" : 128,
  "palette" : "lenia-spectrum",
  "velocities" : [
    [
      0,
      0
    ],
    [
      -0.14920807,
      -0.10373688
    ],
    [
      0.10775757,
      0.059059143
    ],
    [
      0.015048981,
      0.009719849
    ],
    [
      -0.19282532,
      -0.1318779
    ],
    [
      -0.13451767,
      -0.11473465
    ],
    [
      -0.0053367615,
      0.008792877
    ],
    [
      -0.018692017,
      -0.016040802
    ],
    [
      -0.01858139,
      -0.028518677
    ],
    [
      0.012428284,
      0.022605896
    ],
    [
      -0.020240784,
      -0.01751709
    ],
    [
      -0.03262329,
      -0.030345917
    ]
  ],
  "width" : 128
}