{
  "backend" : "mlx",
  "channels" : 1,
  "connectivity" : [
    [
      3
    ]
  ],
  "flow" : {
    "dt" : 0.2,
    "n" : 2,
    "theta_A" : 2
  },
  "grid" : {
    "sx" : 128,
    "sy" : 128
  },
  "implementation" : {
    "mode" : "paper"
  },
  "init" : {
    "a_uniform" : {
      "high" : 1,
      "low" : 0
    },
    "p_uniform" : {
      "high" : 1,
      "low" : 0
    },
    "patches" : [
      {
        "center" : [
          32,
          32
        ],
        "size" : 24
      },
      {
        "center" : [
          96,
          96
        ],
        "size" : 24
      }
    ],
    "seed" : 300150
  },
  "interventions" : [

  ],
  "parameter_embedding" : {
    "enabled" : true,
    "mix" : "stoch",
    "mix_seed" : 42
  },
  "params" : {
    "R" : 9.667526,
    "a" : [
      [
        0.17763352,
        0.20861316,
        0.12990308
      ],
      [
        0.8171536,
        0.07374388,
        0.5932982
      ],
      [
        0.4970284,
        0.4281931,
        0.55691767
      ]
    ],
    "b" : [
      [
        0.49462342,
        0.11462271,
        0.33658785
      ],
      [
        0.79514766,
        0.028674483,
        0.7926532
      ],
      [
        0.9568971,
        0.21001977,
        0.93246675
      ]
    ],
    "h" : [
      0.28704953,
      0.59837174,
      0.78218395
    ],
    "m" : [
      0.21786468,
      0.052557807,
      0.14872551
    ],
    "mode" : "explicit",
    "r" : [
      0.8519148,
      0.39299208,
      0.34222335
    ],
    "s" : [
      0.16822757,
      0.1441318,
      0.15565681
    ],
    "w" : [
      [
        0.013136637,
        0.2794771,
        0.046030268
      ],
      [
        0.48843175,
        0.3742778,
        0.49816057
      ],
      [
        0.24984653,
        0.25938562,
        0.03374777
      ]
    ]
  },
  "profile" : "experimental",
  "reintegration" : {
    "border" : "torus",
    "dd" : 5,
    "sigma" : 0.65
  },
  "run" : {
    "steps" : 500
  }
}