{
  "centroids" : [
    [
      64.080666,
      64.00754
    ],
    [
      63.397022,
      63.583206
    ],
    [
      62.709343,
      62.7469
    ],
    [
      63.095207,
      63.216305
    ],
    [
      62.425518,
      62.569546
    ],
    [
      62.815067,
      63.09558
    ],
    [
      62.70851,
      62.958755
    ],
    [
      62.9352,
      62.964535
    ],
    [
      63.28697,
      63.398586
    ],
    [
      63.0025,
      63.19254
    ],
    [
      63.12759,
      63.504894
    ],
    [
      63.34418,
      63.405552
    ]
  ],
  "fps" : 10,
  "frameCount" : 12,
  "framesPath" : "releases\/qg-20260228-real-creatures\/runs\/qg-nnea-s300128\/76af2874-8114-4830-a2ba-0b7b2905649d\/frames.bin",
  "height" : 128,
  "palette" : "lenia-spectrum",
  "velocities" : [
    [
      0,
      0
    ],
    [
      -0.68364334,
      -0.42433167
    ],
    [
      -0.6876793,
      -0.8363075
    ],
    [
      0.38586426,
      0.46940613
    ],
    [
      -0.6696892,
      -0.64675903
    ],
    [
      0.38954926,
      0.5260353
    ],
    [
      -0.10655594,
      -0.13682556
    ],
    [
      0.22668839,
      0.0057792664
    ],
    [
      0.3517685,
      0.4340515
    ],
    [
      -0.2844696,
      -0.20604706
    ],
    [
      0.12509155,
      0.31235504
    ],
    [
      0.21659088,
      -0.099342346
    ]
  ],
  "width" : 128
}