{
  "backend" : "mlx",
  "channels" : 1,
  "connectivity" : [
    [
      3
    ]
  ],
  "flow" : {
    "dt" : 0.2,
    "n" : 2,
    "theta_A" : 2
  },
  "grid" : {
    "sx" : 128,
    "sy" : 128
  },
  "implementation" : {
    "mode" : "paper"
  },
  "init" : {
    "a_uniform" : {
      "high" : 1,
      "low" : 0
    },
    "p_uniform" : {
      "high" : 1,
      "low" : 0
    },
    "patches" : [
      {
        "center" : [
          32,
          32
        ],
        "size" : 24
      },
      {
        "center" : [
          96,
          96
        ],
        "size" : 24
      }
    ],
    "seed" : 300003
  },
  "interventions" : [

  ],
  "parameter_embedding" : {
    "enabled" : true,
    "mix" : "stoch",
    "mix_seed" : 42
  },
  "params" : {
    "R" : 15.923148,
    "a" : [
      [
        0.85927474,
        0.877248,
        0.2513668
      ],
      [
        0.7899534,
        0.277519,
        0.99681497
      ],
      [
        0.3894642,
        0.32321304,
        0.8088669
      ]
    ],
    "b" : [
      [
        0.4631402,
        0.5330088,
        0.24298894
      ],
      [
        0.98175615,
        0.47751856,
        0.7245128
      ],
      [
        0.53668916,
        0.66199607,
        0.17963976
      ]
    ],
    "h" : [
      0.7401302,
      0.24092144,
      0.95219284
    ],
    "m" : [
      0.1833841,
      0.29784957,
      0.1010441
    ],
    "mode" : "explicit",
    "r" : [
      0.77480567,
      0.5212657,
      0.28907442
    ],
    "s" : [
      0.013596703,
      0.031574115,
      0.0465999
    ],
    "w" : [
      [
        0.29106244,
        0.43795425,
        0.41922072
      ],
      [
        0.4554191,
        0.46827778,
        0.20631948
      ],
      [
        0.24410251,
        0.038669787,
        0.46774843
      ]
    ]
  },
  "profile" : "experimental",
  "reintegration" : {
    "border" : "torus",
    "dd" : 5,
    "sigma" : 0.65
  },
  "run" : {
    "steps" : 500
  }
}