{
  "centroids" : [
    [
      63.085663,
      62.86832
    ],
    [
      63.010178,
      62.758198
    ],
    [
      62.805466,
      62.45972
    ],
    [
      62.75197,
      62.390186
    ],
    [
      62.541027,
      62.213272
    ],
    [
      62.363148,
      62.140217
    ],
    [
      62.28986,
      62.07116
    ],
    [
      62.374268,
      62.17641
    ],
    [
      62.48585,
      62.266693
    ],
    [
      62.49626,
      62.234722
    ],
    [
      62.572754,
      62.306988
    ],
    [
      62.578312,
      62.331905
    ]
  ],
  "fps" : 10,
  "frameCount" : 12,
  "framesPath" : "releases\/qg-20260228-real-creatures\/runs\/qg-nnea-s300000\/978821b9-36f0-4ec6-9de5-f616ce522724\/frames.bin",
  "height" : 128,
  "palette" : "lenia-spectrum",
  "velocities" : [
    [
      0,
      0
    ],
    [
      -0.07548523,
      -0.11012268
    ],
    [
      -0.20471191,
      -0.29847717
    ],
    [
      -0.053497314,
      -0.0695343
    ],
    [
      -0.21094131,
      -0.17691422
    ],
    [
      -0.17787933,
      -0.07305527
    ],
    [
      -0.073287964,
      -0.069057465
    ],
    [
      0.08440781,
      0.10525131
    ],
    [
      0.11158371,
      0.09028244
    ],
    [
      0.010410309,
      -0.031970978
    ],
    [
      0.07649231,
      0.072265625
    ],
    [
      0.005558014,
      0.024917603
    ]
  ],
  "width" : 128
}