{
  "centroids" : [
    [
      64.089745,
      63.703754
    ],
    [
      64.27419,
      63.866024
    ],
    [
      64.43326,
      64.14864
    ],
    [
      64.60864,
      64.3966
    ],
    [
      64.8494,
      64.45127
    ],
    [
      64.72813,
      64.76411
    ],
    [
      64.97233,
      64.864136
    ],
    [
      65.11777,
      65.010025
    ],
    [
      65.33272,
      65.12631
    ],
    [
      65.47805,
      65.25817
    ],
    [
      65.52409,
      65.25195
    ],
    [
      65.76692,
      65.51703
    ],
    [
      65.9074,
      65.62609
    ],
    [
      66.12981,
      65.79911
    ],
    [
      66.24628,
      65.96813
    ],
    [
      66.57508,
      65.986694
    ],
    [
      66.60457,
      66.18122
    ],
    [
      66.77003,
      66.33657
    ],
    [
      67.13772,
      66.54789
    ],
    [
      67.243324,
      66.659485
    ],
    [
      67.2203,
      66.90101
    ],
    [
      67.27479,
      66.99202
    ],
    [
      67.41677,
      67.07915
    ],
    [
      67.549545,
      67.17032
    ],
    [
      67.646866,
      67.20806
    ],
    [
      67.70403,
      67.35005
    ],
    [
      67.813896,
      67.37697
    ],
    [
      67.91767,
      67.465576
    ],
    [
      67.977806,
      67.55401
    ],
    [
      68.08708,
      67.638306
    ],
    [
      68.135124,
      67.70745
    ],
    [
      68.23568,
      67.78346
    ],
    [
      68.24469,
      67.83941
    ],
    [
      68.36925,
      67.79668
    ],
    [
      68.36441,
      67.92043
    ],
    [
      68.373245,
      68.00678
    ]
  ],
  "fps" : 12,
  "frameCount" : 36,
  "framesPath" : "releases\/discovery-20260306-movers\/runs\/crossmap-motion-c002-s64\/96df5bf8-6144-4441-9f6e-8aadf72464d5\/frames.bin",
  "height" : 128,
  "palette" : "lenia-spectrum",
  "velocities" : [
    [
      0,
      0
    ],
    [
      0.18444824,
      0.16226959
    ],
    [
      0.15906525,
      0.28261948
    ],
    [
      0.17538452,
      0.24795532
    ],
    [
      0.2407608,
      0.05467224
    ],
    [
      -0.121276855,
      0.3128357
    ],
    [
      0.24420166,
      0.10002899
    ],
    [
      0.14543915,
      0.14588928
    ],
    [
      0.21495056,
      0.11628723
    ],
    [
      0.14533234,
      0.13185883
    ],
    [
      0.046043396,
      -0.0062179565
    ],
    [
      0.24282837,
      0.26507568
    ],
    [
      0.14048004,
      0.109062195
    ],
    [
      0.22240448,
      0.17301941
    ],
    [
      0.11647034,
      0.1690216
    ],
    [
      0.32880402,
      0.018562317
    ],
    [
      0.02948761,
      0.19452667
    ],
    [
      0.16545868,
      0.15534973
    ],
    [
      0.36769104,
      0.21131897
    ],
    [
      0.10560608,
      0.111595154
    ],
    [
      -0.023025513,
      0.24152374
    ],
    [
      0.054489136,
      0.09101105
    ],
    [
      0.14198303,
      0.087127686
    ],
    [
      0.13277435,
      0.091171265
    ],
    [
      0.09732056,
      0.037742615
    ],
    [
      0.057167053,
      0.14199066
    ],
    [
      0.10986328,
      0.026916504
    ],
    [
      0.103775024,
      0.08860779
    ],
    [
      0.060134888,
      0.08843231
    ],
    [
      0.10927582,
      0.08429718
    ],
    [
      0.048042297,
      0.0691452
    ],
    [
      0.10055542,
      0.07601166
    ],
    [
      0.009010315,
      0.05594635
    ],
    [
      0.124557495,
      -0.04273224
    ],
    [
      -0.004837036,
      0.12375641
    ],
    [
      0.008834839,
      0.08634949
    ]
  ],
  "width" : 128
}