{
  "artifact_source" : "rendered_stage_media_with_replay",
  "creature" : {
    "config_hash" : "ccf08353ea32",
    "genotype" : {
      "R" : 5.673467,
      "a" : [
        [
          0.29653448,
          0.04326147,
          0.51863873
        ],
        [
          0.61128116,
          0.34772646,
          0.0045982003
        ],
        [
          0.7352847,
          0.44867676,
          0.7469727
        ]
      ],
      "b" : [
        [
          0.3726588,
          0.073833406,
          0.8037698
        ],
        [
          0.07150513,
          0.8144691,
          0.7663858
        ],
        [
          0.27086335,
          0.8272542,
          0.5512851
        ]
      ],
      "h" : [
        0.8907095,
        0.48160678,
        0.369726
      ],
      "m" : [
        0.26139286,
        0.21034873,
        0.4163521
      ],
      "r" : [
        0.47827983,
        0.33326745,
        0.60410696
      ],
      "s" : [
        0.08702606,
        0.078344926,
        0.0021017748
      ],
      "w" : [
        [
          0.36469987,
          0.20788649,
          0.16365379
        ],
        [
          0.2970332,
          0.2896956,
          0.34852603
        ],
        [
          0.31060806,
          0.40389317,
          0.24313095
        ]
      ]
    },
    "id" : "018F05DF-2194-4986-BBBF-8ECB170B4BFA",
    "metrics" : {
      "activity_diversity_mean" : 0.09523509,
      "activity_eac_mean" : 2543.854,
      "activity_ean_mean" : 266.94708,
      "activity_species_mean" : 11.555555,
      "center_velocity" : 1.8238476e-05,
      "displacement" : 0.007751352,
      "energy_mean" : 146.76714,
      "gyration" : 2422.7615,
      "heading_rad" : 0,
      "is_stable" : true,
      "mass_max" : 578.73846,
      "mass_mean" : 578.73193,
      "mass_min" : 578.72534,
      "mass_std" : 0,
      "occupancy_mean" : 0.19293553,
      "path_length" : 0.5771121,
      "sample_count" : 18,
      "speed_count" : 0,
      "speed_mean" : 1.8238476e-05,
      "variance_mean" : 0.0077102417,
      "velocity_x" : 0,
      "velocity_y" : 0
    },
    "name" : "luminous-amoeba-9159",
    "owner_id" : "local-node",
    "phenotype" : {
      "a_uniform" : {
        "high" : 1,
        "low" : 0
      },
      "p_uniform" : {
        "high" : 1,
        "low" : 0
      },
      "patches" : [
        {
          "center" : [
            32,
            32
          ],
          "size" : 24
        },
        {
          "center" : [
            96,
            96
          ],
          "size" : 24
        }
      ],
      "seed" : 300115
    },
    "score" : 145.21957,
    "score_weights" : {
      "activity_diversity_mean" : 2,
      "activity_ean_mean" : 0.5,
      "activity_species_mean" : 1
    },
    "timestamp" : "2026-02-28T17:54:15.495Z"
  },
  "media" : {
    "anatomy" : {
      "deltaPath" : "releases\/qg-20260228-real-creatures\/runs\/qg-nnea-s300096\/018f05df-2194-4986-bbbf-8ecb170b4bfa\/delta.png",
      "fieldPath" : "releases\/qg-20260228-real-creatures\/runs\/qg-nnea-s300096\/018f05df-2194-4986-bbbf-8ecb170b4bfa\/field.png",
      "kernelPath" : "releases\/qg-20260228-real-creatures\/runs\/qg-nnea-s300096\/018f05df-2194-4986-bbbf-8ecb170b4bfa\/kernel.png",
      "neighborPath" : "releases\/qg-20260228-real-creatures\/runs\/qg-nnea-s300096\/018f05df-2194-4986-bbbf-8ecb170b4bfa\/neighbor.png"
    },
    "height" : 128,
    "posterPath" : "releases\/qg-20260228-real-creatures\/runs\/qg-nnea-s300096\/018f05df-2194-4986-bbbf-8ecb170b4bfa\/poster.png",
    "replayPath" : "releases\/qg-20260228-real-creatures\/runs\/qg-nnea-s300096\/018f05df-2194-4986-bbbf-8ecb170b4bfa\/replay.json",
    "width" : 128
  },
  "published_at" : "2026-03-06T18:48:16.691Z",
  "recorded_at" : "2026-02-28T17:54:15.495Z",
  "run_id" : "qg-nnea-s300096",
  "run_name" : "qg-nnea-s300096",
  "source_db" : "\/Users\/ludwig\/dev\/specter-labs\/dossiers\/lenia-swarm\/artifacts\/qg-20260228\/compendium.sqlite",
  "telemetry" : {
    "centroid" : {
      "x" : 0.49205872,
      "y" : 0.49168742
    },
    "headingRad" : 2.514105,
    "speed" : 0.0018284043,
    "trail" : [
      {
        "x" : 0.4917504,
        "y" : 0.4909814
      },
      {
        "x" : 0.49252734,
        "y" : 0.49130958
      },
      {
        "x" : 0.49353883,
        "y" : 0.4927609
      }
    ],
    "vx" : -0.0014801025,
    "vy" : 0.0010734797
  }
}