{
  "artifact_source" : "rendered_stage_media_with_replay",
  "creature" : {
    "config_hash" : "ccf08353ea32",
    "genotype" : {
      "R" : 7.8842034,
      "a" : [
        [
          0.9130383,
          0.37979382,
          0.1215021
        ],
        [
          0.05460936,
          0.8439482,
          0.026225388
        ],
        [
          0.017615497,
          0.86286896,
          0.8894057
        ]
      ],
      "b" : [
        [
          0.9949426,
          0.19985586,
          0.5338212
        ],
        [
          0.30859154,
          0.09636766,
          0.76319736
        ],
        [
          0.101781726,
          0.5395366,
          0.7624769
        ]
      ],
      "h" : [
        0.0055754185,
        0.6906504,
        0.8004684
      ],
      "m" : [
        0.3213267,
        0.4914932,
        0.34964904
      ],
      "r" : [
        0.25068393,
        0.6765608,
        0.6016954
      ],
      "s" : [
        0.1563311,
        0.18654124,
        0.06305487
      ],
      "w" : [
        [
          0.3702666,
          0.34004876,
          0.034413733
        ],
        [
          0.2718852,
          0.4754822,
          0.48425066
        ],
        [
          0.25716838,
          0.12053101,
          0.39558342
        ]
      ]
    },
    "id" : "05B51690-23FA-44CA-9C7C-379D76C7C383",
    "metrics" : {
      "activity_diversity_mean" : 0.1214492,
      "activity_eac_mean" : 2622.915,
      "activity_ean_mean" : 276.49536,
      "activity_species_mean" : 12.444445,
      "center_velocity" : 0.0004947446,
      "displacement" : 0.21026646,
      "energy_mean" : 152.38263,
      "gyration" : 2395.4614,
      "heading_rad" : 0,
      "is_stable" : true,
      "mass_max" : 591.3313,
      "mass_mean" : 591.3246,
      "mass_min" : 591.31793,
      "mass_std" : 0.25,
      "occupancy_mean" : 0.19220988,
      "path_length" : 0.49975976,
      "sample_count" : 18,
      "speed_count" : 0,
      "speed_mean" : 0.0004947446,
      "variance_mean" : 0.007998096,
      "velocity_x" : 0,
      "velocity_y" : 0
    },
    "name" : "pulsing-form-4570",
    "owner_id" : "local-node",
    "phenotype" : {
      "a_uniform" : {
        "high" : 1,
        "low" : 0
      },
      "p_uniform" : {
        "high" : 1,
        "low" : 0
      },
      "patches" : [
        {
          "center" : [
            32,
            32
          ],
          "size" : 24
        },
        {
          "center" : [
            96,
            96
          ],
          "size" : 24
        }
      ],
      "seed" : 300143
    },
    "score" : 150.93503,
    "score_weights" : {
      "activity_diversity_mean" : 2,
      "activity_ean_mean" : 0.5,
      "activity_species_mean" : 1
    },
    "timestamp" : "2026-02-28T18:03:50.544Z"
  },
  "media" : {
    "anatomy" : {
      "deltaPath" : "releases\/qg-20260228-real-creatures\/runs\/qg-nnea-s300128\/05b51690-23fa-44ca-9c7c-379d76c7c383\/delta.png",
      "fieldPath" : "releases\/qg-20260228-real-creatures\/runs\/qg-nnea-s300128\/05b51690-23fa-44ca-9c7c-379d76c7c383\/field.png",
      "kernelPath" : "releases\/qg-20260228-real-creatures\/runs\/qg-nnea-s300128\/05b51690-23fa-44ca-9c7c-379d76c7c383\/kernel.png",
      "neighborPath" : "releases\/qg-20260228-real-creatures\/runs\/qg-nnea-s300128\/05b51690-23fa-44ca-9c7c-379d76c7c383\/neighbor.png"
    },
    "height" : 128,
    "posterPath" : "releases\/qg-20260228-real-creatures\/runs\/qg-nnea-s300128\/05b51690-23fa-44ca-9c7c-379d76c7c383\/poster.png",
    "replayPath" : "releases\/qg-20260228-real-creatures\/runs\/qg-nnea-s300128\/05b51690-23fa-44ca-9c7c-379d76c7c383\/replay.json",
    "width" : 128
  },
  "published_at" : "2026-03-06T18:48:16.691Z",
  "recorded_at" : "2026-02-28T18:03:50.544Z",
  "run_id" : "qg-nnea-s300128",
  "run_name" : "qg-nnea-s300128",
  "source_db" : "\/Users\/ludwig\/dev\/specter-labs\/dossiers\/lenia-swarm\/artifacts\/qg-20260228\/compendium.sqlite",
  "telemetry" : {
    "centroid" : {
      "x" : 0.49785215,
      "y" : 0.4991118
    },
    "headingRad" : -0.3664342,
    "speed" : 0.00039052844,
    "trail" : [
      {
        "x" : 0.49657294,
        "y" : 0.4985068
      },
      {
        "x" : 0.49740726,
        "y" : 0.49887443
      },
      {
        "x" : 0.49748755,
        "y" : 0.49897188
      }
    ],
    "vx" : 0.0003646016,
    "vy" : -0.0001399219
  }
}