{
  "artifact_source" : "rendered_stage_media_with_replay",
  "creature" : {
    "config_hash" : "ccf08353ea32",
    "genotype" : {
      "R" : 16.667002,
      "a" : [
        [
          0.13355392,
          0.06499839,
          0.110685945
        ],
        [
          0.045520365,
          0.45069736,
          0.004175842
        ],
        [
          0.38558048,
          0.6273094,
          0.8712561
        ]
      ],
      "b" : [
        [
          0.6368411,
          0.07187164,
          0.58509696
        ],
        [
          0.1714583,
          0.4257825,
          0.30279648
        ],
        [
          0.6281245,
          0.073035,
          0.7826698
        ]
      ],
      "h" : [
        0.30441648,
        0.46025902,
        0.6295777
      ],
      "m" : [
        0.08563784,
        0.25016296,
        0.15250152
      ],
      "r" : [
        0.7736736,
        0.2356853,
        0.5711462
      ],
      "s" : [
        0.075901255,
        0.0708429,
        0.04582238
      ],
      "w" : [
        [
          0.09471517,
          0.15948626,
          0.09388758
        ],
        [
          0.17586479,
          0.46934107,
          0.07135482
        ],
        [
          0.049445182,
          0.029244805,
          0.1474326
        ]
      ]
    },
    "id" : "07169BB8-DBFF-44A5-BCAD-EDBF819119B7",
    "metrics" : {
      "activity_diversity_mean" : 0.07665492,
      "activity_eac_mean" : 2466.3232,
      "activity_ean_mean" : 257.45453,
      "activity_species_mean" : 8.222222,
      "center_velocity" : 0.0003142389,
      "displacement" : 0.13355152,
      "energy_mean" : 209.8028,
      "gyration" : 2437.2197,
      "heading_rad" : 0,
      "is_stable" : true,
      "mass_max" : 573.44214,
      "mass_mean" : 573.43567,
      "mass_min" : 573.4292,
      "mass_std" : 0,
      "occupancy_mean" : 0.15597874,
      "path_length" : 0.3416226,
      "sample_count" : 18,
      "speed_count" : 0,
      "speed_mean" : 0.0003142389,
      "variance_mean" : 0.011580366,
      "velocity_x" : 0,
      "velocity_y" : 0
    },
    "name" : "serene-cell-2281",
    "owner_id" : "local-node",
    "phenotype" : {
      "a_uniform" : {
        "high" : 1,
        "low" : 0
      },
      "p_uniform" : {
        "high" : 1,
        "low" : 0
      },
      "patches" : [
        {
          "center" : [
            32,
            32
          ],
          "size" : 24
        },
        {
          "center" : [
            96,
            96
          ],
          "size" : 24
        }
      ],
      "seed" : 300094
    },
    "score" : 137.1028,
    "score_weights" : {
      "activity_diversity_mean" : 2,
      "activity_ean_mean" : 0.5,
      "activity_species_mean" : 1
    },
    "timestamp" : "2026-02-28T17:46:31.919Z"
  },
  "media" : {
    "anatomy" : {
      "deltaPath" : "releases\/qg-20260228-real-creatures\/runs\/qg-nnea-s300064\/07169bb8-dbff-44a5-bcad-edbf819119b7\/delta.png",
      "fieldPath" : "releases\/qg-20260228-real-creatures\/runs\/qg-nnea-s300064\/07169bb8-dbff-44a5-bcad-edbf819119b7\/field.png",
      "kernelPath" : "releases\/qg-20260228-real-creatures\/runs\/qg-nnea-s300064\/07169bb8-dbff-44a5-bcad-edbf819119b7\/kernel.png",
      "neighborPath" : "releases\/qg-20260228-real-creatures\/runs\/qg-nnea-s300064\/07169bb8-dbff-44a5-bcad-edbf819119b7\/neighbor.png"
    },
    "height" : 128,
    "posterPath" : "releases\/qg-20260228-real-creatures\/runs\/qg-nnea-s300064\/07169bb8-dbff-44a5-bcad-edbf819119b7\/poster.png",
    "replayPath" : "releases\/qg-20260228-real-creatures\/runs\/qg-nnea-s300064\/07169bb8-dbff-44a5-bcad-edbf819119b7\/replay.json",
    "width" : 128
  },
  "published_at" : "2026-03-06T18:48:16.691Z",
  "recorded_at" : "2026-02-28T17:46:31.919Z",
  "run_id" : "qg-nnea-s300064",
  "run_name" : "qg-nnea-s300064",
  "source_db" : "\/Users\/ludwig\/dev\/specter-labs\/dossiers\/lenia-swarm\/artifacts\/qg-20260228\/compendium.sqlite",
  "telemetry" : {
    "centroid" : {
      "x" : 0.4946417,
      "y" : 0.4981672
    },
    "headingRad" : -0.47930396,
    "speed" : 0.0011492813,
    "trail" : [
      {
        "x" : 0.49775982,
        "y" : 0.5018557
      },
      {
        "x" : 0.49571756,
        "y" : 0.49972105
      },
      {
        "x" : 0.49362192,
        "y" : 0.49763718
      }
    ],
    "vx" : 0.0010197759,
    "vy" : -0.0005300045
  }
}