{
  "artifact_source" : "rendered_stage_media_with_replay",
  "creature" : {
    "config_hash" : "ccf08353ea32",
    "genotype" : {
      "R" : 11.313944,
      "a" : [
        [
          0.23087484,
          0.08912355,
          0.24209034
        ],
        [
          0.5403832,
          0.09585154,
          0.013335824
        ],
        [
          0.27379692,
          0.14280558,
          0.25703633
        ]
      ],
      "b" : [
        [
          0.61875975,
          0.47838455,
          0.44589335
        ],
        [
          0.13693357,
          0.93725336,
          0.6910484
        ],
        [
          0.7570792,
          0.39765036,
          0.411914
        ]
      ],
      "h" : [
        0.47621024,
        0.9755522,
        0.9598721
      ],
      "m" : [
        0.36191007,
        0.060940597,
        0.16046645
      ],
      "r" : [
        0.94820637,
        0.42850226,
        0.6504027
      ],
      "s" : [
        0.10775875,
        0.17516719,
        0.07106547
      ],
      "w" : [
        [
          0.4594985,
          0.28642964,
          0.17027876
        ],
        [
          0.36270237,
          0.34976786,
          0.04272362
        ],
        [
          0.0457158,
          0.13555595,
          0.34303668
        ]
      ]
    },
    "id" : "0890A538-F5E7-4A13-ACDE-BB2857151A19",
    "metrics" : {
      "activity_diversity_mean" : 0.15811273,
      "activity_eac_mean" : 2531.128,
      "activity_ean_mean" : 269.0907,
      "activity_species_mean" : 8.444445,
      "center_velocity" : 0.00021821614,
      "displacement" : 0.09274186,
      "energy_mean" : 270.0011,
      "gyration" : 2447.219,
      "heading_rad" : 0,
      "is_stable" : true,
      "mass_max" : 579.2665,
      "mass_mean" : 579.26,
      "mass_min" : 579.2534,
      "mass_std" : 0,
      "occupancy_mean" : 0.17643908,
      "path_length" : 0.3686039,
      "sample_count" : 18,
      "speed_count" : 0,
      "speed_mean" : 0.00021821614,
      "variance_mean" : 0.015229568,
      "velocity_x" : 0,
      "velocity_y" : 0
    },
    "name" : "ancient-form-5780",
    "owner_id" : "local-node",
    "phenotype" : {
      "a_uniform" : {
        "high" : 1,
        "low" : 0
      },
      "p_uniform" : {
        "high" : 1,
        "low" : 0
      },
      "patches" : [
        {
          "center" : [
            32,
            32
          ],
          "size" : 24
        },
        {
          "center" : [
            96,
            96
          ],
          "size" : 24
        }
      ],
      "seed" : 300212
    },
    "score" : 143.30602,
    "score_weights" : {
      "activity_diversity_mean" : 2,
      "activity_ean_mean" : 0.5,
      "activity_species_mean" : 1
    },
    "timestamp" : "2026-02-28T18:26:08.263Z"
  },
  "media" : {
    "anatomy" : {
      "deltaPath" : "releases\/qg-20260228-real-creatures\/runs\/qg-nnea-s300192\/0890a538-f5e7-4a13-acde-bb2857151a19\/delta.png",
      "fieldPath" : "releases\/qg-20260228-real-creatures\/runs\/qg-nnea-s300192\/0890a538-f5e7-4a13-acde-bb2857151a19\/field.png",
      "kernelPath" : "releases\/qg-20260228-real-creatures\/runs\/qg-nnea-s300192\/0890a538-f5e7-4a13-acde-bb2857151a19\/kernel.png",
      "neighborPath" : "releases\/qg-20260228-real-creatures\/runs\/qg-nnea-s300192\/0890a538-f5e7-4a13-acde-bb2857151a19\/neighbor.png"
    },
    "height" : 128,
    "posterPath" : "releases\/qg-20260228-real-creatures\/runs\/qg-nnea-s300192\/0890a538-f5e7-4a13-acde-bb2857151a19\/poster.png",
    "replayPath" : "releases\/qg-20260228-real-creatures\/runs\/qg-nnea-s300192\/0890a538-f5e7-4a13-acde-bb2857151a19\/replay.json",
    "width" : 128
  },
  "published_at" : "2026-03-06T18:48:16.691Z",
  "recorded_at" : "2026-02-28T18:26:08.263Z",
  "run_id" : "qg-nnea-s300192",
  "run_name" : "qg-nnea-s300192",
  "source_db" : "\/Users\/ludwig\/dev\/specter-labs\/dossiers\/lenia-swarm\/artifacts\/qg-20260228\/compendium.sqlite",
  "telemetry" : {
    "centroid" : {
      "x" : 0.5005044,
      "y" : 0.50006807
    },
    "headingRad" : 2.4500732,
    "speed" : 0.0045545506,
    "trail" : [
      {
        "x" : 0.50629646,
        "y" : 0.50588125
      },
      {
        "x" : 0.5033676,
        "y" : 0.50303113
      },
      {
        "x" : 0.50401264,
        "y" : 0.50297254
      }
    ],
    "vx" : -0.0035082698,
    "vy" : 0.0029044747
  }
}