{
  "artifact_source" : "rendered_stage_media_with_replay",
  "creature" : {
    "config_hash" : "ccf08353ea32",
    "genotype" : {
      "R" : 6.104928,
      "a" : [
        [
          0.01614201,
          0.7706951,
          0.6959733
        ],
        [
          0.5916318,
          0.51095533,
          0.07826686
        ],
        [
          0.4036634,
          0.032922626,
          0.5948304
        ]
      ],
      "b" : [
        [
          0.8543432,
          0.020371199,
          0.83618563
        ],
        [
          0.06864905,
          0.82851225,
          0.81216896
        ],
        [
          0.78206515,
          0.27782553,
          0.45781344
        ]
      ],
      "h" : [
        0.18114239,
        0.07533634,
        0.2711913
      ],
      "m" : [
        0.23468041,
        0.4648939,
        0.40283766
      ],
      "r" : [
        0.2496521,
        0.2063601,
        0.54745257
      ],
      "s" : [
        0.18233109,
        0.053400066,
        0.06055227
      ],
      "w" : [
        [
          0.15456328,
          0.30110657,
          0.4205062
        ],
        [
          0.36348486,
          0.06604725,
          0.48949596
        ],
        [
          0.39915502,
          0.1286397,
          0.07489266
        ]
      ]
    },
    "id" : "0DB538D1-6488-4268-BE87-A619CB9330DF",
    "metrics" : {
      "activity_diversity_mean" : 0.14295007,
      "activity_eac_mean" : 2553.973,
      "activity_ean_mean" : 269.14758,
      "activity_species_mean" : 11.666667,
      "center_velocity" : 0.00015613387,
      "displacement" : 0.0663569,
      "energy_mean" : 128.8216,
      "gyration" : 2430.4832,
      "heading_rad" : 0,
      "is_stable" : true,
      "mass_max" : 574.1374,
      "mass_mean" : 574.131,
      "mass_min" : 574.12445,
      "mass_std" : 0,
      "occupancy_mean" : 0.19071452,
      "path_length" : 0.5734851,
      "sample_count" : 18,
      "speed_count" : 0,
      "speed_mean" : 0.00015613387,
      "variance_mean" : 0.006634691,
      "velocity_x" : 0,
      "velocity_y" : 0
    },
    "name" : "flowing-glider-9876",
    "owner_id" : "local-node",
    "phenotype" : {
      "a_uniform" : {
        "high" : 1,
        "low" : 0
      },
      "p_uniform" : {
        "high" : 1,
        "low" : 0
      },
      "patches" : [
        {
          "center" : [
            32,
            32
          ],
          "size" : 24
        },
        {
          "center" : [
            96,
            96
          ],
          "size" : 24
        }
      ],
      "seed" : 300032
    },
    "score" : 146.52637,
    "score_weights" : {
      "activity_diversity_mean" : 2,
      "activity_ean_mean" : 0.5,
      "activity_species_mean" : 1
    },
    "timestamp" : "2026-02-28T17:37:55.543Z"
  },
  "media" : {
    "anatomy" : {
      "deltaPath" : "releases\/qg-20260228-real-creatures\/runs\/qg-nnea-s300032\/0db538d1-6488-4268-be87-a619cb9330df\/delta.png",
      "fieldPath" : "releases\/qg-20260228-real-creatures\/runs\/qg-nnea-s300032\/0db538d1-6488-4268-be87-a619cb9330df\/field.png",
      "kernelPath" : "releases\/qg-20260228-real-creatures\/runs\/qg-nnea-s300032\/0db538d1-6488-4268-be87-a619cb9330df\/kernel.png",
      "neighborPath" : "releases\/qg-20260228-real-creatures\/runs\/qg-nnea-s300032\/0db538d1-6488-4268-be87-a619cb9330df\/neighbor.png"
    },
    "height" : 128,
    "posterPath" : "releases\/qg-20260228-real-creatures\/runs\/qg-nnea-s300032\/0db538d1-6488-4268-be87-a619cb9330df\/poster.png",
    "replayPath" : "releases\/qg-20260228-real-creatures\/runs\/qg-nnea-s300032\/0db538d1-6488-4268-be87-a619cb9330df\/replay.json",
    "width" : 128
  },
  "published_at" : "2026-03-06T18:48:16.691Z",
  "recorded_at" : "2026-02-28T17:37:55.543Z",
  "run_id" : "qg-nnea-s300032",
  "run_name" : "qg-nnea-s300032",
  "source_db" : "\/Users\/ludwig\/dev\/specter-labs\/dossiers\/lenia-swarm\/artifacts\/qg-20260228\/compendium.sqlite",
  "telemetry" : {
    "centroid" : {
      "x" : 0.48992884,
      "y" : 0.49105212
    },
    "headingRad" : -0.6755493,
    "speed" : 0.00061031926,
    "trail" : [
      {
        "x" : 0.48897955,
        "y" : 0.4895746
      },
      {
        "x" : 0.48897043,
        "y" : 0.49014938
      },
      {
        "x" : 0.48945257,
        "y" : 0.49067047
      }
    ],
    "vx" : 0.0004762709,
    "vy" : -0.00038164854
  }
}