{
  "artifact_source" : "rendered_stage_media_with_replay",
  "creature" : {
    "config_hash" : "ccf08353ea32",
    "genotype" : {
      "R" : 11.069121,
      "a" : [
        [
          0.047981083,
          0.048250616,
          0.53557885
        ],
        [
          0.3389777,
          0.33918542,
          0.81695735
        ],
        [
          0.67409515,
          0.16156626,
          0.5220773
        ]
      ],
      "b" : [
        [
          0.17157024,
          0.44620335,
          0.8174716
        ],
        [
          0.0005655885,
          0.6708555,
          0.7663197
        ],
        [
          0.34019387,
          0.9792068,
          0.23549402
        ]
      ],
      "h" : [
        0.5522238,
        0.89069,
        0.66184425
      ],
      "m" : [
        0.45245492,
        0.46509266,
        0.09133196
      ],
      "r" : [
        0.44685978,
        0.26185513,
        0.33784866
      ],
      "s" : [
        0.15922311,
        0.04247765,
        0.017715808
      ],
      "w" : [
        [
          0.08895344,
          0.47942546,
          0.43367398
        ],
        [
          0.021494187,
          0.49769154,
          0.21447295
        ],
        [
          0.4081854,
          0.40078184,
          0.05318983
        ]
      ]
    },
    "id" : "0E51E55F-5297-477A-BC49-047A1AAA01EE",
    "metrics" : {
      "activity_diversity_mean" : 0.04744512,
      "activity_eac_mean" : 2502.7412,
      "activity_ean_mean" : 262.4346,
      "activity_species_mean" : 9.555555,
      "center_velocity" : 0.00050517125,
      "displacement" : 0.2146978,
      "energy_mean" : 121.131714,
      "gyration" : 2365.0117,
      "heading_rad" : 0,
      "is_stable" : true,
      "mass_max" : 564.48535,
      "mass_mean" : 564.479,
      "mass_min" : 564.47266,
      "mass_std" : 0,
      "occupancy_mean" : 0.18411933,
      "path_length" : 0.41645366,
      "sample_count" : 18,
      "speed_count" : 0,
      "speed_mean" : 0.00050517125,
      "variance_mean" : 0.006206279,
      "velocity_x" : 0,
      "velocity_y" : 0
    },
    "name" : "luminous-pulse-1124",
    "owner_id" : "local-node",
    "phenotype" : {
      "a_uniform" : {
        "high" : 1,
        "low" : 0
      },
      "p_uniform" : {
        "high" : 1,
        "low" : 0
      },
      "patches" : [
        {
          "center" : [
            32,
            32
          ],
          "size" : 24
        },
        {
          "center" : [
            96,
            96
          ],
          "size" : 24
        }
      ],
      "seed" : 300079
    },
    "score" : 140.86775,
    "score_weights" : {
      "activity_diversity_mean" : 2,
      "activity_ean_mean" : 0.5,
      "activity_species_mean" : 1
    },
    "timestamp" : "2026-02-28T17:46:31.919Z"
  },
  "media" : {
    "anatomy" : {
      "deltaPath" : "releases\/qg-20260228-real-creatures\/runs\/qg-nnea-s300064\/0e51e55f-5297-477a-bc49-047a1aaa01ee\/delta.png",
      "fieldPath" : "releases\/qg-20260228-real-creatures\/runs\/qg-nnea-s300064\/0e51e55f-5297-477a-bc49-047a1aaa01ee\/field.png",
      "kernelPath" : "releases\/qg-20260228-real-creatures\/runs\/qg-nnea-s300064\/0e51e55f-5297-477a-bc49-047a1aaa01ee\/kernel.png",
      "neighborPath" : "releases\/qg-20260228-real-creatures\/runs\/qg-nnea-s300064\/0e51e55f-5297-477a-bc49-047a1aaa01ee\/neighbor.png"
    },
    "height" : 128,
    "posterPath" : "releases\/qg-20260228-real-creatures\/runs\/qg-nnea-s300064\/0e51e55f-5297-477a-bc49-047a1aaa01ee\/poster.png",
    "replayPath" : "releases\/qg-20260228-real-creatures\/runs\/qg-nnea-s300064\/0e51e55f-5297-477a-bc49-047a1aaa01ee\/replay.json",
    "width" : 128
  },
  "published_at" : "2026-03-06T18:48:16.691Z",
  "recorded_at" : "2026-02-28T17:46:31.919Z",
  "run_id" : "qg-nnea-s300064",
  "run_name" : "qg-nnea-s300064",
  "source_db" : "\/Users\/ludwig\/dev\/specter-labs\/dossiers\/lenia-swarm\/artifacts\/qg-20260228\/compendium.sqlite",
  "telemetry" : {
    "centroid" : {
      "x" : 0.49984536,
      "y" : 0.49433333
    },
    "headingRad" : 1.6557611,
    "speed" : 0.00013028891,
    "trail" : [
      {
        "x" : 0.49970573,
        "y" : 0.49441168
      },
      {
        "x" : 0.49975437,
        "y" : 0.494468
      },
      {
        "x" : 0.4998564,
        "y" : 0.49446315
      }
    ],
    "vx" : -1.1056662e-05,
    "vy" : 0.00012981892
  }
}