{
  "artifact_source" : "rendered_stage_media_with_replay",
  "creature" : {
    "config_hash" : "ccf08353ea32",
    "genotype" : {
      "R" : 4.9472823,
      "a" : [
        [
          0.010975361,
          0.19659287,
          0.37199068
        ],
        [
          0.72990805,
          0.990351,
          0.9358647
        ],
        [
          0.9802476,
          0.0106829405,
          0.9211836
        ]
      ],
      "b" : [
        [
          0.5690932,
          0.6631079,
          0.6365597
        ],
        [
          0.5302685,
          0.8331608,
          0.9068971
        ],
        [
          0.3500285,
          0.86203945,
          0.43309438
        ]
      ],
      "h" : [
        0.9769113,
        0.024823189,
        0.3173778
      ],
      "m" : [
        0.48850366,
        0.0564354,
        0.39717472
      ],
      "r" : [
        0.71740395,
        0.9714301,
        0.9989148
      ],
      "s" : [
        0.018832706,
        0.16004239,
        0.03981048
      ],
      "w" : [
        [
          0.07693018,
          0.44132632,
          0.16988136
        ],
        [
          0.2369139,
          0.19098225,
          0.13053302
        ],
        [
          0.28562206,
          0.11892542,
          0.37647128
        ]
      ]
    },
    "id" : "14F54F31-1252-446A-AA9F-3D962F5B70A1",
    "metrics" : {
      "activity_diversity_mean" : 0.012668367,
      "activity_eac_mean" : 2550.7202,
      "activity_ean_mean" : 268.30978,
      "activity_species_mean" : 5.5555553,
      "center_velocity" : 0.00012995047,
      "displacement" : 0.055228945,
      "energy_mean" : 111.47503,
      "gyration" : 2418.7656,
      "heading_rad" : 0,
      "is_stable" : true,
      "mass_max" : 573.63837,
      "mass_mean" : 573.63196,
      "mass_min" : 573.6255,
      "mass_std" : 0,
      "occupancy_mean" : 0.19465129,
      "path_length" : 0.5139752,
      "sample_count" : 18,
      "speed_count" : 0,
      "speed_mean" : 0.00012995047,
      "variance_mean" : 0.0055780765,
      "velocity_x" : 0,
      "velocity_y" : 0
    },
    "name" : "pulsing-dancer-8377",
    "owner_id" : "local-node",
    "phenotype" : {
      "a_uniform" : {
        "high" : 1,
        "low" : 0
      },
      "p_uniform" : {
        "high" : 1,
        "low" : 0
      },
      "patches" : [
        {
          "center" : [
            32,
            32
          ],
          "size" : 24
        },
        {
          "center" : [
            96,
            96
          ],
          "size" : 24
        }
      ],
      "seed" : 300160
    },
    "score" : 139.73578,
    "score_weights" : {
      "activity_diversity_mean" : 2,
      "activity_ean_mean" : 0.5,
      "activity_species_mean" : 1
    },
    "timestamp" : "2026-02-28T18:14:58.219Z"
  },
  "media" : {
    "anatomy" : {
      "deltaPath" : "releases\/qg-20260228-real-creatures\/runs\/qg-nnea-s300160\/14f54f31-1252-446a-aa9f-3d962f5b70a1\/delta.png",
      "fieldPath" : "releases\/qg-20260228-real-creatures\/runs\/qg-nnea-s300160\/14f54f31-1252-446a-aa9f-3d962f5b70a1\/field.png",
      "kernelPath" : "releases\/qg-20260228-real-creatures\/runs\/qg-nnea-s300160\/14f54f31-1252-446a-aa9f-3d962f5b70a1\/kernel.png",
      "neighborPath" : "releases\/qg-20260228-real-creatures\/runs\/qg-nnea-s300160\/14f54f31-1252-446a-aa9f-3d962f5b70a1\/neighbor.png"
    },
    "height" : 128,
    "posterPath" : "releases\/qg-20260228-real-creatures\/runs\/qg-nnea-s300160\/14f54f31-1252-446a-aa9f-3d962f5b70a1\/poster.png",
    "replayPath" : "releases\/qg-20260228-real-creatures\/runs\/qg-nnea-s300160\/14f54f31-1252-446a-aa9f-3d962f5b70a1\/replay.json",
    "width" : 128
  },
  "published_at" : "2026-03-06T18:48:16.691Z",
  "recorded_at" : "2026-02-28T18:14:58.219Z",
  "run_id" : "qg-nnea-s300160",
  "run_name" : "qg-nnea-s300160",
  "source_db" : "\/Users\/ludwig\/dev\/specter-labs\/dossiers\/lenia-swarm\/artifacts\/qg-20260228\/compendium.sqlite",
  "telemetry" : {
    "centroid" : {
      "x" : 0.4953122,
      "y" : 0.49532962
    },
    "headingRad" : -0.54171467,
    "speed" : 4.3408236e-05,
    "trail" : [
      {
        "x" : 0.49537134,
        "y" : 0.4956562
      },
      {
        "x" : 0.49526688,
        "y" : 0.49546465
      },
      {
        "x" : 0.49527502,
        "y" : 0.49530724
      }
    ],
    "vx" : 3.71933e-05,
    "vy" : -2.2381544e-05
  }
}