{
  "artifact_source" : "rendered_stage_media_with_replay",
  "creature" : {
    "config_hash" : "ccf08353ea32",
    "genotype" : {
      "R" : 10.2617445,
      "a" : [
        [
          0.47012144,
          0.68872005,
          0.31970376
        ],
        [
          0.9238643,
          0.2581482,
          0.6873622
        ],
        [
          0.051957548,
          0.4435457,
          0.58559996
        ]
      ],
      "b" : [
        [
          0.7592611,
          0.0035688877,
          0.18738836
        ],
        [
          0.6357332,
          0.8617983,
          0.24310327
        ],
        [
          0.81466806,
          0.15545475,
          0.8459337
        ]
      ],
      "h" : [
        0.70043683,
        0.9591787,
        0.7877033
      ],
      "m" : [
        0.1918498,
        0.44322288,
        0.37770697
      ],
      "r" : [
        0.8270231,
        0.7303572,
        0.6575453
      ],
      "s" : [
        0.17495082,
        0.14300045,
        0.13311437
      ],
      "w" : [
        [
          0.35275695,
          0.25675267,
          0.29185197
        ],
        [
          0.25358117,
          0.2964258,
          0.12110567
        ],
        [
          0.32940257,
          0.49684972,
          0.06600026
        ]
      ]
    },
    "id" : "1AE5D096-040F-4663-84A7-34593BCD8552",
    "metrics" : {
      "activity_diversity_mean" : 0.046659578,
      "activity_eac_mean" : 2620.7751,
      "activity_ean_mean" : 276.85794,
      "activity_species_mean" : 6,
      "center_velocity" : 0.00026563264,
      "displacement" : 0.11289387,
      "energy_mean" : 139.53937,
      "gyration" : 2397.271,
      "heading_rad" : 0,
      "is_stable" : true,
      "mass_max" : 585.04626,
      "mass_mean" : 585.0397,
      "mass_min" : 585.0331,
      "mass_std" : 0,
      "occupancy_mean" : 0.18692356,
      "path_length" : 0.25077334,
      "sample_count" : 18,
      "speed_count" : 0,
      "speed_mean" : 0.00026563264,
      "variance_mean" : 0.0072417473,
      "velocity_x" : 0,
      "velocity_y" : 0
    },
    "name" : "radiant-blob-3759",
    "owner_id" : "local-node",
    "phenotype" : {
      "a_uniform" : {
        "high" : 1,
        "low" : 0
      },
      "p_uniform" : {
        "high" : 1,
        "low" : 0
      },
      "patches" : [
        {
          "center" : [
            32,
            32
          ],
          "size" : 24
        },
        {
          "center" : [
            96,
            96
          ],
          "size" : 24
        }
      ],
      "seed" : 300050
    },
    "score" : 144.5223,
    "score_weights" : {
      "activity_diversity_mean" : 2,
      "activity_ean_mean" : 0.5,
      "activity_species_mean" : 1
    },
    "timestamp" : "2026-02-28T17:37:55.545Z"
  },
  "media" : {
    "anatomy" : {
      "deltaPath" : "releases\/qg-20260228-real-creatures\/runs\/qg-nnea-s300032\/1ae5d096-040f-4663-84a7-34593bcd8552\/delta.png",
      "fieldPath" : "releases\/qg-20260228-real-creatures\/runs\/qg-nnea-s300032\/1ae5d096-040f-4663-84a7-34593bcd8552\/field.png",
      "kernelPath" : "releases\/qg-20260228-real-creatures\/runs\/qg-nnea-s300032\/1ae5d096-040f-4663-84a7-34593bcd8552\/kernel.png",
      "neighborPath" : "releases\/qg-20260228-real-creatures\/runs\/qg-nnea-s300032\/1ae5d096-040f-4663-84a7-34593bcd8552\/neighbor.png"
    },
    "height" : 128,
    "posterPath" : "releases\/qg-20260228-real-creatures\/runs\/qg-nnea-s300032\/1ae5d096-040f-4663-84a7-34593bcd8552\/poster.png",
    "replayPath" : "releases\/qg-20260228-real-creatures\/runs\/qg-nnea-s300032\/1ae5d096-040f-4663-84a7-34593bcd8552\/replay.json",
    "width" : 128
  },
  "published_at" : "2026-03-06T18:48:16.691Z",
  "recorded_at" : "2026-02-28T17:37:55.545Z",
  "run_id" : "qg-nnea-s300032",
  "run_name" : "qg-nnea-s300032",
  "source_db" : "\/Users\/ludwig\/dev\/specter-labs\/dossiers\/lenia-swarm\/artifacts\/qg-20260228\/compendium.sqlite",
  "telemetry" : {
    "centroid" : {
      "x" : 0.50341284,
      "y" : 0.5032329
    },
    "headingRad" : -0.5163579,
    "speed" : 0.00028636336,
    "trail" : [
      {
        "x" : 0.5012592,
        "y" : 0.5007996
      },
      {
        "x" : 0.50144434,
        "y" : 0.5011383
      },
      {
        "x" : 0.5031638,
        "y" : 0.5030915
      }
    ],
    "vx" : 0.0002490282,
    "vy" : -0.00014138222
  }
}