{
  "artifact_source" : "rendered_stage_media_with_replay",
  "creature" : {
    "config_hash" : "ccf08353ea32",
    "genotype" : {
      "R" : 12.222247,
      "a" : [
        [
          0.9919485,
          0.65577334,
          0.32275403
        ],
        [
          0.183765,
          0.51128525,
          0.88461226
        ],
        [
          0.69636804,
          0.076426506,
          0.6004814
        ]
      ],
      "b" : [
        [
          0.25989467,
          0.061248302,
          0.6600805
        ],
        [
          0.021690965,
          0.9695974,
          0.29781365
        ],
        [
          0.20947152,
          0.47259498,
          0.63320315
        ]
      ],
      "h" : [
        0.28899086,
        0.63518924,
        0.18387532
      ],
      "m" : [
        0.4176302,
        0.26930708,
        0.27155462
      ],
      "r" : [
        0.5719313,
        0.8851326,
        0.53096366
      ],
      "s" : [
        0.11272816,
        0.02218977,
        0.18254434
      ],
      "w" : [
        [
          0.24393402,
          0.49334726,
          0.32881522
        ],
        [
          0.23988126,
          0.21223223,
          0.4316606
        ],
        [
          0.10872165,
          0.41586146,
          0.14473034
        ]
      ]
    },
    "id" : "1C7140DA-1578-4EFB-8819-C7C5491CA245",
    "metrics" : {
      "activity_diversity_mean" : 0.12183073,
      "activity_eac_mean" : 2591.7568,
      "activity_ean_mean" : 272.35223,
      "activity_species_mean" : 5.6666665,
      "center_velocity" : 0.00031291478,
      "displacement" : 0.13298878,
      "energy_mean" : 144.4289,
      "gyration" : 2392.1233,
      "heading_rad" : 0,
      "is_stable" : true,
      "mass_max" : 579.46814,
      "mass_mean" : 579.4616,
      "mass_min" : 579.455,
      "mass_std" : 0,
      "occupancy_mean" : 0.19447157,
      "path_length" : 0.33859634,
      "sample_count" : 18,
      "speed_count" : 0,
      "speed_mean" : 0.00031291478,
      "variance_mean" : 0.007564379,
      "velocity_x" : 0,
      "velocity_y" : 0
    },
    "name" : "ethereal-amoeba-0529",
    "owner_id" : "local-node",
    "phenotype" : {
      "a_uniform" : {
        "high" : 1,
        "low" : 0
      },
      "p_uniform" : {
        "high" : 1,
        "low" : 0
      },
      "patches" : [
        {
          "center" : [
            32,
            32
          ],
          "size" : 24
        },
        {
          "center" : [
            96,
            96
          ],
          "size" : 24
        }
      ],
      "seed" : 300021
    },
    "score" : 142.08646,
    "score_weights" : {
      "activity_diversity_mean" : 2,
      "activity_ean_mean" : 0.5,
      "activity_species_mean" : 1
    },
    "timestamp" : "2026-02-28T17:09:59.387Z"
  },
  "media" : {
    "anatomy" : {
      "deltaPath" : "releases\/qg-20260228-real-creatures\/runs\/qg-nnea-s300000\/1c7140da-1578-4efb-8819-c7c5491ca245\/delta.png",
      "fieldPath" : "releases\/qg-20260228-real-creatures\/runs\/qg-nnea-s300000\/1c7140da-1578-4efb-8819-c7c5491ca245\/field.png",
      "kernelPath" : "releases\/qg-20260228-real-creatures\/runs\/qg-nnea-s300000\/1c7140da-1578-4efb-8819-c7c5491ca245\/kernel.png",
      "neighborPath" : "releases\/qg-20260228-real-creatures\/runs\/qg-nnea-s300000\/1c7140da-1578-4efb-8819-c7c5491ca245\/neighbor.png"
    },
    "height" : 128,
    "posterPath" : "releases\/qg-20260228-real-creatures\/runs\/qg-nnea-s300000\/1c7140da-1578-4efb-8819-c7c5491ca245\/poster.png",
    "replayPath" : "releases\/qg-20260228-real-creatures\/runs\/qg-nnea-s300000\/1c7140da-1578-4efb-8819-c7c5491ca245\/replay.json",
    "width" : 128
  },
  "published_at" : "2026-03-06T18:48:16.691Z",
  "recorded_at" : "2026-02-28T17:09:59.387Z",
  "run_id" : "qg-nnea-s300000",
  "run_name" : "qg-nnea-s300000",
  "source_db" : "\/Users\/ludwig\/dev\/specter-labs\/dossiers\/lenia-swarm\/artifacts\/qg-20260228\/compendium.sqlite",
  "telemetry" : {
    "centroid" : {
      "x" : 0.49889103,
      "y" : 0.50103366
    },
    "headingRad" : 2.3624103,
    "speed" : 0.0009899643,
    "trail" : [
      {
        "x" : 0.5002678,
        "y" : 0.50255275
      },
      {
        "x" : 0.4993772,
        "y" : 0.5016798
      },
      {
        "x" : 0.49959537,
        "y" : 0.5017293
      }
    ],
    "vx" : -0.0007043481,
    "vy" : 0.0006956458
  }
}