{
  "artifact_source" : "rendered_stage_media_with_replay",
  "creature" : {
    "config_hash" : "ccf08353ea32",
    "genotype" : {
      "R" : 13.488576,
      "a" : [
        [
          0.35267943,
          0.089839995,
          0.22134137
        ],
        [
          0.053108394,
          0.05475408,
          0.30662465
        ],
        [
          0.43186337,
          0.023896694,
          0.19489098
        ]
      ],
      "b" : [
        [
          0.916132,
          0.3067028,
          0.12772352
        ],
        [
          0.806338,
          0.60216606,
          0.85515225
        ],
        [
          0.77899,
          0.46386892,
          0.00878346
        ]
      ],
      "h" : [
        0.8479139,
        0.9757194,
        0.24471557
      ],
      "m" : [
        0.103797816,
        0.1464171,
        0.09408985
      ],
      "r" : [
        0.94540036,
        0.9668361,
        0.59794205
      ],
      "s" : [
        0.1764776,
        0.0037367754,
        0.040785383
      ],
      "w" : [
        [
          0.07451281,
          0.09614172,
          0.20829117
        ],
        [
          0.24815537,
          0.22353819,
          0.21537296
        ],
        [
          0.3975205,
          0.08874328,
          0.45883632
        ]
      ]
    },
    "id" : "30815B40-9801-4D5A-82B9-01149CC6E2E2",
    "metrics" : {
      "activity_diversity_mean" : 0.06029068,
      "activity_eac_mean" : 2442.3438,
      "activity_ean_mean" : 258.72083,
      "activity_species_mean" : 3.8888888,
      "center_velocity" : 0.00010979726,
      "displacement" : 0.046663836,
      "energy_mean" : 127.76022,
      "gyration" : 2402.497,
      "heading_rad" : 0,
      "is_stable" : true,
      "mass_max" : 556.32837,
      "mass_mean" : 556.32214,
      "mass_min" : 556.31586,
      "mass_std" : 0.17677669,
      "occupancy_mean" : 0.16426934,
      "path_length" : 0.2151065,
      "sample_count" : 18,
      "speed_count" : 0,
      "speed_mean" : 0.00010979726,
      "variance_mean" : 0.006644909,
      "velocity_x" : 0,
      "velocity_y" : 0
    },
    "name" : "mystic-glider-5801",
    "owner_id" : "local-node",
    "phenotype" : {
      "a_uniform" : {
        "high" : 1,
        "low" : 0
      },
      "p_uniform" : {
        "high" : 1,
        "low" : 0
      },
      "patches" : [
        {
          "center" : [
            32,
            32
          ],
          "size" : 24
        },
        {
          "center" : [
            96,
            96
          ],
          "size" : 24
        }
      ],
      "seed" : 300077
    },
    "score" : 133.36989,
    "score_weights" : {
      "activity_diversity_mean" : 2,
      "activity_ean_mean" : 0.5,
      "activity_species_mean" : 1
    },
    "timestamp" : "2026-02-28T17:46:31.919Z"
  },
  "media" : {
    "anatomy" : {
      "deltaPath" : "releases\/qg-20260228-real-creatures\/runs\/qg-nnea-s300064\/30815b40-9801-4d5a-82b9-01149cc6e2e2\/delta.png",
      "fieldPath" : "releases\/qg-20260228-real-creatures\/runs\/qg-nnea-s300064\/30815b40-9801-4d5a-82b9-01149cc6e2e2\/field.png",
      "kernelPath" : "releases\/qg-20260228-real-creatures\/runs\/qg-nnea-s300064\/30815b40-9801-4d5a-82b9-01149cc6e2e2\/kernel.png",
      "neighborPath" : "releases\/qg-20260228-real-creatures\/runs\/qg-nnea-s300064\/30815b40-9801-4d5a-82b9-01149cc6e2e2\/neighbor.png"
    },
    "height" : 128,
    "posterPath" : "releases\/qg-20260228-real-creatures\/runs\/qg-nnea-s300064\/30815b40-9801-4d5a-82b9-01149cc6e2e2\/poster.png",
    "replayPath" : "releases\/qg-20260228-real-creatures\/runs\/qg-nnea-s300064\/30815b40-9801-4d5a-82b9-01149cc6e2e2\/replay.json",
    "width" : 128
  },
  "published_at" : "2026-03-06T18:48:16.691Z",
  "recorded_at" : "2026-02-28T17:46:31.919Z",
  "run_id" : "qg-nnea-s300064",
  "run_name" : "qg-nnea-s300064",
  "source_db" : "\/Users\/ludwig\/dev\/specter-labs\/dossiers\/lenia-swarm\/artifacts\/qg-20260228\/compendium.sqlite",
  "telemetry" : {
    "centroid" : {
      "x" : 0.4944023,
      "y" : 0.49527988
    },
    "headingRad" : 2.3764622,
    "speed" : 0.0007944205,
    "trail" : [
      {
        "x" : 0.49501368,
        "y" : 0.49606183
      },
      {
        "x" : 0.49486622,
        "y" : 0.49580935
      },
      {
        "x" : 0.4949753,
        "y" : 0.49583012
      }
    ],
    "vx" : -0.00057300925,
    "vy" : 0.0005502403
  }
}