{
  "artifact_source" : "rendered_stage_media_with_replay",
  "creature" : {
    "config_hash" : "ccf08353ea32",
    "genotype" : {
      "R" : 17.953545,
      "a" : [
        [
          0.45172536,
          0.8240873,
          0.99645567
        ],
        [
          0.37968338,
          0.5342658,
          0.49241602
        ],
        [
          0.46496302,
          0.23394084,
          0.10127109
        ]
      ],
      "b" : [
        [
          0.37258047,
          0.31284606,
          0.11342412
        ],
        [
          0.7011755,
          0.6340608,
          0.3424635
        ],
        [
          0.25200218,
          0.46384698,
          0.17120987
        ]
      ],
      "h" : [
        0.64099896,
        0.9599639,
        0.38246912
      ],
      "m" : [
        0.3992502,
        0.0631101,
        0.36417234
      ],
      "r" : [
        0.25321698,
        0.94583756,
        0.42681563
      ],
      "s" : [
        0.011220322,
        0.07932603,
        0.057490457
      ],
      "w" : [
        [
          0.41509587,
          0.24937573,
          0.11637869
        ],
        [
          0.29448676,
          0.23593448,
          0.22068653
        ],
        [
          0.09840284,
          0.47000402,
          0.15010001
        ]
      ]
    },
    "id" : "4042A358-2214-4B13-A241-02AAA4F10751",
    "metrics" : {
      "activity_diversity_mean" : 0.0787673,
      "activity_eac_mean" : 2537.3967,
      "activity_ean_mean" : 266.52756,
      "activity_species_mean" : 3.5555556,
      "center_velocity" : 0.00034488004,
      "displacement" : 0.14657402,
      "energy_mean" : 119.639244,
      "gyration" : 2425.087,
      "heading_rad" : 0,
      "is_stable" : true,
      "mass_max" : 567.8308,
      "mass_mean" : 567.82446,
      "mass_min" : 567.818,
      "mass_std" : 0,
      "occupancy_mean" : 0.19085693,
      "path_length" : 0.37346008,
      "sample_count" : 18,
      "speed_count" : 0,
      "speed_mean" : 0.00034488004,
      "variance_mean" : 0.006101075,
      "velocity_x" : 0,
      "velocity_y" : 0
    },
    "name" : "mystic-dancer-3733",
    "owner_id" : "local-node",
    "phenotype" : {
      "a_uniform" : {
        "high" : 1,
        "low" : 0
      },
      "p_uniform" : {
        "high" : 1,
        "low" : 0
      },
      "patches" : [
        {
          "center" : [
            32,
            32
          ],
          "size" : 24
        },
        {
          "center" : [
            96,
            96
          ],
          "size" : 24
        }
      ],
      "seed" : 300223
    },
    "score" : 136.97687,
    "score_weights" : {
      "activity_diversity_mean" : 2,
      "activity_ean_mean" : 0.5,
      "activity_species_mean" : 1
    },
    "timestamp" : "2026-02-28T18:26:08.264Z"
  },
  "media" : {
    "anatomy" : {
      "deltaPath" : "releases\/qg-20260228-real-creatures\/runs\/qg-nnea-s300192\/4042a358-2214-4b13-a241-02aaa4f10751\/delta.png",
      "fieldPath" : "releases\/qg-20260228-real-creatures\/runs\/qg-nnea-s300192\/4042a358-2214-4b13-a241-02aaa4f10751\/field.png",
      "kernelPath" : "releases\/qg-20260228-real-creatures\/runs\/qg-nnea-s300192\/4042a358-2214-4b13-a241-02aaa4f10751\/kernel.png",
      "neighborPath" : "releases\/qg-20260228-real-creatures\/runs\/qg-nnea-s300192\/4042a358-2214-4b13-a241-02aaa4f10751\/neighbor.png"
    },
    "height" : 128,
    "posterPath" : "releases\/qg-20260228-real-creatures\/runs\/qg-nnea-s300192\/4042a358-2214-4b13-a241-02aaa4f10751\/poster.png",
    "replayPath" : "releases\/qg-20260228-real-creatures\/runs\/qg-nnea-s300192\/4042a358-2214-4b13-a241-02aaa4f10751\/replay.json",
    "width" : 128
  },
  "published_at" : "2026-03-06T18:48:16.691Z",
  "recorded_at" : "2026-02-28T18:26:08.264Z",
  "run_id" : "qg-nnea-s300192",
  "run_name" : "qg-nnea-s300192",
  "source_db" : "\/Users\/ludwig\/dev\/specter-labs\/dossiers\/lenia-swarm\/artifacts\/qg-20260228\/compendium.sqlite",
  "telemetry" : {
    "centroid" : {
      "x" : 0.49406514,
      "y" : 0.49447188
    },
    "headingRad" : -0.717377,
    "speed" : 0.00052676833,
    "trail" : [
      {
        "x" : 0.4941621,
        "y" : 0.49493843
      },
      {
        "x" : 0.49327895,
        "y" : 0.49387062
      },
      {
        "x" : 0.4936682,
        "y" : 0.49412557
      }
    ],
    "vx" : 0.00039693713,
    "vy" : -0.000346303
  }
}