{
  "artifact_source" : "rendered_stage_media_with_replay",
  "creature" : {
    "config_hash" : "ccf08353ea32",
    "genotype" : {
      "R" : 7.4036674,
      "a" : [
        [
          0.8538684,
          0.74232775,
          0.9006345
        ],
        [
          0.20041764,
          0.102687955,
          0.93654686
        ],
        [
          0.2404362,
          0.45472324,
          0.59583694
        ]
      ],
      "b" : [
        [
          0.25330454,
          0.38852662,
          0.439233
        ],
        [
          1.2755394e-05,
          0.6215577,
          0.2532335
        ],
        [
          0.66072184,
          0.41034305,
          0.90187806
        ]
      ],
      "h" : [
        0.100049615,
        0.6815534,
        0.5531856
      ],
      "m" : [
        0.21623081,
        0.27162862,
        0.0827672
      ],
      "r" : [
        0.3721713,
        0.72501326,
        0.8495275
      ],
      "s" : [
        0.05539645,
        0.12876517,
        0.1494666
      ],
      "w" : [
        [
          0.42378795,
          0.4473963,
          0.4498652
        ],
        [
          0.3349648,
          0.3124576,
          0.4213677
        ],
        [
          0.35013548,
          0.27515274,
          0.08251676
        ]
      ]
    },
    "id" : "43ADB8AD-0F47-461D-BC2D-9ED64D4A8C66",
    "metrics" : {
      "activity_diversity_mean" : 0.0702125,
      "activity_eac_mean" : 2605.4814,
      "activity_ean_mean" : 260.00146,
      "activity_species_mean" : 4,
      "center_velocity" : 0.00050449074,
      "displacement" : 0.21440858,
      "energy_mean" : 290.79602,
      "gyration" : 2457.204,
      "heading_rad" : 0,
      "is_stable" : true,
      "mass_max" : 600.3958,
      "mass_mean" : 600.38904,
      "mass_min" : 600.3822,
      "mass_std" : 0,
      "occupancy_mean" : 0.16884358,
      "path_length" : 0.35556927,
      "sample_count" : 18,
      "speed_count" : 0,
      "speed_mean" : 0.00050449074,
      "variance_mean" : 0.016405936,
      "velocity_x" : 0,
      "velocity_y" : 0
    },
    "name" : "harmonic-entity-5330",
    "owner_id" : "local-node",
    "phenotype" : {
      "a_uniform" : {
        "high" : 1,
        "low" : 0
      },
      "p_uniform" : {
        "high" : 1,
        "low" : 0
      },
      "patches" : [
        {
          "center" : [
            32,
            32
          ],
          "size" : 24
        },
        {
          "center" : [
            96,
            96
          ],
          "size" : 24
        }
      ],
      "seed" : 300180
    },
    "score" : 134.14116,
    "score_weights" : {
      "activity_diversity_mean" : 2,
      "activity_ean_mean" : 0.5,
      "activity_species_mean" : 1
    },
    "timestamp" : "2026-02-28T18:14:58.222Z"
  },
  "media" : {
    "anatomy" : {
      "deltaPath" : "releases\/qg-20260228-real-creatures\/runs\/qg-nnea-s300160\/43adb8ad-0f47-461d-bc2d-9ed64d4a8c66\/delta.png",
      "fieldPath" : "releases\/qg-20260228-real-creatures\/runs\/qg-nnea-s300160\/43adb8ad-0f47-461d-bc2d-9ed64d4a8c66\/field.png",
      "kernelPath" : "releases\/qg-20260228-real-creatures\/runs\/qg-nnea-s300160\/43adb8ad-0f47-461d-bc2d-9ed64d4a8c66\/kernel.png",
      "neighborPath" : "releases\/qg-20260228-real-creatures\/runs\/qg-nnea-s300160\/43adb8ad-0f47-461d-bc2d-9ed64d4a8c66\/neighbor.png"
    },
    "height" : 128,
    "posterPath" : "releases\/qg-20260228-real-creatures\/runs\/qg-nnea-s300160\/43adb8ad-0f47-461d-bc2d-9ed64d4a8c66\/poster.png",
    "replayPath" : "releases\/qg-20260228-real-creatures\/runs\/qg-nnea-s300160\/43adb8ad-0f47-461d-bc2d-9ed64d4a8c66\/replay.json",
    "width" : 128
  },
  "published_at" : "2026-03-06T18:48:16.691Z",
  "recorded_at" : "2026-02-28T18:14:58.222Z",
  "run_id" : "qg-nnea-s300160",
  "run_name" : "qg-nnea-s300160",
  "source_db" : "\/Users\/ludwig\/dev\/specter-labs\/dossiers\/lenia-swarm\/artifacts\/qg-20260228\/compendium.sqlite",
  "telemetry" : {
    "centroid" : {
      "x" : 0.49430197,
      "y" : 0.4932515
    },
    "headingRad" : -0.5167512,
    "speed" : 0.0012178305,
    "trail" : [
      {
        "x" : 0.49966335,
        "y" : 0.498371
      },
      {
        "x" : 0.4947261,
        "y" : 0.4924601
      },
      {
        "x" : 0.49324316,
        "y" : 0.49264982
      }
    ],
    "vx" : 0.0010588169,
    "vy" : -0.0006016791
  }
}