{
  "artifact_source" : "rendered_stage_media_with_replay",
  "creature" : {
    "config_hash" : "ccf08353ea32",
    "genotype" : {
      "R" : 15.3231325,
      "a" : [
        [
          0.74542475,
          0.058686554,
          0.049808502
        ],
        [
          0.30381984,
          0.8930826,
          0.9601888
        ],
        [
          0.61028916,
          0.40638882,
          0.8260344
        ]
      ],
      "b" : [
        [
          0.56949055,
          0.39993715,
          0.4728247
        ],
        [
          0.25882304,
          0.5893556,
          0.6860544
        ],
        [
          0.6836458,
          0.31588668,
          0.70038605
        ]
      ],
      "h" : [
        0.46679592,
        0.25396794,
        0.30744725
      ],
      "m" : [
        0.18320785,
        0.25956878,
        0.22321582
      ],
      "r" : [
        0.98290473,
        0.33523065,
        0.43115282
      ],
      "s" : [
        0.16131814,
        0.08523468,
        0.10618905
      ],
      "w" : [
        [
          0.42551562,
          0.14374183,
          0.092585884
        ],
        [
          0.15518937,
          0.0611611,
          0.054474823
        ],
        [
          0.44002333,
          0.4330614,
          0.055134796
        ]
      ]
    },
    "id" : "44F480A9-3E43-4627-86B4-496647934159",
    "metrics" : {
      "activity_diversity_mean" : 0.12219858,
      "activity_eac_mean" : 2542.965,
      "activity_ean_mean" : 266.7698,
      "activity_species_mean" : 3.6666667,
      "center_velocity" : 0.00021396032,
      "displacement" : 0.09093314,
      "energy_mean" : 174.76295,
      "gyration" : 2449.7803,
      "heading_rad" : 0,
      "is_stable" : true,
      "mass_max" : 574.88727,
      "mass_mean" : 574.8808,
      "mass_min" : 574.87427,
      "mass_std" : 0,
      "occupancy_mean" : 0.20903523,
      "path_length" : 0.2603793,
      "sample_count" : 18,
      "speed_count" : 0,
      "speed_mean" : 0.00021396032,
      "variance_mean" : 0.009435522,
      "velocity_x" : 0,
      "velocity_y" : 0
    },
    "name" : "mystic-glider-6684",
    "owner_id" : "local-node",
    "phenotype" : {
      "a_uniform" : {
        "high" : 1,
        "low" : 0
      },
      "p_uniform" : {
        "high" : 1,
        "low" : 0
      },
      "patches" : [
        {
          "center" : [
            32,
            32
          ],
          "size" : 24
        },
        {
          "center" : [
            96,
            96
          ],
          "size" : 24
        }
      ],
      "seed" : 300043
    },
    "score" : 137.29597,
    "score_weights" : {
      "activity_diversity_mean" : 2,
      "activity_ean_mean" : 0.5,
      "activity_species_mean" : 1
    },
    "timestamp" : "2026-02-28T17:37:55.544Z"
  },
  "media" : {
    "anatomy" : {
      "deltaPath" : "releases\/qg-20260228-real-creatures\/runs\/qg-nnea-s300032\/44f480a9-3e43-4627-86b4-496647934159\/delta.png",
      "fieldPath" : "releases\/qg-20260228-real-creatures\/runs\/qg-nnea-s300032\/44f480a9-3e43-4627-86b4-496647934159\/field.png",
      "kernelPath" : "releases\/qg-20260228-real-creatures\/runs\/qg-nnea-s300032\/44f480a9-3e43-4627-86b4-496647934159\/kernel.png",
      "neighborPath" : "releases\/qg-20260228-real-creatures\/runs\/qg-nnea-s300032\/44f480a9-3e43-4627-86b4-496647934159\/neighbor.png"
    },
    "height" : 128,
    "posterPath" : "releases\/qg-20260228-real-creatures\/runs\/qg-nnea-s300032\/44f480a9-3e43-4627-86b4-496647934159\/poster.png",
    "replayPath" : "releases\/qg-20260228-real-creatures\/runs\/qg-nnea-s300032\/44f480a9-3e43-4627-86b4-496647934159\/replay.json",
    "width" : 128
  },
  "published_at" : "2026-03-06T18:48:16.691Z",
  "recorded_at" : "2026-02-28T17:37:55.544Z",
  "run_id" : "qg-nnea-s300032",
  "run_name" : "qg-nnea-s300032",
  "source_db" : "\/Users\/ludwig\/dev\/specter-labs\/dossiers\/lenia-swarm\/artifacts\/qg-20260228\/compendium.sqlite",
  "telemetry" : {
    "centroid" : {
      "x" : 0.4925174,
      "y" : 0.49239832
    },
    "headingRad" : 1.8990322,
    "speed" : 0.00054349325,
    "trail" : [
      {
        "x" : 0.492082,
        "y" : 0.49100393
      },
      {
        "x" : 0.49244198,
        "y" : 0.49179593
      },
      {
        "x" : 0.49269262,
        "y" : 0.4929128
      }
    ],
    "vx" : -0.00017520785,
    "vy" : 0.0005144775
  }
}