{
  "artifact_source" : "rendered_stage_media_with_replay",
  "creature" : {
    "config_hash" : "ccf08353ea32",
    "genotype" : {
      "R" : 15.249843,
      "a" : [
        [
          0.23162407,
          0.6774158,
          0.60632944
        ],
        [
          0.3541836,
          0.3008291,
          0.3137592
        ],
        [
          0.26548165,
          0.11705035,
          0.7464589
        ]
      ],
      "b" : [
        [
          0.10874826,
          0.0835377,
          0.55239594
        ],
        [
          0.75625646,
          0.4774363,
          0.90110654
        ],
        [
          0.31711996,
          0.9698118,
          0.8031176
        ]
      ],
      "h" : [
        0.16830605,
        0.41640508,
        0.14270687
      ],
      "m" : [
        0.34354162,
        0.17674515,
        0.056478124
      ],
      "r" : [
        0.52078146,
        0.35431713,
        0.9369137
      ],
      "s" : [
        0.047712408,
        0.10302424,
        0.13316157
      ],
      "w" : [
        [
          0.28834197,
          0.011749865,
          0.18763205
        ],
        [
          0.025330901,
          0.22351415,
          0.07441678
        ],
        [
          0.45477328,
          0.3855778,
          0.2550587
        ]
      ]
    },
    "id" : "472D2A59-8EF5-4889-89B8-AEB00CD9B084",
    "metrics" : {
      "activity_diversity_mean" : 0.06204033,
      "activity_eac_mean" : 2616.188,
      "activity_ean_mean" : 275.35852,
      "activity_species_mean" : 7.2222223,
      "center_velocity" : 0.00012721722,
      "displacement" : 0.05406732,
      "energy_mean" : 309.4974,
      "gyration" : 2476.1707,
      "heading_rad" : 0,
      "is_stable" : true,
      "mass_max" : 595.1033,
      "mass_mean" : 595.09656,
      "mass_min" : 595.08984,
      "mass_std" : 0,
      "occupancy_mean" : 0.1846483,
      "path_length" : 0.3434306,
      "sample_count" : 18,
      "speed_count" : 0,
      "speed_mean" : 0.00012721722,
      "variance_mean" : 0.01757095,
      "velocity_x" : 0,
      "velocity_y" : 0
    },
    "name" : "pulsing-blob-7365",
    "owner_id" : "local-node",
    "phenotype" : {
      "a_uniform" : {
        "high" : 1,
        "low" : 0
      },
      "p_uniform" : {
        "high" : 1,
        "low" : 0
      },
      "patches" : [
        {
          "center" : [
            32,
            32
          ],
          "size" : 24
        },
        {
          "center" : [
            96,
            96
          ],
          "size" : 24
        }
      ],
      "seed" : 300046
    },
    "score" : 145.02557,
    "score_weights" : {
      "activity_diversity_mean" : 2,
      "activity_ean_mean" : 0.5,
      "activity_species_mean" : 1
    },
    "timestamp" : "2026-02-28T17:37:55.544Z"
  },
  "media" : {
    "anatomy" : {
      "deltaPath" : "releases\/qg-20260228-real-creatures\/runs\/qg-nnea-s300032\/472d2a59-8ef5-4889-89b8-aeb00cd9b084\/delta.png",
      "fieldPath" : "releases\/qg-20260228-real-creatures\/runs\/qg-nnea-s300032\/472d2a59-8ef5-4889-89b8-aeb00cd9b084\/field.png",
      "kernelPath" : "releases\/qg-20260228-real-creatures\/runs\/qg-nnea-s300032\/472d2a59-8ef5-4889-89b8-aeb00cd9b084\/kernel.png",
      "neighborPath" : "releases\/qg-20260228-real-creatures\/runs\/qg-nnea-s300032\/472d2a59-8ef5-4889-89b8-aeb00cd9b084\/neighbor.png"
    },
    "height" : 128,
    "posterPath" : "releases\/qg-20260228-real-creatures\/runs\/qg-nnea-s300032\/472d2a59-8ef5-4889-89b8-aeb00cd9b084\/poster.png",
    "replayPath" : "releases\/qg-20260228-real-creatures\/runs\/qg-nnea-s300032\/472d2a59-8ef5-4889-89b8-aeb00cd9b084\/replay.json",
    "width" : 128
  },
  "published_at" : "2026-03-06T18:48:16.691Z",
  "recorded_at" : "2026-02-28T17:37:55.544Z",
  "run_id" : "qg-nnea-s300032",
  "run_name" : "qg-nnea-s300032",
  "source_db" : "\/Users\/ludwig\/dev\/specter-labs\/dossiers\/lenia-swarm\/artifacts\/qg-20260228\/compendium.sqlite",
  "telemetry" : {
    "centroid" : {
      "x" : 0.4942793,
      "y" : 0.49226147
    },
    "headingRad" : 1.9970057,
    "speed" : 0.0036929387,
    "trail" : [
      {
        "x" : 0.4964405,
        "y" : 0.49597746
      },
      {
        "x" : 0.49335602,
        "y" : 0.4914532
      },
      {
        "x" : 0.49580604,
        "y" : 0.49562404
      }
    ],
    "vx" : -0.0015267432,
    "vy" : 0.0033625662
  }
}