{
  "artifact_source" : "rendered_stage_media_with_replay",
  "creature" : {
    "config_hash" : "ccf08353ea32",
    "genotype" : {
      "R" : 15.414741,
      "a" : [
        [
          0.36707926,
          0.70307,
          0.054282606
        ],
        [
          0.41033888,
          0.29033166,
          0.88928396
        ],
        [
          0.8783395,
          0.7398631,
          0.47863835
        ]
      ],
      "b" : [
        [
          0.22802854,
          0.18908858,
          0.5127463
        ],
        [
          0.50964594,
          0.61787665,
          0.6309583
        ],
        [
          0.3097304,
          0.37994194,
          0.49455893
        ]
      ],
      "h" : [
        0.41211438,
        0.8916905,
        0.44610554
      ],
      "m" : [
        0.18004784,
        0.4100722,
        0.1364694
      ],
      "r" : [
        0.96627295,
        0.9080595,
        0.6264087
      ],
      "s" : [
        0.19123586,
        0.05318094,
        0.08730722
      ],
      "w" : [
        [
          0.34727997,
          0.4791809,
          0.13317586
        ],
        [
          0.35957673,
          0.019613713,
          0.1768115
        ],
        [
          0.1278145,
          0.27564785,
          0.049724072
        ]
      ]
    },
    "id" : "615D2835-8BE7-411D-94EA-9FEB96DA787C",
    "metrics" : {
      "activity_diversity_mean" : 0.081869155,
      "activity_eac_mean" : 2473.9001,
      "activity_ean_mean" : 260.45932,
      "activity_species_mean" : 2.8888888,
      "center_velocity" : 0.00021197269,
      "displacement" : 0.09008839,
      "energy_mean" : 119.19618,
      "gyration" : 2366.7405,
      "heading_rad" : 0,
      "is_stable" : true,
      "mass_max" : 559.4938,
      "mass_mean" : 559.48755,
      "mass_min" : 559.48114,
      "mass_std" : 0,
      "occupancy_mean" : 0.18126763,
      "path_length" : 0.29521894,
      "sample_count" : 18,
      "speed_count" : 0,
      "speed_mean" : 0.00021197269,
      "variance_mean" : 0.0061090435,
      "velocity_x" : 0,
      "velocity_y" : 0
    },
    "name" : "harmonic-cell-9312",
    "owner_id" : "local-node",
    "phenotype" : {
      "a_uniform" : {
        "high" : 1,
        "low" : 0
      },
      "p_uniform" : {
        "high" : 1,
        "low" : 0
      },
      "patches" : [
        {
          "center" : [
            32,
            32
          ],
          "size" : 24
        },
        {
          "center" : [
            96,
            96
          ],
          "size" : 24
        }
      ],
      "seed" : 300131
    },
    "score" : 133.28229,
    "score_weights" : {
      "activity_diversity_mean" : 2,
      "activity_ean_mean" : 0.5,
      "activity_species_mean" : 1
    },
    "timestamp" : "2026-02-28T18:03:50.543Z"
  },
  "media" : {
    "anatomy" : {
      "deltaPath" : "releases\/qg-20260228-real-creatures\/runs\/qg-nnea-s300128\/615d2835-8be7-411d-94ea-9feb96da787c\/delta.png",
      "fieldPath" : "releases\/qg-20260228-real-creatures\/runs\/qg-nnea-s300128\/615d2835-8be7-411d-94ea-9feb96da787c\/field.png",
      "kernelPath" : "releases\/qg-20260228-real-creatures\/runs\/qg-nnea-s300128\/615d2835-8be7-411d-94ea-9feb96da787c\/kernel.png",
      "neighborPath" : "releases\/qg-20260228-real-creatures\/runs\/qg-nnea-s300128\/615d2835-8be7-411d-94ea-9feb96da787c\/neighbor.png"
    },
    "height" : 128,
    "posterPath" : "releases\/qg-20260228-real-creatures\/runs\/qg-nnea-s300128\/615d2835-8be7-411d-94ea-9feb96da787c\/poster.png",
    "replayPath" : "releases\/qg-20260228-real-creatures\/runs\/qg-nnea-s300128\/615d2835-8be7-411d-94ea-9feb96da787c\/replay.json",
    "width" : 128
  },
  "published_at" : "2026-03-06T18:48:16.691Z",
  "recorded_at" : "2026-02-28T18:03:50.543Z",
  "run_id" : "qg-nnea-s300128",
  "run_name" : "qg-nnea-s300128",
  "source_db" : "\/Users\/ludwig\/dev\/specter-labs\/dossiers\/lenia-swarm\/artifacts\/qg-20260228\/compendium.sqlite",
  "telemetry" : {
    "centroid" : {
      "x" : 0.48876056,
      "y" : 0.48823908
    },
    "headingRad" : 1.7464234,
    "speed" : 2.7120064e-05,
    "trail" : [
      {
        "x" : 0.4886596,
        "y" : 0.48823488
      },
      {
        "x" : 0.4887389,
        "y" : 0.48825783
      },
      {
        "x" : 0.4887653,
        "y" : 0.48826578
      }
    ],
    "vx" : -4.7385693e-06,
    "vy" : 2.670288e-05
  }
}