{
  "artifact_source" : "rendered_stage_media_with_replay",
  "creature" : {
    "config_hash" : "ccf08353ea32",
    "genotype" : {
      "R" : 6.224073,
      "a" : [
        [
          0.6425132,
          0.011578739,
          0.35961574
        ],
        [
          0.8796227,
          0.4882657,
          0.1992749
        ],
        [
          0.5287077,
          0.87507296,
          0.4537325
        ]
      ],
      "b" : [
        [
          0.5289154,
          0.43076277,
          0.05121547
        ],
        [
          0.5727278,
          0.103494465,
          0.34957957
        ],
        [
          0.57642674,
          0.7121819,
          0.13149428
        ]
      ],
      "h" : [
        0.33690053,
        0.6830048,
        0.057952702
      ],
      "m" : [
        0.46281895,
        0.13998081,
        0.31086072
      ],
      "r" : [
        0.24118324,
        0.6635632,
        0.28474754
      ],
      "s" : [
        0.1277897,
        0.07651773,
        0.14508362
      ],
      "w" : [
        [
          0.08337288,
          0.42010024,
          0.17016171
        ],
        [
          0.33345512,
          0.46017167,
          0.4688196
        ],
        [
          0.4058601,
          0.17186292,
          0.4430475
        ]
      ]
    },
    "id" : "62F25A2B-CEFA-403E-BBA3-9FB9E0E72956",
    "metrics" : {
      "activity_diversity_mean" : 0.09576764,
      "activity_eac_mean" : 2636.813,
      "activity_ean_mean" : 276.13834,
      "activity_species_mean" : 6.7777777,
      "center_velocity" : 8.3156265e-05,
      "displacement" : 0.03534141,
      "energy_mean" : 146.84958,
      "gyration" : 2422.4612,
      "heading_rad" : 0,
      "is_stable" : true,
      "mass_max" : 589.32513,
      "mass_mean" : 589.3185,
      "mass_min" : 589.3119,
      "mass_std" : 0,
      "occupancy_mean" : 0.20503405,
      "path_length" : 0.2623417,
      "sample_count" : 18,
      "speed_count" : 0,
      "speed_mean" : 8.3156265e-05,
      "variance_mean" : 0.007669208,
      "velocity_x" : 0,
      "velocity_y" : 0
    },
    "name" : "ancient-pattern-5804",
    "owner_id" : "local-node",
    "phenotype" : {
      "a_uniform" : {
        "high" : 1,
        "low" : 0
      },
      "p_uniform" : {
        "high" : 1,
        "low" : 0
      },
      "patches" : [
        {
          "center" : [
            32,
            32
          ],
          "size" : 24
        },
        {
          "center" : [
            96,
            96
          ],
          "size" : 24
        }
      ],
      "seed" : 300140
    },
    "score" : 145.03847,
    "score_weights" : {
      "activity_diversity_mean" : 2,
      "activity_ean_mean" : 0.5,
      "activity_species_mean" : 1
    },
    "timestamp" : "2026-02-28T18:03:50.544Z"
  },
  "media" : {
    "anatomy" : {
      "deltaPath" : "releases\/qg-20260228-real-creatures\/runs\/qg-nnea-s300128\/62f25a2b-cefa-403e-bba3-9fb9e0e72956\/delta.png",
      "fieldPath" : "releases\/qg-20260228-real-creatures\/runs\/qg-nnea-s300128\/62f25a2b-cefa-403e-bba3-9fb9e0e72956\/field.png",
      "kernelPath" : "releases\/qg-20260228-real-creatures\/runs\/qg-nnea-s300128\/62f25a2b-cefa-403e-bba3-9fb9e0e72956\/kernel.png",
      "neighborPath" : "releases\/qg-20260228-real-creatures\/runs\/qg-nnea-s300128\/62f25a2b-cefa-403e-bba3-9fb9e0e72956\/neighbor.png"
    },
    "height" : 128,
    "posterPath" : "releases\/qg-20260228-real-creatures\/runs\/qg-nnea-s300128\/62f25a2b-cefa-403e-bba3-9fb9e0e72956\/poster.png",
    "replayPath" : "releases\/qg-20260228-real-creatures\/runs\/qg-nnea-s300128\/62f25a2b-cefa-403e-bba3-9fb9e0e72956\/replay.json",
    "width" : 128
  },
  "published_at" : "2026-03-06T18:48:16.691Z",
  "recorded_at" : "2026-02-28T18:03:50.544Z",
  "run_id" : "qg-nnea-s300128",
  "run_name" : "qg-nnea-s300128",
  "source_db" : "\/Users\/ludwig\/dev\/specter-labs\/dossiers\/lenia-swarm\/artifacts\/qg-20260228\/compendium.sqlite",
  "telemetry" : {
    "centroid" : {
      "x" : 0.50009686,
      "y" : 0.501785
    },
    "headingRad" : 0.16941305,
    "speed" : 6.893619e-05,
    "trail" : [
      {
        "x" : 0.50063294,
        "y" : 0.50239265
      },
      {
        "x" : 0.500531,
        "y" : 0.5022004
      },
      {
        "x" : 0.5000289,
        "y" : 0.5017966
      }
    ],
    "vx" : 6.7949295e-05,
    "vy" : 1.1622906e-05
  }
}