{
  "artifact_source" : "rendered_stage_media_with_replay",
  "creature" : {
    "config_hash" : "ccf08353ea32",
    "genotype" : {
      "R" : 11.949085,
      "a" : [
        [
          0.58111614,
          0.61842006,
          0.6704433
        ],
        [
          0.6291174,
          0.6947235,
          0.4993676
        ],
        [
          0.46566564,
          0.81695,
          0.17924803
        ]
      ],
      "b" : [
        [
          0.30118275,
          0.43376333,
          0.46707827
        ],
        [
          0.8223785,
          0.40851164,
          0.61029285
        ],
        [
          0.74712837,
          0.07968545,
          0.54941535
        ]
      ],
      "h" : [
        0.28103262,
        0.5257237,
        0.02266717
      ],
      "m" : [
        0.09501165,
        0.4644184,
        0.3939795
      ],
      "r" : [
        0.4883368,
        0.5873337,
        0.63376904
      ],
      "s" : [
        0.09631349,
        0.13449125,
        0.04611783
      ],
      "w" : [
        [
          0.08888583,
          0.27992445,
          0.018860716
        ],
        [
          0.32273632,
          0.40002537,
          0.045046277
        ],
        [
          0.40645498,
          0.010169542,
          0.46489927
        ]
      ]
    },
    "id" : "6CB2EDD6-CC7A-4152-B4D2-EAE166DC03BA",
    "metrics" : {
      "activity_diversity_mean" : 0.11325806,
      "activity_eac_mean" : 2559.5657,
      "activity_ean_mean" : 270.00436,
      "activity_species_mean" : 5.4444447,
      "center_velocity" : 0.0003022885,
      "displacement" : 0.12847261,
      "energy_mean" : 119.80533,
      "gyration" : 2375.093,
      "heading_rad" : 0,
      "is_stable" : true,
      "mass_max" : 573.6966,
      "mass_mean" : 573.6902,
      "mass_min" : 573.6837,
      "mass_std" : 0,
      "occupancy_mean" : 0.19403416,
      "path_length" : 0.37869516,
      "sample_count" : 18,
      "speed_count" : 0,
      "speed_mean" : 0.0003022885,
      "variance_mean" : 0.006086268,
      "velocity_x" : 0,
      "velocity_y" : 0
    },
    "name" : "crystal-orbiter-5603",
    "owner_id" : "local-node",
    "phenotype" : {
      "a_uniform" : {
        "high" : 1,
        "low" : 0
      },
      "p_uniform" : {
        "high" : 1,
        "low" : 0
      },
      "patches" : [
        {
          "center" : [
            32,
            32
          ],
          "size" : 24
        },
        {
          "center" : [
            96,
            96
          ],
          "size" : 24
        }
      ],
      "seed" : 300103
    },
    "score" : 140.67314,
    "score_weights" : {
      "activity_diversity_mean" : 2,
      "activity_ean_mean" : 0.5,
      "activity_species_mean" : 1
    },
    "timestamp" : "2026-02-28T17:54:15.495Z"
  },
  "media" : {
    "anatomy" : {
      "deltaPath" : "releases\/qg-20260228-real-creatures\/runs\/qg-nnea-s300096\/6cb2edd6-cc7a-4152-b4d2-eae166dc03ba\/delta.png",
      "fieldPath" : "releases\/qg-20260228-real-creatures\/runs\/qg-nnea-s300096\/6cb2edd6-cc7a-4152-b4d2-eae166dc03ba\/field.png",
      "kernelPath" : "releases\/qg-20260228-real-creatures\/runs\/qg-nnea-s300096\/6cb2edd6-cc7a-4152-b4d2-eae166dc03ba\/kernel.png",
      "neighborPath" : "releases\/qg-20260228-real-creatures\/runs\/qg-nnea-s300096\/6cb2edd6-cc7a-4152-b4d2-eae166dc03ba\/neighbor.png"
    },
    "height" : 128,
    "posterPath" : "releases\/qg-20260228-real-creatures\/runs\/qg-nnea-s300096\/6cb2edd6-cc7a-4152-b4d2-eae166dc03ba\/poster.png",
    "replayPath" : "releases\/qg-20260228-real-creatures\/runs\/qg-nnea-s300096\/6cb2edd6-cc7a-4152-b4d2-eae166dc03ba\/replay.json",
    "width" : 128
  },
  "published_at" : "2026-03-06T18:48:16.691Z",
  "recorded_at" : "2026-02-28T17:54:15.495Z",
  "run_id" : "qg-nnea-s300096",
  "run_name" : "qg-nnea-s300096",
  "source_db" : "\/Users\/ludwig\/dev\/specter-labs\/dossiers\/lenia-swarm\/artifacts\/qg-20260228\/compendium.sqlite",
  "telemetry" : {
    "centroid" : {
      "x" : 0.49757046,
      "y" : 0.49545878
    },
    "headingRad" : -1.0090723,
    "speed" : 0.00013243707,
    "trail" : [
      {
        "x" : 0.49722293,
        "y" : 0.49549147
      },
      {
        "x" : 0.49752063,
        "y" : 0.4956233
      },
      {
        "x" : 0.4974999,
        "y" : 0.4953467
      }
    ],
    "vx" : 7.05421e-05,
    "vy" : -0.000112086535
  }
}