{
  "artifact_source" : "rendered_stage_media_with_replay",
  "creature" : {
    "config_hash" : "ccf08353ea32",
    "genotype" : {
      "R" : 5.792908,
      "a" : [
        [
          0.61855936,
          0.395768,
          0.271555
        ],
        [
          0.28258044,
          0.6731258,
          0.6352353
        ],
        [
          0.052766502,
          0.4559692,
          0.5701343
        ]
      ],
      "b" : [
        [
          0.11405665,
          0.095359266,
          0.42656928
        ],
        [
          0.57893634,
          0.7581542,
          0.97660935
        ],
        [
          0.08110982,
          0.121478796,
          0.8780937
        ]
      ],
      "h" : [
        0.21416926,
        0.40218723,
        0.72146654
      ],
      "m" : [
        0.15188365,
        0.14081208,
        0.38588408
      ],
      "r" : [
        0.33071703,
        0.7914933,
        0.9311261
      ],
      "s" : [
        0.02205627,
        0.18931603,
        0.09273158
      ],
      "w" : [
        [
          0.36958066,
          0.12087806,
          0.14054473
        ],
        [
          0.114184715,
          0.07774077,
          0.10626505
        ],
        [
          0.47497582,
          0.37323046,
          0.26933205
        ]
      ]
    },
    "id" : "710CB853-FF95-4EC6-9A6F-F2784F596B1D",
    "metrics" : {
      "activity_diversity_mean" : 0.089549005,
      "activity_eac_mean" : 2551.9536,
      "activity_ean_mean" : 267.78134,
      "activity_species_mean" : 3.7777777,
      "center_velocity" : 0.00057041895,
      "displacement" : 0.24242806,
      "energy_mean" : 181.75595,
      "gyration" : 2407.1128,
      "heading_rad" : 0,
      "is_stable" : true,
      "mass_max" : 574.84845,
      "mass_mean" : 574.84204,
      "mass_min" : 574.83545,
      "mass_std" : 0,
      "occupancy_mean" : 0.20015801,
      "path_length" : 0.3188564,
      "sample_count" : 18,
      "speed_count" : 0,
      "speed_mean" : 0.00057041895,
      "variance_mean" : 0.009862506,
      "velocity_x" : 0,
      "velocity_y" : 0
    },
    "name" : "luminous-pattern-5585",
    "owner_id" : "local-node",
    "phenotype" : {
      "a_uniform" : {
        "high" : 1,
        "low" : 0
      },
      "p_uniform" : {
        "high" : 1,
        "low" : 0
      },
      "patches" : [
        {
          "center" : [
            32,
            32
          ],
          "size" : 24
        },
        {
          "center" : [
            96,
            96
          ],
          "size" : 24
        }
      ],
      "seed" : 300145
    },
    "score" : 137.84753,
    "score_weights" : {
      "activity_diversity_mean" : 2,
      "activity_ean_mean" : 0.5,
      "activity_species_mean" : 1
    },
    "timestamp" : "2026-02-28T18:03:50.545Z"
  },
  "media" : {
    "anatomy" : {
      "deltaPath" : "releases\/qg-20260228-real-creatures\/runs\/qg-nnea-s300128\/710cb853-ff95-4ec6-9a6f-f2784f596b1d\/delta.png",
      "fieldPath" : "releases\/qg-20260228-real-creatures\/runs\/qg-nnea-s300128\/710cb853-ff95-4ec6-9a6f-f2784f596b1d\/field.png",
      "kernelPath" : "releases\/qg-20260228-real-creatures\/runs\/qg-nnea-s300128\/710cb853-ff95-4ec6-9a6f-f2784f596b1d\/kernel.png",
      "neighborPath" : "releases\/qg-20260228-real-creatures\/runs\/qg-nnea-s300128\/710cb853-ff95-4ec6-9a6f-f2784f596b1d\/neighbor.png"
    },
    "height" : 128,
    "posterPath" : "releases\/qg-20260228-real-creatures\/runs\/qg-nnea-s300128\/710cb853-ff95-4ec6-9a6f-f2784f596b1d\/poster.png",
    "replayPath" : "releases\/qg-20260228-real-creatures\/runs\/qg-nnea-s300128\/710cb853-ff95-4ec6-9a6f-f2784f596b1d\/replay.json",
    "width" : 128
  },
  "published_at" : "2026-03-06T18:48:16.691Z",
  "recorded_at" : "2026-02-28T18:03:50.545Z",
  "run_id" : "qg-nnea-s300128",
  "run_name" : "qg-nnea-s300128",
  "source_db" : "\/Users\/ludwig\/dev\/specter-labs\/dossiers\/lenia-swarm\/artifacts\/qg-20260228\/compendium.sqlite",
  "telemetry" : {
    "centroid" : {
      "x" : 0.49928966,
      "y" : 0.49874073
    },
    "headingRad" : 2.606622,
    "speed" : 0.0006697423,
    "trail" : [
      {
        "x" : 0.498533,
        "y" : 0.49824598
      },
      {
        "x" : 0.49948034,
        "y" : 0.49861497
      },
      {
        "x" : 0.49986583,
        "y" : 0.49908218
      }
    ],
    "vx" : -0.0005761683,
    "vy" : 0.0003414452
  }
}