{
  "artifact_source" : "rendered_stage_media_with_replay",
  "creature" : {
    "config_hash" : "ccf08353ea32",
    "genotype" : {
      "R" : 14.7805,
      "a" : [
        [
          0.8295809,
          0.986263,
          0.2881834
        ],
        [
          0.5814535,
          0.7089262,
          0.7478757
        ],
        [
          0.51585466,
          0.45761383,
          0.027086556
        ]
      ],
      "b" : [
        [
          0.2350455,
          0.0939188,
          0.30973786
        ],
        [
          0.4725328,
          0.86921275,
          0.37251264
        ],
        [
          0.27751106,
          0.9237186,
          0.65758264
        ]
      ],
      "h" : [
        0.2643937,
        0.45665926,
        0.30694807
      ],
      "m" : [
        0.12027557,
        0.18373753,
        0.3161766
      ],
      "r" : [
        0.41063088,
        0.827585,
        0.6402615
      ],
      "s" : [
        0.13401988,
        0.100268185,
        0.029096086
      ],
      "w" : [
        [
          0.439561,
          0.29019767,
          0.13961673
        ],
        [
          0.45754284,
          0.36195505,
          0.2787212
        ],
        [
          0.2700503,
          0.1465,
          0.21734847
        ]
      ]
    },
    "id" : "72C6A6D6-3B43-453D-911E-9375551EB7F3",
    "metrics" : {
      "activity_diversity_mean" : 0.16852245,
      "activity_eac_mean" : 2565.949,
      "activity_ean_mean" : 259.9071,
      "activity_species_mean" : 6.6666665,
      "center_velocity" : 0.00022429448,
      "displacement" : 0.09532515,
      "energy_mean" : 205.59663,
      "gyration" : 2429.6216,
      "heading_rad" : 0,
      "is_stable" : true,
      "mass_max" : 581.85944,
      "mass_mean" : 581.8529,
      "mass_min" : 581.8464,
      "mass_std" : 0.17677669,
      "occupancy_mean" : 0.19243707,
      "path_length" : 0.302856,
      "sample_count" : 18,
      "speed_count" : 0,
      "speed_mean" : 0.00022429448,
      "variance_mean" : 0.011287415,
      "velocity_x" : 0,
      "velocity_y" : 0
    },
    "name" : "ancient-glider-4613",
    "owner_id" : "local-node",
    "phenotype" : {
      "a_uniform" : {
        "high" : 1,
        "low" : 0
      },
      "p_uniform" : {
        "high" : 1,
        "low" : 0
      },
      "patches" : [
        {
          "center" : [
            32,
            32
          ],
          "size" : 24
        },
        {
          "center" : [
            96,
            96
          ],
          "size" : 24
        }
      ],
      "seed" : 300195
    },
    "score" : 136.95728,
    "score_weights" : {
      "activity_diversity_mean" : 2,
      "activity_ean_mean" : 0.5,
      "activity_species_mean" : 1
    },
    "timestamp" : "2026-02-28T18:26:08.262Z"
  },
  "media" : {
    "anatomy" : {
      "deltaPath" : "releases\/qg-20260228-real-creatures\/runs\/qg-nnea-s300192\/72c6a6d6-3b43-453d-911e-9375551eb7f3\/delta.png",
      "fieldPath" : "releases\/qg-20260228-real-creatures\/runs\/qg-nnea-s300192\/72c6a6d6-3b43-453d-911e-9375551eb7f3\/field.png",
      "kernelPath" : "releases\/qg-20260228-real-creatures\/runs\/qg-nnea-s300192\/72c6a6d6-3b43-453d-911e-9375551eb7f3\/kernel.png",
      "neighborPath" : "releases\/qg-20260228-real-creatures\/runs\/qg-nnea-s300192\/72c6a6d6-3b43-453d-911e-9375551eb7f3\/neighbor.png"
    },
    "height" : 128,
    "posterPath" : "releases\/qg-20260228-real-creatures\/runs\/qg-nnea-s300192\/72c6a6d6-3b43-453d-911e-9375551eb7f3\/poster.png",
    "replayPath" : "releases\/qg-20260228-real-creatures\/runs\/qg-nnea-s300192\/72c6a6d6-3b43-453d-911e-9375551eb7f3\/replay.json",
    "width" : 128
  },
  "published_at" : "2026-03-06T18:48:16.691Z",
  "recorded_at" : "2026-02-28T18:26:08.262Z",
  "run_id" : "qg-nnea-s300192",
  "run_name" : "qg-nnea-s300192",
  "source_db" : "\/Users\/ludwig\/dev\/specter-labs\/dossiers\/lenia-swarm\/artifacts\/qg-20260228\/compendium.sqlite",
  "telemetry" : {
    "centroid" : {
      "x" : 0.50449204,
      "y" : 0.5021222
    },
    "headingRad" : 2.5536642,
    "speed" : 0.00022320634,
    "trail" : [
      {
        "x" : 0.5060249,
        "y" : 0.5032946
      },
      {
        "x" : 0.50692886,
        "y" : 0.504668
      },
      {
        "x" : 0.5046778,
        "y" : 0.502246
      }
    ],
    "vx" : -0.00018572807,
    "vy" : 0.00012379885
  }
}