{
  "artifact_source" : "rendered_stage_media_with_replay",
  "creature" : {
    "config_hash" : "ccf08353ea32",
    "genotype" : {
      "R" : 7.826932,
      "a" : [
        [
          0.8237581,
          0.8990802,
          0.40935993
        ],
        [
          0.22363526,
          0.022370458,
          0.19282001
        ],
        [
          0.8640463,
          0.94542336,
          0.61927044
        ]
      ],
      "b" : [
        [
          0.7987565,
          0.38047385,
          0.22052085
        ],
        [
          0.4879195,
          0.48641562,
          0.8532079
        ],
        [
          0.90615356,
          0.5128322,
          0.40443712
        ]
      ],
      "h" : [
        0.065739155,
        0.8950246,
        0.90070766
      ],
      "m" : [
        0.09987734,
        0.21547703,
        0.272114
      ],
      "r" : [
        0.96456033,
        0.4515428,
        0.54245263
      ],
      "s" : [
        0.013376581,
        0.05927943,
        0.023414986
      ],
      "w" : [
        [
          0.47614977,
          0.49725282,
          0.14913493
        ],
        [
          0.26428548,
          0.034385666,
          0.039965287
        ],
        [
          0.051822625,
          0.08074446,
          0.3506265
        ]
      ]
    },
    "id" : "77689965-2CCD-4D1F-AFC3-364D03ABC9FC",
    "metrics" : {
      "activity_diversity_mean" : 0.10390091,
      "activity_eac_mean" : 2566.3464,
      "activity_ean_mean" : 269.05185,
      "activity_species_mean" : 16.11111,
      "center_velocity" : 0.0003423426,
      "displacement" : 0.14549561,
      "energy_mean" : 139.20058,
      "gyration" : 2435.572,
      "heading_rad" : 0,
      "is_stable" : true,
      "mass_max" : 580.87756,
      "mass_mean" : 580.871,
      "mass_min" : 580.8644,
      "mass_std" : 0.17677669,
      "occupancy_mean" : 0.18812731,
      "path_length" : 0.5334461,
      "sample_count" : 18,
      "speed_count" : 0,
      "speed_mean" : 0.0003423426,
      "variance_mean" : 0.007239176,
      "velocity_x" : 0,
      "velocity_y" : 0
    },
    "name" : "vibrant-form-8220",
    "owner_id" : "local-node",
    "phenotype" : {
      "a_uniform" : {
        "high" : 1,
        "low" : 0
      },
      "p_uniform" : {
        "high" : 1,
        "low" : 0
      },
      "patches" : [
        {
          "center" : [
            32,
            32
          ],
          "size" : 24
        },
        {
          "center" : [
            96,
            96
          ],
          "size" : 24
        }
      ],
      "seed" : 300215
    },
    "score" : 150.84485,
    "score_weights" : {
      "activity_diversity_mean" : 2,
      "activity_ean_mean" : 0.5,
      "activity_species_mean" : 1
    },
    "timestamp" : "2026-02-28T18:26:08.263Z"
  },
  "media" : {
    "anatomy" : {
      "deltaPath" : "releases\/qg-20260228-real-creatures\/runs\/qg-nnea-s300192\/77689965-2ccd-4d1f-afc3-364d03abc9fc\/delta.png",
      "fieldPath" : "releases\/qg-20260228-real-creatures\/runs\/qg-nnea-s300192\/77689965-2ccd-4d1f-afc3-364d03abc9fc\/field.png",
      "kernelPath" : "releases\/qg-20260228-real-creatures\/runs\/qg-nnea-s300192\/77689965-2ccd-4d1f-afc3-364d03abc9fc\/kernel.png",
      "neighborPath" : "releases\/qg-20260228-real-creatures\/runs\/qg-nnea-s300192\/77689965-2ccd-4d1f-afc3-364d03abc9fc\/neighbor.png"
    },
    "height" : 128,
    "posterPath" : "releases\/qg-20260228-real-creatures\/runs\/qg-nnea-s300192\/77689965-2ccd-4d1f-afc3-364d03abc9fc\/poster.png",
    "replayPath" : "releases\/qg-20260228-real-creatures\/runs\/qg-nnea-s300192\/77689965-2ccd-4d1f-afc3-364d03abc9fc\/replay.json",
    "width" : 128
  },
  "published_at" : "2026-03-06T18:48:16.691Z",
  "recorded_at" : "2026-02-28T18:26:08.263Z",
  "run_id" : "qg-nnea-s300192",
  "run_name" : "qg-nnea-s300192",
  "source_db" : "\/Users\/ludwig\/dev\/specter-labs\/dossiers\/lenia-swarm\/artifacts\/qg-20260228\/compendium.sqlite",
  "telemetry" : {
    "centroid" : {
      "x" : 0.49980345,
      "y" : 0.49676162
    },
    "headingRad" : -0.8636595,
    "speed" : 0.00012587753,
    "trail" : [
      {
        "x" : 0.4987685,
        "y" : 0.49541616
      },
      {
        "x" : 0.49938262,
        "y" : 0.4962219
      },
      {
        "x" : 0.49972168,
        "y" : 0.49666592
      }
    ],
    "vx" : 8.177757e-05,
    "vy" : -9.569526e-05
  }
}