{
  "artifact_source" : "rendered_stage_media_with_replay",
  "creature" : {
    "config_hash" : "ccf08353ea32",
    "genotype" : {
      "R" : 10.934408,
      "a" : [
        [
          0.7932347,
          0.56138194,
          0.82039315
        ],
        [
          0.16770756,
          0.37928003,
          0.3245237
        ],
        [
          0.87105906,
          0.76456785,
          0.65082693
        ]
      ],
      "b" : [
        [
          0.7538896,
          0.64791447,
          0.55993813
        ],
        [
          0.6983999,
          0.648057,
          0.32847822
        ],
        [
          0.14386344,
          0.662485,
          0.89579624
        ]
      ],
      "h" : [
        0.9151152,
        0.6750985,
        0.8828251
      ],
      "m" : [
        0.37471533,
        0.15928473,
        0.30260414
      ],
      "r" : [
        0.41260034,
        0.74412066,
        0.26021227
      ],
      "s" : [
        0.031910907,
        0.12359679,
        0.045404218
      ],
      "w" : [
        [
          0.49332368,
          0.2591109,
          0.14003724
        ],
        [
          0.242268,
          0.27062464,
          0.3412937
        ],
        [
          0.14947622,
          0.20041631,
          0.030890549
        ]
      ]
    },
    "id" : "7E6B6FBC-7262-4E35-B53D-E0E758610E22",
    "metrics" : {
      "activity_diversity_mean" : 0.14565207,
      "activity_eac_mean" : 2508.3354,
      "activity_ean_mean" : 264.065,
      "activity_species_mean" : 9.222222,
      "center_velocity" : 0.00022939713,
      "displacement" : 0.09749378,
      "energy_mean" : 162.60513,
      "gyration" : 2450.6943,
      "heading_rad" : 0,
      "is_stable" : true,
      "mass_max" : 567.17474,
      "mass_mean" : 567.16833,
      "mass_min" : 567.1619,
      "mass_std" : 0,
      "occupancy_mean" : 0.19541761,
      "path_length" : 0.4372061,
      "sample_count" : 18,
      "speed_count" : 0,
      "speed_mean" : 0.00022939713,
      "variance_mean" : 0.00872628,
      "velocity_x" : 0,
      "velocity_y" : 0
    },
    "name" : "ancient-pulse-7637",
    "owner_id" : "local-node",
    "phenotype" : {
      "a_uniform" : {
        "high" : 1,
        "low" : 0
      },
      "p_uniform" : {
        "high" : 1,
        "low" : 0
      },
      "patches" : [
        {
          "center" : [
            32,
            32
          ],
          "size" : 24
        },
        {
          "center" : [
            96,
            96
          ],
          "size" : 24
        }
      ],
      "seed" : 300217
    },
    "score" : 141.54604,
    "score_weights" : {
      "activity_diversity_mean" : 2,
      "activity_ean_mean" : 0.5,
      "activity_species_mean" : 1
    },
    "timestamp" : "2026-02-28T18:26:08.263Z"
  },
  "media" : {
    "anatomy" : {
      "deltaPath" : "releases\/qg-20260228-real-creatures\/runs\/qg-nnea-s300192\/7e6b6fbc-7262-4e35-b53d-e0e758610e22\/delta.png",
      "fieldPath" : "releases\/qg-20260228-real-creatures\/runs\/qg-nnea-s300192\/7e6b6fbc-7262-4e35-b53d-e0e758610e22\/field.png",
      "kernelPath" : "releases\/qg-20260228-real-creatures\/runs\/qg-nnea-s300192\/7e6b6fbc-7262-4e35-b53d-e0e758610e22\/kernel.png",
      "neighborPath" : "releases\/qg-20260228-real-creatures\/runs\/qg-nnea-s300192\/7e6b6fbc-7262-4e35-b53d-e0e758610e22\/neighbor.png"
    },
    "height" : 128,
    "posterPath" : "releases\/qg-20260228-real-creatures\/runs\/qg-nnea-s300192\/7e6b6fbc-7262-4e35-b53d-e0e758610e22\/poster.png",
    "replayPath" : "releases\/qg-20260228-real-creatures\/runs\/qg-nnea-s300192\/7e6b6fbc-7262-4e35-b53d-e0e758610e22\/replay.json",
    "width" : 128
  },
  "published_at" : "2026-03-06T18:48:16.691Z",
  "recorded_at" : "2026-02-28T18:26:08.263Z",
  "run_id" : "qg-nnea-s300192",
  "run_name" : "qg-nnea-s300192",
  "source_db" : "\/Users\/ludwig\/dev\/specter-labs\/dossiers\/lenia-swarm\/artifacts\/qg-20260228\/compendium.sqlite",
  "telemetry" : {
    "centroid" : {
      "x" : 0.49195844,
      "y" : 0.4903612
    },
    "headingRad" : -0.6619571,
    "speed" : 0.0022194828,
    "trail" : [
      {
        "x" : 0.49120003,
        "y" : 0.48981217
      },
      {
        "x" : 0.49070838,
        "y" : 0.48955765
      },
      {
        "x" : 0.49020773,
        "y" : 0.48899698
      }
    ],
    "vx" : 0.0017507076,
    "vy" : -0.0013642311
  }
}