{
  "artifact_source" : "rendered_stage_media_with_replay",
  "creature" : {
    "config_hash" : "ccf08353ea32",
    "genotype" : {
      "R" : 7.1162148,
      "a" : [
        [
          0.60201424,
          0.63440704,
          0.13397503
        ],
        [
          0.08289492,
          0.5124922,
          0.3598072
        ],
        [
          0.95550406,
          0.8852182,
          0.7459716
        ]
      ],
      "b" : [
        [
          0.08119434,
          0.1790207,
          0.6991055
        ],
        [
          0.4526633,
          0.20614958,
          0.33355737
        ],
        [
          0.7085598,
          0.166206,
          0.69845825
        ]
      ],
      "h" : [
        0.23321742,
        0.6315559,
        0.7207565
      ],
      "m" : [
        0.3684545,
        0.16448057,
        0.21074623
      ],
      "r" : [
        0.43182078,
        0.80866003,
        0.8083888
      ],
      "s" : [
        0.111554034,
        0.1110762,
        0.016585056
      ],
      "w" : [
        [
          0.26635388,
          0.3266998,
          0.16614315
        ],
        [
          0.2430686,
          0.1958831,
          0.47135118
        ],
        [
          0.42825764,
          0.31797677,
          0.07604176
        ]
      ]
    },
    "id" : "8454A9F9-D12D-4A05-B5D3-3FCB29BFBDCD",
    "metrics" : {
      "activity_diversity_mean" : 0.19465464,
      "activity_eac_mean" : 2599.509,
      "activity_ean_mean" : 271.0901,
      "activity_species_mean" : 10.222222,
      "center_velocity" : 0.00046509004,
      "displacement" : 0.19766326,
      "energy_mean" : 201.36043,
      "gyration" : 2459.2932,
      "heading_rad" : 0,
      "is_stable" : true,
      "mass_max" : 587.38403,
      "mass_mean" : 587.37744,
      "mass_min" : 587.37085,
      "mass_std" : 0,
      "occupancy_mean" : 0.19027032,
      "path_length" : 0.39685112,
      "sample_count" : 18,
      "speed_count" : 0,
      "speed_mean" : 0.00046509004,
      "variance_mean" : 0.0110047925,
      "velocity_x" : 0,
      "velocity_y" : 0
    },
    "name" : "radiant-blob-3386",
    "owner_id" : "local-node",
    "phenotype" : {
      "a_uniform" : {
        "high" : 1,
        "low" : 0
      },
      "p_uniform" : {
        "high" : 1,
        "low" : 0
      },
      "patches" : [
        {
          "center" : [
            32,
            32
          ],
          "size" : 24
        },
        {
          "center" : [
            96,
            96
          ],
          "size" : 24
        }
      ],
      "seed" : 300159
    },
    "score" : 146.15659,
    "score_weights" : {
      "activity_diversity_mean" : 2,
      "activity_ean_mean" : 0.5,
      "activity_species_mean" : 1
    },
    "timestamp" : "2026-02-28T18:03:50.546Z"
  },
  "media" : {
    "anatomy" : {
      "deltaPath" : "releases\/qg-20260228-real-creatures\/runs\/qg-nnea-s300128\/8454a9f9-d12d-4a05-b5d3-3fcb29bfbdcd\/delta.png",
      "fieldPath" : "releases\/qg-20260228-real-creatures\/runs\/qg-nnea-s300128\/8454a9f9-d12d-4a05-b5d3-3fcb29bfbdcd\/field.png",
      "kernelPath" : "releases\/qg-20260228-real-creatures\/runs\/qg-nnea-s300128\/8454a9f9-d12d-4a05-b5d3-3fcb29bfbdcd\/kernel.png",
      "neighborPath" : "releases\/qg-20260228-real-creatures\/runs\/qg-nnea-s300128\/8454a9f9-d12d-4a05-b5d3-3fcb29bfbdcd\/neighbor.png"
    },
    "height" : 128,
    "posterPath" : "releases\/qg-20260228-real-creatures\/runs\/qg-nnea-s300128\/8454a9f9-d12d-4a05-b5d3-3fcb29bfbdcd\/poster.png",
    "replayPath" : "releases\/qg-20260228-real-creatures\/runs\/qg-nnea-s300128\/8454a9f9-d12d-4a05-b5d3-3fcb29bfbdcd\/replay.json",
    "width" : 128
  },
  "published_at" : "2026-03-06T18:48:16.691Z",
  "recorded_at" : "2026-02-28T18:03:50.546Z",
  "run_id" : "qg-nnea-s300128",
  "run_name" : "qg-nnea-s300128",
  "source_db" : "\/Users\/ludwig\/dev\/specter-labs\/dossiers\/lenia-swarm\/artifacts\/qg-20260228\/compendium.sqlite",
  "telemetry" : {
    "centroid" : {
      "x" : 0.50798357,
      "y" : 0.50684583
    },
    "headingRad" : -0.84826267,
    "speed" : 0.0035214552,
    "trail" : [
      {
        "x" : 0.5066503,
        "y" : 0.50597215
      },
      {
        "x" : 0.50636137,
        "y" : 0.5046141
      },
      {
        "x" : 0.5056549,
        "y" : 0.5042043
      }
    ],
    "vx" : 0.0023286939,
    "vy" : -0.0026415586
  }
}