{
  "artifact_source" : "rendered_stage_media_with_replay",
  "creature" : {
    "config_hash" : "ccf08353ea32",
    "genotype" : {
      "R" : 11.282261,
      "a" : [
        [
          0.59392333,
          0.7372908,
          0.57961863
        ],
        [
          0.5951059,
          0.17686093,
          0.42329
        ],
        [
          0.97242266,
          0.6686636,
          0.5504747
        ]
      ],
      "b" : [
        [
          0.61881864,
          0.6986513,
          0.16767186
        ],
        [
          0.33196175,
          0.6105301,
          0.9935499
        ],
        [
          0.7254542,
          0.91158724,
          0.2632944
        ]
      ],
      "h" : [
        0.3967417,
        0.5668039,
        0.1579085
      ],
      "m" : [
        0.13286822,
        0.26915684,
        0.3525391
      ],
      "r" : [
        0.7635897,
        0.5506948,
        0.4103009
      ],
      "s" : [
        0.18955581,
        0.101213165,
        0.17825925
      ],
      "w" : [
        [
          0.19996502,
          0.21366048,
          0.35243526
        ],
        [
          0.047700137,
          0.4435291,
          0.22225308
        ],
        [
          0.12637919,
          0.11864071,
          0.16080542
        ]
      ]
    },
    "id" : "8736670D-0A50-4D27-9A3B-9FD9CF08080F",
    "metrics" : {
      "activity_diversity_mean" : 0.031798936,
      "activity_eac_mean" : 2567.5134,
      "activity_ean_mean" : 269.57437,
      "activity_species_mean" : 2.3333333,
      "center_velocity" : 0.0002907726,
      "displacement" : 0.12357835,
      "energy_mean" : 169.83997,
      "gyration" : 2444.9866,
      "heading_rad" : 0,
      "is_stable" : true,
      "mass_max" : 579.2731,
      "mass_mean" : 579.2666,
      "mass_min" : 579.26,
      "mass_std" : 0,
      "occupancy_mean" : 0.20971002,
      "path_length" : 0.31400934,
      "sample_count" : 18,
      "speed_count" : 0,
      "speed_mean" : 0.0002907726,
      "variance_mean" : 0.009116189,
      "velocity_x" : 0,
      "velocity_y" : 0
    },
    "name" : "luminous-pulse-7370",
    "owner_id" : "local-node",
    "phenotype" : {
      "a_uniform" : {
        "high" : 1,
        "low" : 0
      },
      "p_uniform" : {
        "high" : 1,
        "low" : 0
      },
      "patches" : [
        {
          "center" : [
            32,
            32
          ],
          "size" : 24
        },
        {
          "center" : [
            96,
            96
          ],
          "size" : 24
        }
      ],
      "seed" : 300126
    },
    "score" : 137.18411,
    "score_weights" : {
      "activity_diversity_mean" : 2,
      "activity_ean_mean" : 0.5,
      "activity_species_mean" : 1
    },
    "timestamp" : "2026-02-28T17:54:15.496Z"
  },
  "media" : {
    "anatomy" : {
      "deltaPath" : "releases\/qg-20260228-real-creatures\/runs\/qg-nnea-s300096\/8736670d-0a50-4d27-9a3b-9fd9cf08080f\/delta.png",
      "fieldPath" : "releases\/qg-20260228-real-creatures\/runs\/qg-nnea-s300096\/8736670d-0a50-4d27-9a3b-9fd9cf08080f\/field.png",
      "kernelPath" : "releases\/qg-20260228-real-creatures\/runs\/qg-nnea-s300096\/8736670d-0a50-4d27-9a3b-9fd9cf08080f\/kernel.png",
      "neighborPath" : "releases\/qg-20260228-real-creatures\/runs\/qg-nnea-s300096\/8736670d-0a50-4d27-9a3b-9fd9cf08080f\/neighbor.png"
    },
    "height" : 128,
    "posterPath" : "releases\/qg-20260228-real-creatures\/runs\/qg-nnea-s300096\/8736670d-0a50-4d27-9a3b-9fd9cf08080f\/poster.png",
    "replayPath" : "releases\/qg-20260228-real-creatures\/runs\/qg-nnea-s300096\/8736670d-0a50-4d27-9a3b-9fd9cf08080f\/replay.json",
    "width" : 128
  },
  "published_at" : "2026-03-06T18:48:16.691Z",
  "recorded_at" : "2026-02-28T17:54:15.496Z",
  "run_id" : "qg-nnea-s300096",
  "run_name" : "qg-nnea-s300096",
  "source_db" : "\/Users\/ludwig\/dev\/specter-labs\/dossiers\/lenia-swarm\/artifacts\/qg-20260228\/compendium.sqlite",
  "telemetry" : {
    "centroid" : {
      "x" : 0.49579814,
      "y" : 0.49502406
    },
    "headingRad" : 0.99730486,
    "speed" : 0.00048133626,
    "trail" : [
      {
        "x" : 0.4942887,
        "y" : 0.49293882
      },
      {
        "x" : 0.4961994,
        "y" : 0.49597415
      },
      {
        "x" : 0.49553698,
        "y" : 0.49542838
      }
    ],
    "vx" : 0.00026115775,
    "vy" : 0.0004043281
  }
}