{
  "artifact_source" : "rendered_stage_media_with_replay",
  "creature" : {
    "config_hash" : "ccf08353ea32",
    "genotype" : {
      "R" : 5.164441,
      "a" : [
        [
          0.24390447,
          0.4751597,
          0.25613713
        ],
        [
          0.17417878,
          0.7694779,
          0.21585059
        ],
        [
          0.47747648,
          0.57452804,
          0.27140677
        ]
      ],
      "b" : [
        [
          0.2489481,
          0.76819664,
          0.2181111
        ],
        [
          0.39425945,
          0.08849114,
          0.19628263
        ],
        [
          0.53080666,
          0.40961498,
          0.38012153
        ]
      ],
      "h" : [
        0.25418365,
        0.35088414,
        0.97763425
      ],
      "m" : [
        0.12264143,
        0.47881156,
        0.123043954
      ],
      "r" : [
        0.4487877,
        0.5916983,
        0.6635793
      ],
      "s" : [
        0.035538513,
        0.13625407,
        0.10908895
      ],
      "w" : [
        [
          0.44216985,
          0.39492345,
          0.40894532
        ],
        [
          0.12007384,
          0.01357514,
          0.2206387
        ],
        [
          0.18500973,
          0.015678342,
          0.29671964
        ]
      ]
    },
    "id" : "94576BC4-D7ED-4145-A0A1-902FABA08BD2",
    "metrics" : {
      "activity_diversity_mean" : 0.17172398,
      "activity_eac_mean" : 2636.7817,
      "activity_ean_mean" : 276.25702,
      "activity_species_mean" : 11.777778,
      "center_velocity" : 0.00031799974,
      "displacement" : 0.1351499,
      "energy_mean" : 134.92395,
      "gyration" : 2412.7273,
      "heading_rad" : 0,
      "is_stable" : true,
      "mass_max" : 588.7479,
      "mass_mean" : 588.7413,
      "mass_min" : 588.7346,
      "mass_std" : 0,
      "occupancy_mean" : 0.18976508,
      "path_length" : 0.39661115,
      "sample_count" : 18,
      "speed_count" : 0,
      "speed_mean" : 0.00031799974,
      "variance_mean" : 0.006943858,
      "velocity_x" : 0,
      "velocity_y" : 0
    },
    "name" : "flowing-orbiter-8722",
    "owner_id" : "local-node",
    "phenotype" : {
      "a_uniform" : {
        "high" : 1,
        "low" : 0
      },
      "p_uniform" : {
        "high" : 1,
        "low" : 0
      },
      "patches" : [
        {
          "center" : [
            32,
            32
          ],
          "size" : 24
        },
        {
          "center" : [
            96,
            96
          ],
          "size" : 24
        }
      ],
      "seed" : 300097
    },
    "score" : 150.24973,
    "score_weights" : {
      "activity_diversity_mean" : 2,
      "activity_ean_mean" : 0.5,
      "activity_species_mean" : 1
    },
    "timestamp" : "2026-02-28T17:54:15.494Z"
  },
  "media" : {
    "anatomy" : {
      "deltaPath" : "releases\/qg-20260228-real-creatures\/runs\/qg-nnea-s300096\/94576bc4-d7ed-4145-a0a1-902faba08bd2\/delta.png",
      "fieldPath" : "releases\/qg-20260228-real-creatures\/runs\/qg-nnea-s300096\/94576bc4-d7ed-4145-a0a1-902faba08bd2\/field.png",
      "kernelPath" : "releases\/qg-20260228-real-creatures\/runs\/qg-nnea-s300096\/94576bc4-d7ed-4145-a0a1-902faba08bd2\/kernel.png",
      "neighborPath" : "releases\/qg-20260228-real-creatures\/runs\/qg-nnea-s300096\/94576bc4-d7ed-4145-a0a1-902faba08bd2\/neighbor.png"
    },
    "height" : 128,
    "posterPath" : "releases\/qg-20260228-real-creatures\/runs\/qg-nnea-s300096\/94576bc4-d7ed-4145-a0a1-902faba08bd2\/poster.png",
    "replayPath" : "releases\/qg-20260228-real-creatures\/runs\/qg-nnea-s300096\/94576bc4-d7ed-4145-a0a1-902faba08bd2\/replay.json",
    "width" : 128
  },
  "published_at" : "2026-03-06T18:48:16.691Z",
  "recorded_at" : "2026-02-28T17:54:15.494Z",
  "run_id" : "qg-nnea-s300096",
  "run_name" : "qg-nnea-s300096",
  "source_db" : "\/Users\/ludwig\/dev\/specter-labs\/dossiers\/lenia-swarm\/artifacts\/qg-20260228\/compendium.sqlite",
  "telemetry" : {
    "centroid" : {
      "x" : 0.4978021,
      "y" : 0.4983892
    },
    "headingRad" : -0.7435087,
    "speed" : 0.0005756831,
    "trail" : [
      {
        "x" : 0.49594158,
        "y" : 0.49632514
      },
      {
        "x" : 0.49674067,
        "y" : 0.49733248
      },
      {
        "x" : 0.49737835,
        "y" : 0.49799955
      }
    ],
    "vx" : 0.00042375922,
    "vy" : -0.00038966537
  }
}