{
  "artifact_source" : "rendered_stage_media_with_replay",
  "creature" : {
    "config_hash" : "ccf08353ea32",
    "genotype" : {
      "R" : 9.441637,
      "a" : [
        [
          0.94051725,
          0.07378733,
          0.008137763
        ],
        [
          0.86607337,
          0.0856716,
          0.2335782
        ],
        [
          0.5240271,
          0.088086665,
          0.96247226
        ]
      ],
      "b" : [
        [
          0.063265145,
          0.894911,
          0.15465909
        ],
        [
          0.8334574,
          0.23484671,
          0.13263142
        ],
        [
          0.7083922,
          0.7001191,
          0.2610579
        ]
      ],
      "h" : [
        0.99146205,
        0.036134183,
        0.7635898
      ],
      "m" : [
        0.39952928,
        0.4346603,
        0.27997127
      ],
      "r" : [
        0.9814207,
        0.7244407,
        0.6187484
      ],
      "s" : [
        0.07683589,
        0.064302586,
        0.07828547
      ],
      "w" : [
        [
          0.013100509,
          0.28708023,
          0.4640277
        ],
        [
          0.47873363,
          0.27212042,
          0.11057415
        ],
        [
          0.4479082,
          0.49387905,
          0.18057503
        ]
      ]
    },
    "id" : "94D322C7-8C01-4010-901D-7B451357562B",
    "metrics" : {
      "activity_diversity_mean" : 0.1547646,
      "activity_eac_mean" : 2522.47,
      "activity_ean_mean" : 266.21936,
      "activity_species_mean" : 20.222221,
      "center_velocity" : 0.0005622004,
      "displacement" : 0.23893517,
      "energy_mean" : 140.14178,
      "gyration" : 2424.5205,
      "heading_rad" : 0,
      "is_stable" : true,
      "mass_max" : 577.4329,
      "mass_mean" : 577.4264,
      "mass_min" : 577.4198,
      "mass_std" : 0,
      "occupancy_mean" : 0.17753093,
      "path_length" : 0.78149706,
      "sample_count" : 18,
      "speed_count" : 0,
      "speed_mean" : 0.0005622004,
      "variance_mean" : 0.0073114834,
      "velocity_x" : 0,
      "velocity_y" : 0
    },
    "name" : "crystal-amoeba-3764",
    "owner_id" : "local-node",
    "phenotype" : {
      "a_uniform" : {
        "high" : 1,
        "low" : 0
      },
      "p_uniform" : {
        "high" : 1,
        "low" : 0
      },
      "patches" : [
        {
          "center" : [
            32,
            32
          ],
          "size" : 24
        },
        {
          "center" : [
            96,
            96
          ],
          "size" : 24
        }
      ],
      "seed" : 300185
    },
    "score" : 153.64143,
    "score_weights" : {
      "activity_diversity_mean" : 2,
      "activity_ean_mean" : 0.5,
      "activity_species_mean" : 1
    },
    "timestamp" : "2026-02-28T18:14:58.222Z"
  },
  "media" : {
    "anatomy" : {
      "deltaPath" : "releases\/qg-20260228-real-creatures\/runs\/qg-nnea-s300160\/94d322c7-8c01-4010-901d-7b451357562b\/delta.png",
      "fieldPath" : "releases\/qg-20260228-real-creatures\/runs\/qg-nnea-s300160\/94d322c7-8c01-4010-901d-7b451357562b\/field.png",
      "kernelPath" : "releases\/qg-20260228-real-creatures\/runs\/qg-nnea-s300160\/94d322c7-8c01-4010-901d-7b451357562b\/kernel.png",
      "neighborPath" : "releases\/qg-20260228-real-creatures\/runs\/qg-nnea-s300160\/94d322c7-8c01-4010-901d-7b451357562b\/neighbor.png"
    },
    "height" : 128,
    "posterPath" : "releases\/qg-20260228-real-creatures\/runs\/qg-nnea-s300160\/94d322c7-8c01-4010-901d-7b451357562b\/poster.png",
    "replayPath" : "releases\/qg-20260228-real-creatures\/runs\/qg-nnea-s300160\/94d322c7-8c01-4010-901d-7b451357562b\/replay.json",
    "width" : 128
  },
  "published_at" : "2026-03-06T18:48:16.691Z",
  "recorded_at" : "2026-02-28T18:14:58.222Z",
  "run_id" : "qg-nnea-s300160",
  "run_name" : "qg-nnea-s300160",
  "source_db" : "\/Users\/ludwig\/dev\/specter-labs\/dossiers\/lenia-swarm\/artifacts\/qg-20260228\/compendium.sqlite",
  "telemetry" : {
    "centroid" : {
      "x" : 0.4932011,
      "y" : 0.49544626
    },
    "headingRad" : 2.1491177,
    "speed" : 0.0010245622,
    "trail" : [
      {
        "x" : 0.4931245,
        "y" : 0.49578187
      },
      {
        "x" : 0.4935596,
        "y" : 0.49616814
      },
      {
        "x" : 0.49376115,
        "y" : 0.4963042
      }
    ],
    "vx" : -0.00056004524,
    "vy" : 0.00085794926
  }
}