{
  "artifact_source" : "rendered_stage_media_with_replay",
  "creature" : {
    "config_hash" : "ccf08353ea32",
    "genotype" : {
      "R" : 6.1057816,
      "a" : [
        [
          0.98078203,
          0.21943647,
          0.62528974
        ],
        [
          0.21400094,
          0.012578785,
          0.7060855
        ],
        [
          0.17122447,
          0.3976388,
          0.34204084
        ]
      ],
      "b" : [
        [
          0.08621895,
          0.68300366,
          0.91484314
        ],
        [
          0.9054841,
          0.9096815,
          0.22569191
        ],
        [
          0.8715303,
          0.8372887,
          0.99853677
        ]
      ],
      "h" : [
        0.69671136,
        0.66514516,
        0.18227708
      ],
      "m" : [
        0.11731817,
        0.4901403,
        0.31549805
      ],
      "r" : [
        0.9170403,
        0.21646981,
        0.3065959
      ],
      "s" : [
        0.03364004,
        0.08242645,
        0.13668469
      ],
      "w" : [
        [
          0.42239407,
          0.067236096,
          0.45496696
        ],
        [
          0.47867304,
          0.13367495,
          0.19232504
        ],
        [
          0.41442302,
          0.15191564,
          0.42750537
        ]
      ]
    },
    "id" : "9E016E3D-AB43-4E06-AD23-49C59B850461",
    "metrics" : {
      "activity_diversity_mean" : 0.12438129,
      "activity_eac_mean" : 2487.5044,
      "activity_ean_mean" : 262.51428,
      "activity_species_mean" : 8.222222,
      "center_velocity" : 0.0003722763,
      "displacement" : 0.15821743,
      "energy_mean" : 112.62259,
      "gyration" : 2412.0002,
      "heading_rad" : 0,
      "is_stable" : true,
      "mass_max" : 558.8621,
      "mass_mean" : 558.8558,
      "mass_min" : 558.8495,
      "mass_std" : 0.17677669,
      "occupancy_mean" : 0.18821208,
      "path_length" : 0.61665154,
      "sample_count" : 18,
      "speed_count" : 0,
      "speed_mean" : 0.0003722763,
      "variance_mean" : 0.0057104556,
      "velocity_x" : 0,
      "velocity_y" : 0
    },
    "name" : "crystal-walker-0304",
    "owner_id" : "local-node",
    "phenotype" : {
      "a_uniform" : {
        "high" : 1,
        "low" : 0
      },
      "p_uniform" : {
        "high" : 1,
        "low" : 0
      },
      "patches" : [
        {
          "center" : [
            32,
            32
          ],
          "size" : 24
        },
        {
          "center" : [
            96,
            96
          ],
          "size" : 24
        }
      ],
      "seed" : 300017
    },
    "score" : 139.72813,
    "score_weights" : {
      "activity_diversity_mean" : 2,
      "activity_ean_mean" : 0.5,
      "activity_species_mean" : 1
    },
    "timestamp" : "2026-02-28T17:09:59.387Z"
  },
  "media" : {
    "anatomy" : {
      "deltaPath" : "releases\/qg-20260228-real-creatures\/runs\/qg-nnea-s300000\/9e016e3d-ab43-4e06-ad23-49c59b850461\/delta.png",
      "fieldPath" : "releases\/qg-20260228-real-creatures\/runs\/qg-nnea-s300000\/9e016e3d-ab43-4e06-ad23-49c59b850461\/field.png",
      "kernelPath" : "releases\/qg-20260228-real-creatures\/runs\/qg-nnea-s300000\/9e016e3d-ab43-4e06-ad23-49c59b850461\/kernel.png",
      "neighborPath" : "releases\/qg-20260228-real-creatures\/runs\/qg-nnea-s300000\/9e016e3d-ab43-4e06-ad23-49c59b850461\/neighbor.png"
    },
    "height" : 128,
    "posterPath" : "releases\/qg-20260228-real-creatures\/runs\/qg-nnea-s300000\/9e016e3d-ab43-4e06-ad23-49c59b850461\/poster.png",
    "replayPath" : "releases\/qg-20260228-real-creatures\/runs\/qg-nnea-s300000\/9e016e3d-ab43-4e06-ad23-49c59b850461\/replay.json",
    "width" : 128
  },
  "published_at" : "2026-03-06T18:48:16.691Z",
  "recorded_at" : "2026-02-28T17:09:59.387Z",
  "run_id" : "qg-nnea-s300000",
  "run_name" : "qg-nnea-s300000",
  "source_db" : "\/Users\/ludwig\/dev\/specter-labs\/dossiers\/lenia-swarm\/artifacts\/qg-20260228\/compendium.sqlite",
  "telemetry" : {
    "centroid" : {
      "x" : 0.4815024,
      "y" : 0.4808011
    },
    "headingRad" : -0.5236613,
    "speed" : 0.00023332692,
    "trail" : [
      {
        "x" : 0.48086146,
        "y" : 0.48037758
      },
      {
        "x" : 0.48148564,
        "y" : 0.48098004
      },
      {
        "x" : 0.48130035,
        "y" : 0.48068443
      }
    ],
    "vx" : 0.00020205975,
    "vy" : -0.00011667609
  }
}