{
  "artifact_source" : "rendered_stage_media_with_replay",
  "creature" : {
    "config_hash" : "ccf08353ea32",
    "genotype" : {
      "R" : 5.4899206,
      "a" : [
        [
          0.44805974,
          0.9285159,
          0.6064985
        ],
        [
          0.5497921,
          0.25453204,
          0.73994887
        ],
        [
          0.8056671,
          0.8958308,
          0.46180826
        ]
      ],
      "b" : [
        [
          0.6356464,
          0.515608,
          0.18856174
        ],
        [
          0.9057607,
          0.46230513,
          0.21042103
        ],
        [
          0.6549488,
          0.6626205,
          0.6947839
        ]
      ],
      "h" : [
        0.8587225,
        0.7628519,
        0.45713663
      ],
      "m" : [
        0.22644581,
        0.35945445,
        0.15383619
      ],
      "r" : [
        0.9076546,
        0.8273612,
        0.4983825
      ],
      "s" : [
        0.002267762,
        0.11188927,
        0.040239062
      ],
      "w" : [
        [
          0.47030833,
          0.48415083,
          0.25304863
        ],
        [
          0.39131308,
          0.3309386,
          0.28902474
        ],
        [
          0.07259696,
          0.30929735,
          0.058352657
        ]
      ]
    },
    "id" : "9E273A5F-1341-4B8A-880D-64F5238A842B",
    "metrics" : {
      "activity_diversity_mean" : 0.14576744,
      "activity_eac_mean" : 2509.3489,
      "activity_ean_mean" : 264.00516,
      "activity_species_mean" : 14.333333,
      "center_velocity" : 0.000267077,
      "displacement" : 0.11350773,
      "energy_mean" : 135.07742,
      "gyration" : 2417.552,
      "heading_rad" : 0,
      "is_stable" : true,
      "mass_max" : 565.083,
      "mass_mean" : 565.0766,
      "mass_min" : 565.07025,
      "mass_std" : 0.25,
      "occupancy_mean" : 0.18495348,
      "path_length" : 0.49519417,
      "sample_count" : 18,
      "speed_count" : 0,
      "speed_mean" : 0.000267077,
      "variance_mean" : 0.007054943,
      "velocity_x" : 0,
      "velocity_y" : 0
    },
    "name" : "radiant-form-7917",
    "owner_id" : "local-node",
    "phenotype" : {
      "a_uniform" : {
        "high" : 1,
        "low" : 0
      },
      "p_uniform" : {
        "high" : 1,
        "low" : 0
      },
      "patches" : [
        {
          "center" : [
            32,
            32
          ],
          "size" : 24
        },
        {
          "center" : [
            96,
            96
          ],
          "size" : 24
        }
      ],
      "seed" : 300052
    },
    "score" : 146.62744,
    "score_weights" : {
      "activity_diversity_mean" : 2,
      "activity_ean_mean" : 0.5,
      "activity_species_mean" : 1
    },
    "timestamp" : "2026-02-28T17:37:55.545Z"
  },
  "media" : {
    "anatomy" : {
      "deltaPath" : "releases\/qg-20260228-real-creatures\/runs\/qg-nnea-s300032\/9e273a5f-1341-4b8a-880d-64f5238a842b\/delta.png",
      "fieldPath" : "releases\/qg-20260228-real-creatures\/runs\/qg-nnea-s300032\/9e273a5f-1341-4b8a-880d-64f5238a842b\/field.png",
      "kernelPath" : "releases\/qg-20260228-real-creatures\/runs\/qg-nnea-s300032\/9e273a5f-1341-4b8a-880d-64f5238a842b\/kernel.png",
      "neighborPath" : "releases\/qg-20260228-real-creatures\/runs\/qg-nnea-s300032\/9e273a5f-1341-4b8a-880d-64f5238a842b\/neighbor.png"
    },
    "height" : 128,
    "posterPath" : "releases\/qg-20260228-real-creatures\/runs\/qg-nnea-s300032\/9e273a5f-1341-4b8a-880d-64f5238a842b\/poster.png",
    "replayPath" : "releases\/qg-20260228-real-creatures\/runs\/qg-nnea-s300032\/9e273a5f-1341-4b8a-880d-64f5238a842b\/replay.json",
    "width" : 128
  },
  "published_at" : "2026-03-06T18:48:16.691Z",
  "recorded_at" : "2026-02-28T17:37:55.545Z",
  "run_id" : "qg-nnea-s300032",
  "run_name" : "qg-nnea-s300032",
  "source_db" : "\/Users\/ludwig\/dev\/specter-labs\/dossiers\/lenia-swarm\/artifacts\/qg-20260228\/compendium.sqlite",
  "telemetry" : {
    "centroid" : {
      "x" : 0.48902744,
      "y" : 0.4885683
    },
    "headingRad" : -1.3604704,
    "speed" : 3.797045e-05,
    "trail" : [
      {
        "x" : 0.48806524,
        "y" : 0.48763502
      },
      {
        "x" : 0.48854676,
        "y" : 0.48801675
      },
      {
        "x" : 0.4890195,
        "y" : 0.48853117
      }
    ],
    "vx" : 7.927418e-06,
    "vy" : -3.7133694e-05
  }
}