{
  "artifact_source" : "rendered_stage_media_with_replay",
  "creature" : {
    "config_hash" : "ccf08353ea32",
    "genotype" : {
      "R" : 14.555541,
      "a" : [
        [
          0.22571582,
          0.23676163,
          0.04158944
        ],
        [
          0.88619524,
          0.5583865,
          0.020068884
        ],
        [
          0.1823898,
          0.12206191,
          0.15317488
        ]
      ],
      "b" : [
        [
          0.8357846,
          0.674493,
          0.044790864
        ],
        [
          0.5613624,
          0.17963684,
          0.3315438
        ],
        [
          0.10939556,
          0.060658514,
          0.30566877
        ]
      ],
      "h" : [
        0.0835284,
        0.5993685,
        0.9323708
      ],
      "m" : [
        0.13276967,
        0.27909416,
        0.3639149
      ],
      "r" : [
        0.6944355,
        0.7058848,
        0.4781369
      ],
      "s" : [
        0.07374893,
        0.111177355,
        0.16162634
      ],
      "w" : [
        [
          0.49336374,
          0.19270498,
          0.19598228
        ],
        [
          0.4719677,
          0.04356987,
          0.44661403
        ],
        [
          0.44580477,
          0.24581963,
          0.39902526
        ]
      ]
    },
    "id" : "A844EA61-025A-4AA8-B501-F80E9640D0EE",
    "metrics" : {
      "activity_diversity_mean" : 0.0199313,
      "activity_eac_mean" : 2545.8633,
      "activity_ean_mean" : 267.6549,
      "activity_species_mean" : 2.4444444,
      "center_velocity" : 8.830141e-05,
      "displacement" : 0.037528098,
      "energy_mean" : 140.1978,
      "gyration" : 2414.2651,
      "heading_rad" : 0,
      "is_stable" : true,
      "mass_max" : 567.60254,
      "mass_mean" : 567.5962,
      "mass_min" : 567.5898,
      "mass_std" : 0,
      "occupancy_mean" : 0.19285753,
      "path_length" : 0.1362679,
      "sample_count" : 18,
      "speed_count" : 0,
      "speed_mean" : 8.830141e-05,
      "variance_mean" : 0.007356835,
      "velocity_x" : 0,
      "velocity_y" : 0
    },
    "name" : "ancient-glider-5367",
    "owner_id" : "local-node",
    "phenotype" : {
      "a_uniform" : {
        "high" : 1,
        "low" : 0
      },
      "p_uniform" : {
        "high" : 1,
        "low" : 0
      },
      "patches" : [
        {
          "center" : [
            32,
            32
          ],
          "size" : 24
        },
        {
          "center" : [
            96,
            96
          ],
          "size" : 24
        }
      ],
      "seed" : 300194
    },
    "score" : 136.31175,
    "score_weights" : {
      "activity_diversity_mean" : 2,
      "activity_ean_mean" : 0.5,
      "activity_species_mean" : 1
    },
    "timestamp" : "2026-02-28T18:26:08.262Z"
  },
  "media" : {
    "anatomy" : {
      "deltaPath" : "releases\/qg-20260228-real-creatures\/runs\/qg-nnea-s300192\/a844ea61-025a-4aa8-b501-f80e9640d0ee\/delta.png",
      "fieldPath" : "releases\/qg-20260228-real-creatures\/runs\/qg-nnea-s300192\/a844ea61-025a-4aa8-b501-f80e9640d0ee\/field.png",
      "kernelPath" : "releases\/qg-20260228-real-creatures\/runs\/qg-nnea-s300192\/a844ea61-025a-4aa8-b501-f80e9640d0ee\/kernel.png",
      "neighborPath" : "releases\/qg-20260228-real-creatures\/runs\/qg-nnea-s300192\/a844ea61-025a-4aa8-b501-f80e9640d0ee\/neighbor.png"
    },
    "height" : 128,
    "posterPath" : "releases\/qg-20260228-real-creatures\/runs\/qg-nnea-s300192\/a844ea61-025a-4aa8-b501-f80e9640d0ee\/poster.png",
    "replayPath" : "releases\/qg-20260228-real-creatures\/runs\/qg-nnea-s300192\/a844ea61-025a-4aa8-b501-f80e9640d0ee\/replay.json",
    "width" : 128
  },
  "published_at" : "2026-03-06T18:48:16.691Z",
  "recorded_at" : "2026-02-28T18:26:08.262Z",
  "run_id" : "qg-nnea-s300192",
  "run_name" : "qg-nnea-s300192",
  "source_db" : "\/Users\/ludwig\/dev\/specter-labs\/dossiers\/lenia-swarm\/artifacts\/qg-20260228\/compendium.sqlite",
  "telemetry" : {
    "centroid" : {
      "x" : 0.49698585,
      "y" : 0.49843273
    },
    "headingRad" : 2.3107986,
    "speed" : 0.0010504122,
    "trail" : [
      {
        "x" : 0.49763852,
        "y" : 0.49906185
      },
      {
        "x" : 0.49749812,
        "y" : 0.4988752
      },
      {
        "x" : 0.49769413,
        "y" : 0.49920842
      }
    ],
    "vx" : -0.000708282,
    "vy" : 0.00077569485
  }
}