{
  "artifact_source" : "rendered_stage_media_with_replay",
  "creature" : {
    "config_hash" : "ccf08353ea32",
    "genotype" : {
      "R" : 14.82389,
      "a" : [
        [
          0.19343513,
          0.9117845,
          0.15179574
        ],
        [
          0.65538925,
          0.52050275,
          0.2788248
        ],
        [
          0.3773921,
          0.13892561,
          0.56945956
        ]
      ],
      "b" : [
        [
          0.43593466,
          0.38343728,
          0.6359357
        ],
        [
          0.15376914,
          0.7894686,
          0.66365314
        ],
        [
          0.7011637,
          0.55901676,
          0.3602869
        ]
      ],
      "h" : [
        0.0012583137,
        0.8519251,
        0.6864466
      ],
      "m" : [
        0.44875604,
        0.057300247,
        0.07457335
      ],
      "r" : [
        0.29789513,
        0.5611326,
        0.23178588
      ],
      "s" : [
        0.14515531,
        0.16363753,
        0.1644864
      ],
      "w" : [
        [
          0.24419284,
          0.04098593,
          0.13583826
        ],
        [
          0.49566352,
          0.10558078,
          0.385329
        ],
        [
          0.12714513,
          0.14247085,
          0.32427046
        ]
      ]
    },
    "id" : "B3969FB9-6D45-4004-A002-A53A599A704B",
    "metrics" : {
      "activity_diversity_mean" : 0.13767304,
      "activity_eac_mean" : 2433.4775,
      "activity_ean_mean" : 256.90125,
      "activity_species_mean" : 5.3333335,
      "center_velocity" : 2.7373208e-05,
      "displacement" : 0.011633613,
      "energy_mean" : 206.52612,
      "gyration" : 2387.4697,
      "heading_rad" : 0,
      "is_stable" : true,
      "mass_max" : 554.98926,
      "mass_mean" : 554.98303,
      "mass_min" : 554.9768,
      "mass_std" : 0,
      "occupancy_mean" : 0.16572401,
      "path_length" : 0.2732928,
      "sample_count" : 18,
      "speed_count" : 0,
      "speed_mean" : 2.7373208e-05,
      "variance_mean" : 0.011457942,
      "velocity_x" : 0,
      "velocity_y" : 0
    },
    "name" : "luminous-entity-5030",
    "owner_id" : "local-node",
    "phenotype" : {
      "a_uniform" : {
        "high" : 1,
        "low" : 0
      },
      "p_uniform" : {
        "high" : 1,
        "low" : 0
      },
      "patches" : [
        {
          "center" : [
            32,
            32
          ],
          "size" : 24
        },
        {
          "center" : [
            96,
            96
          ],
          "size" : 24
        }
      ],
      "seed" : 300058
    },
    "score" : 134.0593,
    "score_weights" : {
      "activity_diversity_mean" : 2,
      "activity_ean_mean" : 0.5,
      "activity_species_mean" : 1
    },
    "timestamp" : "2026-02-28T17:37:55.545Z"
  },
  "media" : {
    "anatomy" : {
      "deltaPath" : "releases\/qg-20260228-real-creatures\/runs\/qg-nnea-s300032\/b3969fb9-6d45-4004-a002-a53a599a704b\/delta.png",
      "fieldPath" : "releases\/qg-20260228-real-creatures\/runs\/qg-nnea-s300032\/b3969fb9-6d45-4004-a002-a53a599a704b\/field.png",
      "kernelPath" : "releases\/qg-20260228-real-creatures\/runs\/qg-nnea-s300032\/b3969fb9-6d45-4004-a002-a53a599a704b\/kernel.png",
      "neighborPath" : "releases\/qg-20260228-real-creatures\/runs\/qg-nnea-s300032\/b3969fb9-6d45-4004-a002-a53a599a704b\/neighbor.png"
    },
    "height" : 128,
    "posterPath" : "releases\/qg-20260228-real-creatures\/runs\/qg-nnea-s300032\/b3969fb9-6d45-4004-a002-a53a599a704b\/poster.png",
    "replayPath" : "releases\/qg-20260228-real-creatures\/runs\/qg-nnea-s300032\/b3969fb9-6d45-4004-a002-a53a599a704b\/replay.json",
    "width" : 128
  },
  "published_at" : "2026-03-06T18:48:16.691Z",
  "recorded_at" : "2026-02-28T17:37:55.545Z",
  "run_id" : "qg-nnea-s300032",
  "run_name" : "qg-nnea-s300032",
  "source_db" : "\/Users\/ludwig\/dev\/specter-labs\/dossiers\/lenia-swarm\/artifacts\/qg-20260228\/compendium.sqlite",
  "telemetry" : {
    "centroid" : {
      "x" : 0.50056714,
      "y" : 0.49974072
    },
    "headingRad" : 2.4540799,
    "speed" : 0.00017638598,
    "trail" : [
      {
        "x" : 0.49965546,
        "y" : 0.49851832
      },
      {
        "x" : 0.49994886,
        "y" : 0.49872097
      },
      {
        "x" : 0.50070345,
        "y" : 0.49985266
      }
    ],
    "vx" : -0.00013631582,
    "vy" : 0.00011193752
  }
}