{
  "artifact_source" : "rendered_stage_media_with_replay",
  "creature" : {
    "config_hash" : "ccf08353ea32",
    "genotype" : {
      "R" : 17.186787,
      "a" : [
        [
          0.47724527,
          0.54278773,
          0.519772
        ],
        [
          0.024493217,
          0.4887424,
          0.9840714
        ],
        [
          0.095139265,
          0.91536266,
          0.30386114
        ]
      ],
      "b" : [
        [
          0.06630474,
          0.6837913,
          0.5889793
        ],
        [
          0.5513932,
          0.2888993,
          0.79543
        ],
        [
          0.85216933,
          0.9408796,
          0.23071396
        ]
      ],
      "h" : [
        0.7150061,
        0.37240094,
        0.0414809
      ],
      "m" : [
        0.23340556,
        0.1606732,
        0.072614856
      ],
      "r" : [
        0.79653513,
        0.9703435,
        0.34894314
      ],
      "s" : [
        0.022019263,
        0.08853488,
        0.16987135
      ],
      "w" : [
        [
          0.26175526,
          0.21711838,
          0.068527624
        ],
        [
          0.44614953,
          0.10569062,
          0.1460934
        ],
        [
          0.048907787,
          0.38094208,
          0.11998333
        ]
      ]
    },
    "id" : "C17014E6-3B5A-4BD3-B7D6-6E5E7DE2E75A",
    "metrics" : {
      "activity_diversity_mean" : 0.023319934,
      "activity_eac_mean" : 2567.4727,
      "activity_ean_mean" : 269.38257,
      "activity_species_mean" : 2.8888888,
      "center_velocity" : 8.595279e-05,
      "displacement" : 0.036529936,
      "energy_mean" : 147.02075,
      "gyration" : 2394.9004,
      "heading_rad" : 0,
      "is_stable" : true,
      "mass_max" : 578.7815,
      "mass_mean" : 578.77496,
      "mass_min" : 578.7685,
      "mass_std" : 0,
      "occupancy_mean" : 0.18381415,
      "path_length" : 0.2415945,
      "sample_count" : 18,
      "speed_count" : 0,
      "speed_mean" : 8.595279e-05,
      "variance_mean" : 0.007725536,
      "velocity_x" : 0,
      "velocity_y" : 0
    },
    "name" : "pulsing-blob-9532",
    "owner_id" : "local-node",
    "phenotype" : {
      "a_uniform" : {
        "high" : 1,
        "low" : 0
      },
      "p_uniform" : {
        "high" : 1,
        "low" : 0
      },
      "patches" : [
        {
          "center" : [
            32,
            32
          ],
          "size" : 24
        },
        {
          "center" : [
            96,
            96
          ],
          "size" : 24
        }
      ],
      "seed" : 300049
    },
    "score" : 137.62682,
    "score_weights" : {
      "activity_diversity_mean" : 2,
      "activity_ean_mean" : 0.5,
      "activity_species_mean" : 1
    },
    "timestamp" : "2026-02-28T17:37:55.544Z"
  },
  "media" : {
    "anatomy" : {
      "deltaPath" : "releases\/qg-20260228-real-creatures\/runs\/qg-nnea-s300032\/c17014e6-3b5a-4bd3-b7d6-6e5e7de2e75a\/delta.png",
      "fieldPath" : "releases\/qg-20260228-real-creatures\/runs\/qg-nnea-s300032\/c17014e6-3b5a-4bd3-b7d6-6e5e7de2e75a\/field.png",
      "kernelPath" : "releases\/qg-20260228-real-creatures\/runs\/qg-nnea-s300032\/c17014e6-3b5a-4bd3-b7d6-6e5e7de2e75a\/kernel.png",
      "neighborPath" : "releases\/qg-20260228-real-creatures\/runs\/qg-nnea-s300032\/c17014e6-3b5a-4bd3-b7d6-6e5e7de2e75a\/neighbor.png"
    },
    "height" : 128,
    "posterPath" : "releases\/qg-20260228-real-creatures\/runs\/qg-nnea-s300032\/c17014e6-3b5a-4bd3-b7d6-6e5e7de2e75a\/poster.png",
    "replayPath" : "releases\/qg-20260228-real-creatures\/runs\/qg-nnea-s300032\/c17014e6-3b5a-4bd3-b7d6-6e5e7de2e75a\/replay.json",
    "width" : 128
  },
  "published_at" : "2026-03-06T18:48:16.691Z",
  "recorded_at" : "2026-02-28T17:37:55.544Z",
  "run_id" : "qg-nnea-s300032",
  "run_name" : "qg-nnea-s300032",
  "source_db" : "\/Users\/ludwig\/dev\/specter-labs\/dossiers\/lenia-swarm\/artifacts\/qg-20260228\/compendium.sqlite",
  "telemetry" : {
    "centroid" : {
      "x" : 0.51026934,
      "y" : 0.5083727
    },
    "headingRad" : 2.2499092,
    "speed" : 0.00054508436,
    "trail" : [
      {
        "x" : 0.5113915,
        "y" : 0.5089224
      },
      {
        "x" : 0.5106148,
        "y" : 0.5081873
      },
      {
        "x" : 0.5106117,
        "y" : 0.5087969
      }
    ],
    "vx" : -0.00034236908,
    "vy" : 0.00042414665
  }
}