{
  "artifact_source" : "rendered_stage_media_with_replay",
  "creature" : {
    "config_hash" : "ccf08353ea32",
    "genotype" : {
      "R" : 9.545977,
      "a" : [
        [
          0.3334242,
          0.8383529,
          0.35204065
        ],
        [
          0.31399113,
          0.2975927,
          0.9097087
        ],
        [
          0.9135011,
          0.88394606,
          0.26049238
        ]
      ],
      "b" : [
        [
          0.8072766,
          0.41283625,
          0.87950975
        ],
        [
          0.54700744,
          0.40998858,
          0.90386796
        ],
        [
          0.87892044,
          0.17582119,
          0.9570866
        ]
      ],
      "h" : [
        0.9777982,
        0.015627801,
        0.75574565
      ],
      "m" : [
        0.11326344,
        0.34343404,
        0.37123132
      ],
      "r" : [
        0.56652313,
        0.8600739,
        0.34668604
      ],
      "s" : [
        0.00712571,
        0.16843122,
        0.008844724
      ],
      "w" : [
        [
          0.34397066,
          0.40689528,
          0.11005276
        ],
        [
          0.3453899,
          0.013103079,
          0.085654594
        ],
        [
          0.075092286,
          0.19102752,
          0.0927837
        ]
      ]
    },
    "id" : "C31FA7C9-5A59-4A3D-9D32-70E24A08EF57",
    "metrics" : {
      "activity_diversity_mean" : 0.08508381,
      "activity_eac_mean" : 2509.0303,
      "activity_ean_mean" : 264.1288,
      "activity_species_mean" : 9.444445,
      "center_velocity" : 0.0001942241,
      "displacement" : 0.08254524,
      "energy_mean" : 116.07492,
      "gyration" : 2388.6292,
      "heading_rad" : 0,
      "is_stable" : true,
      "mass_max" : 565.0095,
      "mass_mean" : 565.0031,
      "mass_min" : 564.9967,
      "mass_std" : 0,
      "occupancy_mean" : 0.18133885,
      "path_length" : 0.4725291,
      "sample_count" : 18,
      "speed_count" : 0,
      "speed_mean" : 0.0001942241,
      "variance_mean" : 0.005895432,
      "velocity_x" : 0,
      "velocity_y" : 0
    },
    "name" : "flowing-orbiter-4536",
    "owner_id" : "local-node",
    "phenotype" : {
      "a_uniform" : {
        "high" : 1,
        "low" : 0
      },
      "p_uniform" : {
        "high" : 1,
        "low" : 0
      },
      "patches" : [
        {
          "center" : [
            32,
            32
          ],
          "size" : 24
        },
        {
          "center" : [
            96,
            96
          ],
          "size" : 24
        }
      ],
      "seed" : 300207
    },
    "score" : 141.67902,
    "score_weights" : {
      "activity_diversity_mean" : 2,
      "activity_ean_mean" : 0.5,
      "activity_species_mean" : 1
    },
    "timestamp" : "2026-02-28T18:26:08.263Z"
  },
  "media" : {
    "anatomy" : {
      "deltaPath" : "releases\/qg-20260228-real-creatures\/runs\/qg-nnea-s300192\/c31fa7c9-5a59-4a3d-9d32-70e24a08ef57\/delta.png",
      "fieldPath" : "releases\/qg-20260228-real-creatures\/runs\/qg-nnea-s300192\/c31fa7c9-5a59-4a3d-9d32-70e24a08ef57\/field.png",
      "kernelPath" : "releases\/qg-20260228-real-creatures\/runs\/qg-nnea-s300192\/c31fa7c9-5a59-4a3d-9d32-70e24a08ef57\/kernel.png",
      "neighborPath" : "releases\/qg-20260228-real-creatures\/runs\/qg-nnea-s300192\/c31fa7c9-5a59-4a3d-9d32-70e24a08ef57\/neighbor.png"
    },
    "height" : 128,
    "posterPath" : "releases\/qg-20260228-real-creatures\/runs\/qg-nnea-s300192\/c31fa7c9-5a59-4a3d-9d32-70e24a08ef57\/poster.png",
    "replayPath" : "releases\/qg-20260228-real-creatures\/runs\/qg-nnea-s300192\/c31fa7c9-5a59-4a3d-9d32-70e24a08ef57\/replay.json",
    "width" : 128
  },
  "published_at" : "2026-03-06T18:48:16.691Z",
  "recorded_at" : "2026-02-28T18:26:08.263Z",
  "run_id" : "qg-nnea-s300192",
  "run_name" : "qg-nnea-s300192",
  "source_db" : "\/Users\/ludwig\/dev\/specter-labs\/dossiers\/lenia-swarm\/artifacts\/qg-20260228\/compendium.sqlite",
  "telemetry" : {
    "centroid" : {
      "x" : 0.48963273,
      "y" : 0.49262384
    },
    "headingRad" : 0.28325748,
    "speed" : 9.3303934e-05,
    "trail" : [
      {
        "x" : 0.48969695,
        "y" : 0.49274313
      },
      {
        "x" : 0.48967776,
        "y" : 0.49265516
      },
      {
        "x" : 0.48954314,
        "y" : 0.4926499
      }
    ],
    "vx" : 8.958578e-05,
    "vy" : 2.6077032e-05
  }
}