{
  "artifact_source" : "rendered_stage_media_with_replay",
  "creature" : {
    "config_hash" : "ccf08353ea32",
    "genotype" : {
      "R" : 8.435174,
      "a" : [
        [
          0.0977149,
          0.2844634,
          0.7684484
        ],
        [
          0.7063833,
          0.6129756,
          0.782804
        ],
        [
          0.49606746,
          0.24260622,
          0.4689119
        ]
      ],
      "b" : [
        [
          0.31661248,
          0.5939464,
          0.3947239
        ],
        [
          0.7200163,
          0.72358656,
          0.2782929
        ],
        [
          0.04836613,
          0.90543824,
          0.311615
        ]
      ],
      "h" : [
        0.09128821,
        0.5639971,
        0.62025756
      ],
      "m" : [
        0.36371896,
        0.101223245,
        0.45346138
      ],
      "r" : [
        0.8952083,
        0.3681964,
        0.5143676
      ],
      "s" : [
        0.1161305,
        0.1502531,
        0.1881329
      ],
      "w" : [
        [
          0.40036407,
          0.21916215,
          0.06278497
        ],
        [
          0.20047604,
          0.35870367,
          0.2001057
        ],
        [
          0.19037206,
          0.22431602,
          0.17943251
        ]
      ]
    },
    "id" : "C5CF54BA-90E3-41C2-817B-8A5E3D764682",
    "metrics" : {
      "activity_diversity_mean" : 0.018368753,
      "activity_eac_mean" : 2573.2998,
      "activity_ean_mean" : 270.71445,
      "activity_species_mean" : 2,
      "center_velocity" : 8.015704e-05,
      "displacement" : 0.034066744,
      "energy_mean" : 161.39569,
      "gyration" : 2399.8457,
      "heading_rad" : 0,
      "is_stable" : true,
      "mass_max" : 575.40735,
      "mass_mean" : 575.40076,
      "mass_min" : 575.3943,
      "mass_std" : 0.25,
      "occupancy_mean" : 0.20070393,
      "path_length" : 0.12257781,
      "sample_count" : 18,
      "speed_count" : 0,
      "speed_mean" : 8.015704e-05,
      "variance_mean" : 0.008617421,
      "velocity_x" : 0,
      "velocity_y" : 0
    },
    "name" : "ancient-glider-9308",
    "owner_id" : "local-node",
    "phenotype" : {
      "a_uniform" : {
        "high" : 1,
        "low" : 0
      },
      "p_uniform" : {
        "high" : 1,
        "low" : 0
      },
      "patches" : [
        {
          "center" : [
            32,
            32
          ],
          "size" : 24
        },
        {
          "center" : [
            96,
            96
          ],
          "size" : 24
        }
      ],
      "seed" : 300119
    },
    "score" : 137.39397,
    "score_weights" : {
      "activity_diversity_mean" : 2,
      "activity_ean_mean" : 0.5,
      "activity_species_mean" : 1
    },
    "timestamp" : "2026-02-28T17:54:15.496Z"
  },
  "media" : {
    "anatomy" : {
      "deltaPath" : "releases\/qg-20260228-real-creatures\/runs\/qg-nnea-s300096\/c5cf54ba-90e3-41c2-817b-8a5e3d764682\/delta.png",
      "fieldPath" : "releases\/qg-20260228-real-creatures\/runs\/qg-nnea-s300096\/c5cf54ba-90e3-41c2-817b-8a5e3d764682\/field.png",
      "kernelPath" : "releases\/qg-20260228-real-creatures\/runs\/qg-nnea-s300096\/c5cf54ba-90e3-41c2-817b-8a5e3d764682\/kernel.png",
      "neighborPath" : "releases\/qg-20260228-real-creatures\/runs\/qg-nnea-s300096\/c5cf54ba-90e3-41c2-817b-8a5e3d764682\/neighbor.png"
    },
    "height" : 128,
    "posterPath" : "releases\/qg-20260228-real-creatures\/runs\/qg-nnea-s300096\/c5cf54ba-90e3-41c2-817b-8a5e3d764682\/poster.png",
    "replayPath" : "releases\/qg-20260228-real-creatures\/runs\/qg-nnea-s300096\/c5cf54ba-90e3-41c2-817b-8a5e3d764682\/replay.json",
    "width" : 128
  },
  "published_at" : "2026-03-06T18:48:16.691Z",
  "recorded_at" : "2026-02-28T17:54:15.496Z",
  "run_id" : "qg-nnea-s300096",
  "run_name" : "qg-nnea-s300096",
  "source_db" : "\/Users\/ludwig\/dev\/specter-labs\/dossiers\/lenia-swarm\/artifacts\/qg-20260228\/compendium.sqlite",
  "telemetry" : {
    "centroid" : {
      "x" : 0.49783924,
      "y" : 0.49898162
    },
    "headingRad" : -0.56126684,
    "speed" : 0.0010871432,
    "trail" : [
      {
        "x" : 0.49620217,
        "y" : 0.49696198
      },
      {
        "x" : 0.4963437,
        "y" : 0.49745727
      },
      {
        "x" : 0.4969189,
        "y" : 0.49840298
      }
    ],
    "vx" : 0.0009203553,
    "vy" : -0.0005786419
  }
}