{
  "artifact_source" : "rendered_stage_media_with_replay",
  "creature" : {
    "config_hash" : "ccf08353ea32",
    "genotype" : {
      "R" : 12.2351465,
      "a" : [
        [
          0.7733832,
          0.14454472,
          0.4357767
        ],
        [
          0.0699451,
          0.03360963,
          0.7757692
        ],
        [
          0.57210076,
          0.07808769,
          0.04708922
        ]
      ],
      "b" : [
        [
          0.18674314,
          0.2427491,
          0.9579364
        ],
        [
          0.18414402,
          0.20702505,
          0.20639259
        ],
        [
          0.56122744,
          0.32608646,
          0.9745429
        ]
      ],
      "h" : [
        0.73888665,
        0.0009524822,
        0.37608248
      ],
      "m" : [
        0.45867363,
        0.16457506,
        0.37276417
      ],
      "r" : [
        0.5319378,
        0.65446633,
        0.5101872
      ],
      "s" : [
        0.0060172216,
        0.023978624,
        0.124242246
      ],
      "w" : [
        [
          0.13436495,
          0.44912562,
          0.10793974
        ],
        [
          0.080959246,
          0.19061661,
          0.42471203
        ],
        [
          0.048232183,
          0.20695554,
          0.17595682
        ]
      ]
    },
    "id" : "C8570AE1-0012-42D2-B5D9-AB35DCA927AB",
    "metrics" : {
      "activity_diversity_mean" : 0.12452584,
      "activity_eac_mean" : 2470.774,
      "activity_ean_mean" : 261.8536,
      "activity_species_mean" : 18.11111,
      "center_velocity" : 0.00043006704,
      "displacement" : 0.1827785,
      "energy_mean" : 108.297195,
      "gyration" : 2407.3394,
      "heading_rad" : 0,
      "is_stable" : true,
      "mass_max" : 561.5557,
      "mass_mean" : 561.5493,
      "mass_min" : 561.543,
      "mass_std" : 0.30618623,
      "occupancy_mean" : 0.18464153,
      "path_length" : 0.5734895,
      "sample_count" : 18,
      "speed_count" : 0,
      "speed_mean" : 0.00043006704,
      "variance_mean" : 0.0054352116,
      "velocity_x" : 0,
      "velocity_y" : 0
    },
    "name" : "glowing-glider-5005",
    "owner_id" : "local-node",
    "phenotype" : {
      "a_uniform" : {
        "high" : 1,
        "low" : 0
      },
      "p_uniform" : {
        "high" : 1,
        "low" : 0
      },
      "patches" : [
        {
          "center" : [
            32,
            32
          ],
          "size" : 24
        },
        {
          "center" : [
            96,
            96
          ],
          "size" : 24
        }
      ],
      "seed" : 300108
    },
    "score" : 149.28697,
    "score_weights" : {
      "activity_diversity_mean" : 2,
      "activity_ean_mean" : 0.5,
      "activity_species_mean" : 1
    },
    "timestamp" : "2026-02-28T17:54:15.495Z"
  },
  "media" : {
    "anatomy" : {
      "deltaPath" : "releases\/qg-20260228-real-creatures\/runs\/qg-nnea-s300096\/c8570ae1-0012-42d2-b5d9-ab35dca927ab\/delta.png",
      "fieldPath" : "releases\/qg-20260228-real-creatures\/runs\/qg-nnea-s300096\/c8570ae1-0012-42d2-b5d9-ab35dca927ab\/field.png",
      "kernelPath" : "releases\/qg-20260228-real-creatures\/runs\/qg-nnea-s300096\/c8570ae1-0012-42d2-b5d9-ab35dca927ab\/kernel.png",
      "neighborPath" : "releases\/qg-20260228-real-creatures\/runs\/qg-nnea-s300096\/c8570ae1-0012-42d2-b5d9-ab35dca927ab\/neighbor.png"
    },
    "height" : 128,
    "posterPath" : "releases\/qg-20260228-real-creatures\/runs\/qg-nnea-s300096\/c8570ae1-0012-42d2-b5d9-ab35dca927ab\/poster.png",
    "replayPath" : "releases\/qg-20260228-real-creatures\/runs\/qg-nnea-s300096\/c8570ae1-0012-42d2-b5d9-ab35dca927ab\/replay.json",
    "width" : 128
  },
  "published_at" : "2026-03-06T18:48:16.691Z",
  "recorded_at" : "2026-02-28T17:54:15.495Z",
  "run_id" : "qg-nnea-s300096",
  "run_name" : "qg-nnea-s300096",
  "source_db" : "\/Users\/ludwig\/dev\/specter-labs\/dossiers\/lenia-swarm\/artifacts\/qg-20260228\/compendium.sqlite",
  "telemetry" : {
    "centroid" : {
      "x" : 0.5013096,
      "y" : 0.49988037
    },
    "headingRad" : -0.89351106,
    "speed" : 0.00010975902,
    "trail" : [
      {
        "x" : 0.50126386,
        "y" : 0.49990964
      },
      {
        "x" : 0.50128007,
        "y" : 0.49983895
      },
      {
        "x" : 0.5012408,
        "y" : 0.49979484
      }
    ],
    "vx" : 6.878376e-05,
    "vy" : -8.5532665e-05
  }
}