{
  "artifact_source" : "rendered_stage_media_with_replay",
  "creature" : {
    "config_hash" : "ccf08353ea32",
    "genotype" : {
      "R" : 15.995682,
      "a" : [
        [
          0.76029277,
          0.057697415,
          0.7111679
        ],
        [
          0.5662065,
          0.8620441,
          0.48031592
        ],
        [
          0.9187053,
          0.5797103,
          0.540156
        ]
      ],
      "b" : [
        [
          0.20772749,
          0.60338116,
          0.21852094
        ],
        [
          0.5092689,
          0.29966772,
          0.88275236
        ],
        [
          0.25757116,
          0.9550371,
          0.22166502
        ]
      ],
      "h" : [
        0.7671808,
        0.9877291,
        0.72136277
      ],
      "m" : [
        0.15413807,
        0.3848606,
        0.3511447
      ],
      "r" : [
        0.82017326,
        0.3309639,
        0.4384529
      ],
      "s" : [
        0.08282202,
        0.0795963,
        0.18127328
      ],
      "w" : [
        [
          0.4527344,
          0.02539086,
          0.47032553
        ],
        [
          0.3175787,
          0.33283257,
          0.292702
        ],
        [
          0.10276503,
          0.056714885,
          0.06037113
        ]
      ]
    },
    "id" : "C87B74EF-562F-40BB-BC8A-1DE515D2AD15",
    "metrics" : {
      "activity_diversity_mean" : 0.16193709,
      "activity_eac_mean" : 2613.1123,
      "activity_ean_mean" : 274.49023,
      "activity_species_mean" : 5.3333335,
      "center_velocity" : 0.00016640904,
      "displacement" : 0.07072384,
      "energy_mean" : 124.18445,
      "gyration" : 2408.76,
      "heading_rad" : 0,
      "is_stable" : true,
      "mass_max" : 580.00146,
      "mass_mean" : 579.995,
      "mass_min" : 579.9884,
      "mass_std" : 0,
      "occupancy_mean" : 0.19889323,
      "path_length" : 0.2694266,
      "sample_count" : 18,
      "speed_count" : 0,
      "speed_mean" : 0.00016640904,
      "variance_mean" : 0.006326453,
      "velocity_x" : 0,
      "velocity_y" : 0
    },
    "name" : "harmonic-glider-0673",
    "owner_id" : "local-node",
    "phenotype" : {
      "a_uniform" : {
        "high" : 1,
        "low" : 0
      },
      "p_uniform" : {
        "high" : 1,
        "low" : 0
      },
      "patches" : [
        {
          "center" : [
            32,
            32
          ],
          "size" : 24
        },
        {
          "center" : [
            96,
            96
          ],
          "size" : 24
        }
      ],
      "seed" : 300189
    },
    "score" : 142.90233,
    "score_weights" : {
      "activity_diversity_mean" : 2,
      "activity_ean_mean" : 0.5,
      "activity_species_mean" : 1
    },
    "timestamp" : "2026-02-28T18:14:58.222Z"
  },
  "media" : {
    "anatomy" : {
      "deltaPath" : "releases\/qg-20260228-real-creatures\/runs\/qg-nnea-s300160\/c87b74ef-562f-40bb-bc8a-1de515d2ad15\/delta.png",
      "fieldPath" : "releases\/qg-20260228-real-creatures\/runs\/qg-nnea-s300160\/c87b74ef-562f-40bb-bc8a-1de515d2ad15\/field.png",
      "kernelPath" : "releases\/qg-20260228-real-creatures\/runs\/qg-nnea-s300160\/c87b74ef-562f-40bb-bc8a-1de515d2ad15\/kernel.png",
      "neighborPath" : "releases\/qg-20260228-real-creatures\/runs\/qg-nnea-s300160\/c87b74ef-562f-40bb-bc8a-1de515d2ad15\/neighbor.png"
    },
    "height" : 128,
    "posterPath" : "releases\/qg-20260228-real-creatures\/runs\/qg-nnea-s300160\/c87b74ef-562f-40bb-bc8a-1de515d2ad15\/poster.png",
    "replayPath" : "releases\/qg-20260228-real-creatures\/runs\/qg-nnea-s300160\/c87b74ef-562f-40bb-bc8a-1de515d2ad15\/replay.json",
    "width" : 128
  },
  "published_at" : "2026-03-06T18:48:16.691Z",
  "recorded_at" : "2026-02-28T18:14:58.222Z",
  "run_id" : "qg-nnea-s300160",
  "run_name" : "qg-nnea-s300160",
  "source_db" : "\/Users\/ludwig\/dev\/specter-labs\/dossiers\/lenia-swarm\/artifacts\/qg-20260228\/compendium.sqlite",
  "telemetry" : {
    "centroid" : {
      "x" : 0.49652925,
      "y" : 0.4935324
    },
    "headingRad" : -0.73249745,
    "speed" : 0.0022174974,
    "trail" : [
      {
        "x" : 0.49691054,
        "y" : 0.49402255
      },
      {
        "x" : 0.49585852,
        "y" : 0.4932131
      },
      {
        "x" : 0.49488053,
        "y" : 0.4920495
      }
    ],
    "vx" : 0.0016487241,
    "vy" : -0.001482904
  }
}