{
  "artifact_source" : "rendered_stage_media_with_replay",
  "creature" : {
    "config_hash" : "ccf08353ea32",
    "genotype" : {
      "R" : 11.306543,
      "a" : [
        [
          0.34983754,
          0.8013317,
          0.26933336
        ],
        [
          0.37924278,
          0.31528223,
          0.8036985
        ],
        [
          0.9708098,
          0.7335408,
          0.36101186
        ]
      ],
      "b" : [
        [
          0.29456806,
          0.027540207,
          0.40000057
        ],
        [
          0.39694458,
          0.21300727,
          0.5545986
        ],
        [
          0.12782949,
          0.76028484,
          0.65934277
        ]
      ],
      "h" : [
        0.13308114,
        0.19662124,
        0.32630658
      ],
      "m" : [
        0.41520736,
        0.47304216,
        0.071489565
      ],
      "r" : [
        0.334623,
        0.83818156,
        0.8271433
      ],
      "s" : [
        0.038666762,
        0.06867741,
        0.087788716
      ],
      "w" : [
        [
          0.31320202,
          0.33660355,
          0.17102644
        ],
        [
          0.2553601,
          0.2032537,
          0.4008116
        ],
        [
          0.4304359,
          0.22279863,
          0.2911003
        ]
      ]
    },
    "id" : "CCB5169E-9F24-4CEE-AE04-B2843DD6D414",
    "metrics" : {
      "activity_diversity_mean" : 0.014215512,
      "activity_eac_mean" : 2636.3247,
      "activity_ean_mean" : 276.42938,
      "activity_species_mean" : 2.1111112,
      "center_velocity" : 0.00015231501,
      "displacement" : 0.06473388,
      "energy_mean" : 113.56119,
      "gyration" : 2423.704,
      "heading_rad" : 0,
      "is_stable" : true,
      "mass_max" : 587.1942,
      "mass_mean" : 587.1876,
      "mass_min" : 587.181,
      "mass_std" : 0,
      "occupancy_mean" : 0.19695027,
      "path_length" : 0.21487112,
      "sample_count" : 18,
      "speed_count" : 0,
      "speed_mean" : 0.00015231501,
      "variance_mean" : 0.005646785,
      "velocity_x" : 0,
      "velocity_y" : 0
    },
    "name" : "glowing-dancer-0834",
    "owner_id" : "local-node",
    "phenotype" : {
      "a_uniform" : {
        "high" : 1,
        "low" : 0
      },
      "p_uniform" : {
        "high" : 1,
        "low" : 0
      },
      "patches" : [
        {
          "center" : [
            32,
            32
          ],
          "size" : 24
        },
        {
          "center" : [
            96,
            96
          ],
          "size" : 24
        }
      ],
      "seed" : 300015
    },
    "score" : 140.35423,
    "score_weights" : {
      "activity_diversity_mean" : 2,
      "activity_ean_mean" : 0.5,
      "activity_species_mean" : 1
    },
    "timestamp" : "2026-02-28T17:09:59.387Z"
  },
  "media" : {
    "anatomy" : {
      "deltaPath" : "releases\/qg-20260228-real-creatures\/runs\/qg-nnea-s300000\/ccb5169e-9f24-4cee-ae04-b2843dd6d414\/delta.png",
      "fieldPath" : "releases\/qg-20260228-real-creatures\/runs\/qg-nnea-s300000\/ccb5169e-9f24-4cee-ae04-b2843dd6d414\/field.png",
      "kernelPath" : "releases\/qg-20260228-real-creatures\/runs\/qg-nnea-s300000\/ccb5169e-9f24-4cee-ae04-b2843dd6d414\/kernel.png",
      "neighborPath" : "releases\/qg-20260228-real-creatures\/runs\/qg-nnea-s300000\/ccb5169e-9f24-4cee-ae04-b2843dd6d414\/neighbor.png"
    },
    "height" : 128,
    "posterPath" : "releases\/qg-20260228-real-creatures\/runs\/qg-nnea-s300000\/ccb5169e-9f24-4cee-ae04-b2843dd6d414\/poster.png",
    "replayPath" : "releases\/qg-20260228-real-creatures\/runs\/qg-nnea-s300000\/ccb5169e-9f24-4cee-ae04-b2843dd6d414\/replay.json",
    "width" : 128
  },
  "published_at" : "2026-03-06T18:48:16.691Z",
  "recorded_at" : "2026-02-28T17:09:59.387Z",
  "run_id" : "qg-nnea-s300000",
  "run_name" : "qg-nnea-s300000",
  "source_db" : "\/Users\/ludwig\/dev\/specter-labs\/dossiers\/lenia-swarm\/artifacts\/qg-20260228\/compendium.sqlite",
  "telemetry" : {
    "centroid" : {
      "x" : 0.49852028,
      "y" : 0.4971768
    },
    "headingRad" : 1.8548509,
    "speed" : 0.000105278494,
    "trail" : [
      {
        "x" : 0.4983833,
        "y" : 0.49737257
      },
      {
        "x" : 0.49846962,
        "y" : 0.49733013
      },
      {
        "x" : 0.4985498,
        "y" : 0.49727786
      }
    ],
    "vx" : -2.95043e-05,
    "vy" : 0.000101059675
  }
}