{
  "artifact_source" : "rendered_stage_media_with_replay",
  "creature" : {
    "config_hash" : "ccf08353ea32",
    "genotype" : {
      "R" : 14.1016655,
      "a" : [
        [
          0.6805959,
          0.8819968,
          0.15397412
        ],
        [
          0.09673214,
          0.65151894,
          0.7388241
        ],
        [
          0.559657,
          0.61428624,
          0.32403165
        ]
      ],
      "b" : [
        [
          0.6807027,
          0.8510263,
          0.16354543
        ],
        [
          0.46680492,
          0.5127633,
          0.32054192
        ],
        [
          0.64144474,
          0.78253865,
          0.44573468
        ]
      ],
      "h" : [
        0.9746725,
        0.52036947,
        0.9318391
      ],
      "m" : [
        0.17940979,
        0.47826472,
        0.21951045
      ],
      "r" : [
        0.9648247,
        0.7077315,
        0.6458853
      ],
      "s" : [
        0.037893508,
        0.07193521,
        0.14818965
      ],
      "w" : [
        [
          0.01255441,
          0.038753256,
          0.30628186
        ],
        [
          0.14359781,
          0.107062764,
          0.42618212
        ],
        [
          0.41509074,
          0.4478041,
          0.10512464
        ]
      ]
    },
    "id" : "D2DC522E-AC16-4318-8E9D-1AEA3BDC50A0",
    "metrics" : {
      "activity_diversity_mean" : 0.14262967,
      "activity_eac_mean" : 2497.9146,
      "activity_ean_mean" : 261.78134,
      "activity_species_mean" : 12.777778,
      "center_velocity" : 0.00026628553,
      "displacement" : 0.113171354,
      "energy_mean" : 120.05851,
      "gyration" : 2414.4385,
      "heading_rad" : 0,
      "is_stable" : true,
      "mass_max" : 561.8773,
      "mass_mean" : 561.871,
      "mass_min" : 561.8647,
      "mass_std" : 0,
      "occupancy_mean" : 0.18324788,
      "path_length" : 0.32286018,
      "sample_count" : 18,
      "speed_count" : 0,
      "speed_mean" : 0.00026628553,
      "variance_mean" : 0.0061517204,
      "velocity_x" : 0,
      "velocity_y" : 0
    },
    "name" : "vibrant-orbiter-3264",
    "owner_id" : "local-node",
    "phenotype" : {
      "a_uniform" : {
        "high" : 1,
        "low" : 0
      },
      "p_uniform" : {
        "high" : 1,
        "low" : 0
      },
      "patches" : [
        {
          "center" : [
            32,
            32
          ],
          "size" : 24
        },
        {
          "center" : [
            96,
            96
          ],
          "size" : 24
        }
      ],
      "seed" : 300203
    },
    "score" : 143.9537,
    "score_weights" : {
      "activity_diversity_mean" : 2,
      "activity_ean_mean" : 0.5,
      "activity_species_mean" : 1
    },
    "timestamp" : "2026-02-28T18:26:08.262Z"
  },
  "media" : {
    "anatomy" : {
      "deltaPath" : "releases\/qg-20260228-real-creatures\/runs\/qg-nnea-s300192\/d2dc522e-ac16-4318-8e9d-1aea3bdc50a0\/delta.png",
      "fieldPath" : "releases\/qg-20260228-real-creatures\/runs\/qg-nnea-s300192\/d2dc522e-ac16-4318-8e9d-1aea3bdc50a0\/field.png",
      "kernelPath" : "releases\/qg-20260228-real-creatures\/runs\/qg-nnea-s300192\/d2dc522e-ac16-4318-8e9d-1aea3bdc50a0\/kernel.png",
      "neighborPath" : "releases\/qg-20260228-real-creatures\/runs\/qg-nnea-s300192\/d2dc522e-ac16-4318-8e9d-1aea3bdc50a0\/neighbor.png"
    },
    "height" : 128,
    "posterPath" : "releases\/qg-20260228-real-creatures\/runs\/qg-nnea-s300192\/d2dc522e-ac16-4318-8e9d-1aea3bdc50a0\/poster.png",
    "replayPath" : "releases\/qg-20260228-real-creatures\/runs\/qg-nnea-s300192\/d2dc522e-ac16-4318-8e9d-1aea3bdc50a0\/replay.json",
    "width" : 128
  },
  "published_at" : "2026-03-06T18:48:16.691Z",
  "recorded_at" : "2026-02-28T18:26:08.262Z",
  "run_id" : "qg-nnea-s300192",
  "run_name" : "qg-nnea-s300192",
  "source_db" : "\/Users\/ludwig\/dev\/specter-labs\/dossiers\/lenia-swarm\/artifacts\/qg-20260228\/compendium.sqlite",
  "telemetry" : {
    "centroid" : {
      "x" : 0.49340835,
      "y" : 0.4945571
    },
    "headingRad" : -0.4015217,
    "speed" : 7.663726e-05,
    "trail" : [
      {
        "x" : 0.49341467,
        "y" : 0.49460584
      },
      {
        "x" : 0.493404,
        "y" : 0.4945198
      },
      {
        "x" : 0.4933378,
        "y" : 0.49452716
      }
    ],
    "vx" : 7.05421e-05,
    "vy" : -2.9951334e-05
  }
}