{
  "artifact_source" : "rendered_stage_media_with_replay",
  "creature" : {
    "config_hash" : "ccf08353ea32",
    "genotype" : {
      "R" : 4.266993,
      "a" : [
        [
          0.37997657,
          0.1692617,
          0.90510887
        ],
        [
          0.67193073,
          0.4334978,
          0.66416365
        ],
        [
          0.3929659,
          0.49131167,
          0.109618425
        ]
      ],
      "b" : [
        [
          0.2623939,
          0.86825854,
          0.63582194
        ],
        [
          0.4031542,
          0.7626663,
          0.97003865
        ],
        [
          0.8453529,
          0.13659418,
          0.77534455
        ]
      ],
      "h" : [
        0.029468894,
        0.5087988,
        0.9416593
      ],
      "m" : [
        0.39773428,
        0.20623496,
        0.12921552
      ],
      "r" : [
        0.53236765,
        0.25102878,
        0.21900216
      ],
      "s" : [
        0.0033097793,
        0.093748964,
        0.12198538
      ],
      "w" : [
        [
          0.36669174,
          0.3379273,
          0.13819906
        ],
        [
          0.37015334,
          0.25359607,
          0.28192753
        ],
        [
          0.09234265,
          0.119167976,
          0.3661789
        ]
      ]
    },
    "id" : "DA36E8C5-40F1-4C2A-8173-BC01E3577CFC",
    "metrics" : {
      "activity_diversity_mean" : 0.0636991,
      "activity_eac_mean" : 2482.6501,
      "activity_ean_mean" : 261.82486,
      "activity_species_mean" : 3.2222223,
      "center_velocity" : 0.00046254665,
      "displacement" : 0.19658233,
      "energy_mean" : 153.8421,
      "gyration" : 2399.6853,
      "heading_rad" : 0,
      "is_stable" : true,
      "mass_max" : 560.09534,
      "mass_mean" : 560.0891,
      "mass_min" : 560.0827,
      "mass_std" : 0,
      "occupancy_mean" : 0.20013088,
      "path_length" : 0.3644125,
      "sample_count" : 18,
      "speed_count" : 0,
      "speed_mean" : 0.00046254665,
      "variance_mean" : 0.008221153,
      "velocity_x" : 0,
      "velocity_y" : 0
    },
    "name" : "mystic-walker-6725",
    "owner_id" : "local-node",
    "phenotype" : {
      "a_uniform" : {
        "high" : 1,
        "low" : 0
      },
      "p_uniform" : {
        "high" : 1,
        "low" : 0
      },
      "patches" : [
        {
          "center" : [
            32,
            32
          ],
          "size" : 24
        },
        {
          "center" : [
            96,
            96
          ],
          "size" : 24
        }
      ],
      "seed" : 300085
    },
    "score" : 134.26205,
    "score_weights" : {
      "activity_diversity_mean" : 2,
      "activity_ean_mean" : 0.5,
      "activity_species_mean" : 1
    },
    "timestamp" : "2026-02-28T17:46:31.919Z"
  },
  "media" : {
    "anatomy" : {
      "deltaPath" : "releases\/qg-20260228-real-creatures\/runs\/qg-nnea-s300064\/da36e8c5-40f1-4c2a-8173-bc01e3577cfc\/delta.png",
      "fieldPath" : "releases\/qg-20260228-real-creatures\/runs\/qg-nnea-s300064\/da36e8c5-40f1-4c2a-8173-bc01e3577cfc\/field.png",
      "kernelPath" : "releases\/qg-20260228-real-creatures\/runs\/qg-nnea-s300064\/da36e8c5-40f1-4c2a-8173-bc01e3577cfc\/kernel.png",
      "neighborPath" : "releases\/qg-20260228-real-creatures\/runs\/qg-nnea-s300064\/da36e8c5-40f1-4c2a-8173-bc01e3577cfc\/neighbor.png"
    },
    "height" : 128,
    "posterPath" : "releases\/qg-20260228-real-creatures\/runs\/qg-nnea-s300064\/da36e8c5-40f1-4c2a-8173-bc01e3577cfc\/poster.png",
    "replayPath" : "releases\/qg-20260228-real-creatures\/runs\/qg-nnea-s300064\/da36e8c5-40f1-4c2a-8173-bc01e3577cfc\/replay.json",
    "width" : 128
  },
  "published_at" : "2026-03-06T18:48:16.691Z",
  "recorded_at" : "2026-02-28T17:46:31.919Z",
  "run_id" : "qg-nnea-s300064",
  "run_name" : "qg-nnea-s300064",
  "source_db" : "\/Users\/ludwig\/dev\/specter-labs\/dossiers\/lenia-swarm\/artifacts\/qg-20260228\/compendium.sqlite",
  "telemetry" : {
    "centroid" : {
      "x" : 0.49302983,
      "y" : 0.49141827
    },
    "headingRad" : 2.6715882,
    "speed" : 0.0023314615,
    "trail" : [
      {
        "x" : 0.4914563,
        "y" : 0.4894166
      },
      {
        "x" : 0.49425673,
        "y" : 0.4918708
      },
      {
        "x" : 0.4951085,
        "y" : 0.49247417
      }
    ],
    "vx" : -0.0020786524,
    "vy" : 0.0010558963
  }
}