{
  "artifact_source" : "rendered_stage_media_with_replay",
  "creature" : {
    "config_hash" : "ccf08353ea32",
    "genotype" : {
      "R" : 14.457378,
      "a" : [
        [
          0.6422677,
          0.09556252,
          0.102100134
        ],
        [
          0.45116186,
          0.10697919,
          0.24116307
        ],
        [
          0.59644985,
          0.41226065,
          0.75596
        ]
      ],
      "b" : [
        [
          0.9866296,
          0.8948023,
          0.037370265
        ],
        [
          0.67035246,
          0.38033998,
          0.7094415
        ],
        [
          0.3045724,
          0.40439993,
          0.7812566
        ]
      ],
      "h" : [
        0.7537416,
        0.24297863,
        0.071795166
      ],
      "m" : [
        0.39794075,
        0.49885383,
        0.24866867
      ],
      "r" : [
        0.89144933,
        0.37007666,
        0.37080204
      ],
      "s" : [
        0.19107188,
        0.115288764,
        0.0746999
      ],
      "w" : [
        [
          0.19725424,
          0.032697544,
          0.2764394
        ],
        [
          0.46397796,
          0.47348258,
          0.2543218
        ],
        [
          0.19668357,
          0.33247998,
          0.011311858
        ]
      ]
    },
    "id" : "E2E5DB0E-EBA7-4A3D-8397-3ACA0494A8E6",
    "metrics" : {
      "activity_diversity_mean" : 0.11764787,
      "activity_eac_mean" : 2598.4873,
      "activity_ean_mean" : 272.7531,
      "activity_species_mean" : 14.333333,
      "center_velocity" : 0.00013816175,
      "displacement" : 0.058718745,
      "energy_mean" : 134.47025,
      "gyration" : 2405.217,
      "heading_rad" : 0,
      "is_stable" : true,
      "mass_max" : 580.9096,
      "mass_mean" : 580.9031,
      "mass_min" : 580.89655,
      "mass_std" : 0,
      "occupancy_mean" : 0.16404554,
      "path_length" : 0.3894974,
      "sample_count" : 18,
      "speed_count" : 0,
      "speed_mean" : 0.00013816175,
      "variance_mean" : 0.0069503197,
      "velocity_x" : 0,
      "velocity_y" : 0
    },
    "name" : "luminous-entity-7267",
    "owner_id" : "local-node",
    "phenotype" : {
      "a_uniform" : {
        "high" : 1,
        "low" : 0
      },
      "p_uniform" : {
        "high" : 1,
        "low" : 0
      },
      "patches" : [
        {
          "center" : [
            32,
            32
          ],
          "size" : 24
        },
        {
          "center" : [
            96,
            96
          ],
          "size" : 24
        }
      ],
      "seed" : 300114
    },
    "score" : 150.94518,
    "score_weights" : {
      "activity_diversity_mean" : 2,
      "activity_ean_mean" : 0.5,
      "activity_species_mean" : 1
    },
    "timestamp" : "2026-02-28T17:54:15.495Z"
  },
  "media" : {
    "anatomy" : {
      "deltaPath" : "releases\/qg-20260228-real-creatures\/runs\/qg-nnea-s300096\/e2e5db0e-eba7-4a3d-8397-3aca0494a8e6\/delta.png",
      "fieldPath" : "releases\/qg-20260228-real-creatures\/runs\/qg-nnea-s300096\/e2e5db0e-eba7-4a3d-8397-3aca0494a8e6\/field.png",
      "kernelPath" : "releases\/qg-20260228-real-creatures\/runs\/qg-nnea-s300096\/e2e5db0e-eba7-4a3d-8397-3aca0494a8e6\/kernel.png",
      "neighborPath" : "releases\/qg-20260228-real-creatures\/runs\/qg-nnea-s300096\/e2e5db0e-eba7-4a3d-8397-3aca0494a8e6\/neighbor.png"
    },
    "height" : 128,
    "posterPath" : "releases\/qg-20260228-real-creatures\/runs\/qg-nnea-s300096\/e2e5db0e-eba7-4a3d-8397-3aca0494a8e6\/poster.png",
    "replayPath" : "releases\/qg-20260228-real-creatures\/runs\/qg-nnea-s300096\/e2e5db0e-eba7-4a3d-8397-3aca0494a8e6\/replay.json",
    "width" : 128
  },
  "published_at" : "2026-03-06T18:48:16.691Z",
  "recorded_at" : "2026-02-28T17:54:15.495Z",
  "run_id" : "qg-nnea-s300096",
  "run_name" : "qg-nnea-s300096",
  "source_db" : "\/Users\/ludwig\/dev\/specter-labs\/dossiers\/lenia-swarm\/artifacts\/qg-20260228\/compendium.sqlite",
  "telemetry" : {
    "centroid" : {
      "x" : 0.4957079,
      "y" : 0.4982687
    },
    "headingRad" : -0.31729797,
    "speed" : 0.00013334605,
    "trail" : [
      {
        "x" : 0.49577186,
        "y" : 0.4983627
      },
      {
        "x" : 0.49560666,
        "y" : 0.49816307
      },
      {
        "x" : 0.4955812,
        "y" : 0.4982271
      }
    ],
    "vx" : 0.00012668967,
    "vy" : -4.1604042e-05
  }
}