{
  "artifact_source" : "rendered_stage_media_with_replay",
  "creature" : {
    "config_hash" : "ccf08353ea32",
    "genotype" : {
      "R" : 10.164666,
      "a" : [
        [
          0.40034026,
          0.95675695,
          0.82522297
        ],
        [
          0.07844472,
          0.37010485,
          0.074803114
        ],
        [
          0.21828979,
          0.19582367,
          0.42156214
        ]
      ],
      "b" : [
        [
          0.15273553,
          0.47439706,
          0.8918246
        ],
        [
          0.69872946,
          0.28077585,
          0.25547135
        ],
        [
          0.39164096,
          0.51245254,
          0.605444
        ]
      ],
      "h" : [
        0.24052095,
        0.2922148,
        0.86135536
      ],
      "m" : [
        0.2521647,
        0.25944948,
        0.27667424
      ],
      "r" : [
        0.9581443,
        0.515142,
        0.68499833
      ],
      "s" : [
        0.18630956,
        0.19911857,
        0.12216337
      ],
      "w" : [
        [
          0.3673274,
          0.07571695,
          0.2350664
        ],
        [
          0.038206078,
          0.030094678,
          0.028500628
        ],
        [
          0.17233211,
          0.04616777,
          0.1705597
        ]
      ]
    },
    "id" : "E76B1C12-096F-404D-9AD6-37228201C99E",
    "metrics" : {
      "activity_diversity_mean" : 0.14654285,
      "activity_eac_mean" : 2479.601,
      "activity_ean_mean" : 258.7263,
      "activity_species_mean" : 2.5555556,
      "center_velocity" : 0.0005952969,
      "displacement" : 0.25300118,
      "energy_mean" : 173.07503,
      "gyration" : 2444.706,
      "heading_rad" : 0,
      "is_stable" : true,
      "mass_max" : 567.23676,
      "mass_mean" : 567.2303,
      "mass_min" : 567.2239,
      "mass_std" : 0.25,
      "occupancy_mean" : 0.21481323,
      "path_length" : 0.40771568,
      "sample_count" : 18,
      "speed_count" : 0,
      "speed_mean" : 0.0005952969,
      "variance_mean" : 0.009365048,
      "velocity_x" : 0,
      "velocity_y" : 0
    },
    "name" : "luminous-cell-1514",
    "owner_id" : "local-node",
    "phenotype" : {
      "a_uniform" : {
        "high" : 1,
        "low" : 0
      },
      "p_uniform" : {
        "high" : 1,
        "low" : 0
      },
      "patches" : [
        {
          "center" : [
            32,
            32
          ],
          "size" : 24
        },
        {
          "center" : [
            96,
            96
          ],
          "size" : 24
        }
      ],
      "seed" : 300206
    },
    "score" : 132.21179,
    "score_weights" : {
      "activity_diversity_mean" : 2,
      "activity_ean_mean" : 0.5,
      "activity_species_mean" : 1
    },
    "timestamp" : "2026-02-28T18:26:08.263Z"
  },
  "media" : {
    "anatomy" : {
      "deltaPath" : "releases\/qg-20260228-real-creatures\/runs\/qg-nnea-s300192\/e76b1c12-096f-404d-9ad6-37228201c99e\/delta.png",
      "fieldPath" : "releases\/qg-20260228-real-creatures\/runs\/qg-nnea-s300192\/e76b1c12-096f-404d-9ad6-37228201c99e\/field.png",
      "kernelPath" : "releases\/qg-20260228-real-creatures\/runs\/qg-nnea-s300192\/e76b1c12-096f-404d-9ad6-37228201c99e\/kernel.png",
      "neighborPath" : "releases\/qg-20260228-real-creatures\/runs\/qg-nnea-s300192\/e76b1c12-096f-404d-9ad6-37228201c99e\/neighbor.png"
    },
    "height" : 128,
    "posterPath" : "releases\/qg-20260228-real-creatures\/runs\/qg-nnea-s300192\/e76b1c12-096f-404d-9ad6-37228201c99e\/poster.png",
    "replayPath" : "releases\/qg-20260228-real-creatures\/runs\/qg-nnea-s300192\/e76b1c12-096f-404d-9ad6-37228201c99e\/replay.json",
    "width" : 128
  },
  "published_at" : "2026-03-06T18:48:16.691Z",
  "recorded_at" : "2026-02-28T18:26:08.263Z",
  "run_id" : "qg-nnea-s300192",
  "run_name" : "qg-nnea-s300192",
  "source_db" : "\/Users\/ludwig\/dev\/specter-labs\/dossiers\/lenia-swarm\/artifacts\/qg-20260228\/compendium.sqlite",
  "telemetry" : {
    "centroid" : {
      "x" : 0.5042375,
      "y" : 0.50487846
    },
    "headingRad" : 2.6847932,
    "speed" : 0.0010548562,
    "trail" : [
      {
        "x" : 0.50269395,
        "y" : 0.50349224
      },
      {
        "x" : 0.50323194,
        "y" : 0.5034946
      },
      {
        "x" : 0.5051842,
        "y" : 0.50534374
      }
    ],
    "vx" : -0.0009467006,
    "vy" : 0.00046527386
  }
}