{
  "artifact_source" : "rendered_stage_media_with_replay",
  "creature" : {
    "config_hash" : "ccf08353ea32",
    "genotype" : {
      "R" : 6.45444,
      "a" : [
        [
          0.05142814,
          0.59692705,
          0.27348757
        ],
        [
          0.61215913,
          0.56384355,
          0.6092557
        ],
        [
          0.19205564,
          0.17555773,
          0.17561978
        ]
      ],
      "b" : [
        [
          0.66667855,
          0.70984757,
          0.7858903
        ],
        [
          0.15175694,
          0.012969136,
          0.07743299
        ],
        [
          0.06876981,
          0.11509293,
          0.97612333
        ]
      ],
      "h" : [
        0.39600623,
        0.20105505,
        0.3159157
      ],
      "m" : [
        0.21262531,
        0.36914152,
        0.20866708
      ],
      "r" : [
        0.5661576,
        0.7036897,
        0.6380002
      ],
      "s" : [
        0.032679603,
        0.017598204,
        0.12345888
      ],
      "w" : [
        [
          0.12249524,
          0.115763195,
          0.38406134
        ],
        [
          0.023215314,
          0.44603154,
          0.4669451
        ],
        [
          0.1193077,
          0.17938517,
          0.23819369
        ]
      ]
    },
    "id" : "ED030332-0018-4BCA-BACF-A5A421461F24",
    "metrics" : {
      "activity_diversity_mean" : 0.17851965,
      "activity_eac_mean" : 2511.842,
      "activity_ean_mean" : 263.48376,
      "activity_species_mean" : 11.444445,
      "center_velocity" : 0.00023568833,
      "displacement" : 0.10016754,
      "energy_mean" : 202.49565,
      "gyration" : 2432.852,
      "heading_rad" : 0,
      "is_stable" : true,
      "mass_max" : 570.30133,
      "mass_mean" : 570.2949,
      "mass_min" : 570.28845,
      "mass_std" : 0,
      "occupancy_mean" : 0.18988715,
      "path_length" : 0.5234918,
      "sample_count" : 18,
      "speed_count" : 0,
      "speed_mean" : 0.00023568833,
      "variance_mean" : 0.0111477515,
      "velocity_x" : 0,
      "velocity_y" : 0
    },
    "name" : "crystal-dancer-4122",
    "owner_id" : "local-node",
    "phenotype" : {
      "a_uniform" : {
        "high" : 1,
        "low" : 0
      },
      "p_uniform" : {
        "high" : 1,
        "low" : 0
      },
      "patches" : [
        {
          "center" : [
            32,
            32
          ],
          "size" : 24
        },
        {
          "center" : [
            96,
            96
          ],
          "size" : 24
        }
      ],
      "seed" : 300139
    },
    "score" : 143.54337,
    "score_weights" : {
      "activity_diversity_mean" : 2,
      "activity_ean_mean" : 0.5,
      "activity_species_mean" : 1
    },
    "timestamp" : "2026-02-28T18:03:50.544Z"
  },
  "media" : {
    "anatomy" : {
      "deltaPath" : "releases\/qg-20260228-real-creatures\/runs\/qg-nnea-s300128\/ed030332-0018-4bca-bacf-a5a421461f24\/delta.png",
      "fieldPath" : "releases\/qg-20260228-real-creatures\/runs\/qg-nnea-s300128\/ed030332-0018-4bca-bacf-a5a421461f24\/field.png",
      "kernelPath" : "releases\/qg-20260228-real-creatures\/runs\/qg-nnea-s300128\/ed030332-0018-4bca-bacf-a5a421461f24\/kernel.png",
      "neighborPath" : "releases\/qg-20260228-real-creatures\/runs\/qg-nnea-s300128\/ed030332-0018-4bca-bacf-a5a421461f24\/neighbor.png"
    },
    "height" : 128,
    "posterPath" : "releases\/qg-20260228-real-creatures\/runs\/qg-nnea-s300128\/ed030332-0018-4bca-bacf-a5a421461f24\/poster.png",
    "replayPath" : "releases\/qg-20260228-real-creatures\/runs\/qg-nnea-s300128\/ed030332-0018-4bca-bacf-a5a421461f24\/replay.json",
    "width" : 128
  },
  "published_at" : "2026-03-06T18:48:16.691Z",
  "recorded_at" : "2026-02-28T18:03:50.544Z",
  "run_id" : "qg-nnea-s300128",
  "run_name" : "qg-nnea-s300128",
  "source_db" : "\/Users\/ludwig\/dev\/specter-labs\/dossiers\/lenia-swarm\/artifacts\/qg-20260228\/compendium.sqlite",
  "telemetry" : {
    "centroid" : {
      "x" : 0.49942318,
      "y" : 0.50095016
    },
    "headingRad" : -0.31270438,
    "speed" : 0.00088971126,
    "trail" : [
      {
        "x" : 0.49603337,
        "y" : 0.49834007
      },
      {
        "x" : 0.49798515,
        "y" : 0.5002187
      },
      {
        "x" : 0.4985766,
        "y" : 0.50067645
      }
    ],
    "vx" : 0.00084656477,
    "vy" : -0.00027370453
  }
}