{
  "artifact_source" : "rendered_stage_media_with_replay",
  "creature" : {
    "config_hash" : "ccf08353ea32",
    "genotype" : {
      "R" : 13.940926,
      "a" : [
        [
          0.9536868,
          0.4990909,
          0.48172522
        ],
        [
          0.5028236,
          0.3788455,
          0.7242228
        ],
        [
          0.8333651,
          0.8366944,
          0.5450763
        ]
      ],
      "b" : [
        [
          0.5370121,
          0.3047077,
          0.37353712
        ],
        [
          0.99748373,
          0.85972196,
          0.276725
        ],
        [
          0.7221895,
          0.09599143,
          0.03776306
        ]
      ],
      "h" : [
        0.8290779,
        0.06542152,
        0.32651448
      ],
      "m" : [
        0.05309492,
        0.12677002,
        0.26439434
      ],
      "r" : [
        0.82597834,
        0.76211965,
        0.8822656
      ],
      "s" : [
        0.14487618,
        0.1779723,
        0.05954944
      ],
      "w" : [
        [
          0.047294922,
          0.42505798,
          0.047783196
        ],
        [
          0.43640068,
          0.118705,
          0.3748356
        ],
        [
          0.19147046,
          0.47199172,
          0.36286846
        ]
      ]
    },
    "id" : "EE716D42-A72C-44B4-B7A5-C34B5C49AA33",
    "metrics" : {
      "activity_diversity_mean" : 0.10331253,
      "activity_eac_mean" : 2557.3372,
      "activity_ean_mean" : 270.04495,
      "activity_species_mean" : 8.666667,
      "center_velocity" : 0.00027565868,
      "displacement" : 0.11715494,
      "energy_mean" : 190.5695,
      "gyration" : 2398.237,
      "heading_rad" : 0,
      "is_stable" : true,
      "mass_max" : 579.396,
      "mass_mean" : 579.3894,
      "mass_min" : 579.38293,
      "mass_std" : 0.17677669,
      "occupancy_mean" : 0.18543158,
      "path_length" : 0.30637085,
      "sample_count" : 18,
      "speed_count" : 0,
      "speed_mean" : 0.00027565868,
      "variance_mean" : 0.010380889,
      "velocity_x" : 0,
      "velocity_y" : 0
    },
    "name" : "ethereal-glider-5767",
    "owner_id" : "local-node",
    "phenotype" : {
      "a_uniform" : {
        "high" : 1,
        "low" : 0
      },
      "p_uniform" : {
        "high" : 1,
        "low" : 0
      },
      "patches" : [
        {
          "center" : [
            32,
            32
          ],
          "size" : 24
        },
        {
          "center" : [
            96,
            96
          ],
          "size" : 24
        }
      ],
      "seed" : 300005
    },
    "score" : 143.89577,
    "score_weights" : {
      "activity_diversity_mean" : 2,
      "activity_ean_mean" : 0.5,
      "activity_species_mean" : 1
    },
    "timestamp" : "2026-02-28T17:09:59.386Z"
  },
  "media" : {
    "anatomy" : {
      "deltaPath" : "releases\/qg-20260228-real-creatures\/runs\/qg-nnea-s300000\/ee716d42-a72c-44b4-b7a5-c34b5c49aa33\/delta.png",
      "fieldPath" : "releases\/qg-20260228-real-creatures\/runs\/qg-nnea-s300000\/ee716d42-a72c-44b4-b7a5-c34b5c49aa33\/field.png",
      "kernelPath" : "releases\/qg-20260228-real-creatures\/runs\/qg-nnea-s300000\/ee716d42-a72c-44b4-b7a5-c34b5c49aa33\/kernel.png",
      "neighborPath" : "releases\/qg-20260228-real-creatures\/runs\/qg-nnea-s300000\/ee716d42-a72c-44b4-b7a5-c34b5c49aa33\/neighbor.png"
    },
    "height" : 128,
    "posterPath" : "releases\/qg-20260228-real-creatures\/runs\/qg-nnea-s300000\/ee716d42-a72c-44b4-b7a5-c34b5c49aa33\/poster.png",
    "replayPath" : "releases\/qg-20260228-real-creatures\/runs\/qg-nnea-s300000\/ee716d42-a72c-44b4-b7a5-c34b5c49aa33\/replay.json",
    "width" : 128
  },
  "published_at" : "2026-03-06T18:48:16.691Z",
  "recorded_at" : "2026-02-28T17:09:59.386Z",
  "run_id" : "qg-nnea-s300000",
  "run_name" : "qg-nnea-s300000",
  "source_db" : "\/Users\/ludwig\/dev\/specter-labs\/dossiers\/lenia-swarm\/artifacts\/qg-20260228\/compendium.sqlite",
  "telemetry" : {
    "centroid" : {
      "x" : 0.49896374,
      "y" : 0.49657568
    },
    "headingRad" : -0.37763807,
    "speed" : 0.0008103527,
    "trail" : [
      {
        "x" : 0.49777848,
        "y" : 0.49567062
      },
      {
        "x" : 0.49796256,
        "y" : 0.49582404
      },
      {
        "x" : 0.4982105,
        "y" : 0.4962769
      }
    ],
    "vx" : 0.0007532537,
    "vy" : -0.00029879808
  }
}