{
  "artifact_source" : "rendered_stage_media_with_replay",
  "creature" : {
    "config_hash" : "ccf08353ea32",
    "genotype" : {
      "R" : 6.0028687,
      "a" : [
        [
          0.9455322,
          0.6565602,
          0.3971017
        ],
        [
          0.9250852,
          0.94448686,
          0.98338884
        ],
        [
          0.71547776,
          0.9757654,
          0.442836
        ]
      ],
      "b" : [
        [
          0.54166836,
          0.48850214,
          0.8675216
        ],
        [
          0.16435772,
          0.9866165,
          0.8658851
        ],
        [
          0.85714513,
          0.96110654,
          0.66716796
        ]
      ],
      "h" : [
        0.609681,
        0.63007885,
        0.18545908
      ],
      "m" : [
        0.40974623,
        0.29934335,
        0.10247396
      ],
      "r" : [
        0.9196644,
        0.26388177,
        0.58625156
      ],
      "s" : [
        0.0508338,
        0.10031893,
        0.17429711
      ],
      "w" : [
        [
          0.030114887,
          0.36349532,
          0.12539072
        ],
        [
          0.21598639,
          0.38058263,
          0.32377955
        ],
        [
          0.1344931,
          0.30138448,
          0.47355634
        ]
      ]
    },
    "id" : "F5AB8C7C-0B3A-45F4-A37E-F5A56C257589",
    "metrics" : {
      "activity_diversity_mean" : 0.13360886,
      "activity_eac_mean" : 2555.5344,
      "activity_ean_mean" : 269.56952,
      "activity_species_mean" : 2.8888888,
      "center_velocity" : 0.00022274427,
      "displacement" : 0.09466632,
      "energy_mean" : 171.32793,
      "gyration" : 2427.0447,
      "heading_rad" : 0,
      "is_stable" : true,
      "mass_max" : 576.78766,
      "mass_mean" : 576.78125,
      "mass_min" : 576.77466,
      "mass_std" : 0,
      "occupancy_mean" : 0.1991272,
      "path_length" : 0.2967068,
      "sample_count" : 18,
      "speed_count" : 0,
      "speed_mean" : 0.00022274427,
      "variance_mean" : 0.009217708,
      "velocity_x" : 0,
      "velocity_y" : 0
    },
    "name" : "harmonic-glider-0365",
    "owner_id" : "local-node",
    "phenotype" : {
      "a_uniform" : {
        "high" : 1,
        "low" : 0
      },
      "p_uniform" : {
        "high" : 1,
        "low" : 0
      },
      "patches" : [
        {
          "center" : [
            32,
            32
          ],
          "size" : 24
        },
        {
          "center" : [
            96,
            96
          ],
          "size" : 24
        }
      ],
      "seed" : 300096
    },
    "score" : 137.94086,
    "score_weights" : {
      "activity_diversity_mean" : 2,
      "activity_ean_mean" : 0.5,
      "activity_species_mean" : 1
    },
    "timestamp" : "2026-02-28T17:54:15.494Z"
  },
  "media" : {
    "anatomy" : {
      "deltaPath" : "releases\/qg-20260228-real-creatures\/runs\/qg-nnea-s300096\/f5ab8c7c-0b3a-45f4-a37e-f5a56c257589\/delta.png",
      "fieldPath" : "releases\/qg-20260228-real-creatures\/runs\/qg-nnea-s300096\/f5ab8c7c-0b3a-45f4-a37e-f5a56c257589\/field.png",
      "kernelPath" : "releases\/qg-20260228-real-creatures\/runs\/qg-nnea-s300096\/f5ab8c7c-0b3a-45f4-a37e-f5a56c257589\/kernel.png",
      "neighborPath" : "releases\/qg-20260228-real-creatures\/runs\/qg-nnea-s300096\/f5ab8c7c-0b3a-45f4-a37e-f5a56c257589\/neighbor.png"
    },
    "height" : 128,
    "posterPath" : "releases\/qg-20260228-real-creatures\/runs\/qg-nnea-s300096\/f5ab8c7c-0b3a-45f4-a37e-f5a56c257589\/poster.png",
    "replayPath" : "releases\/qg-20260228-real-creatures\/runs\/qg-nnea-s300096\/f5ab8c7c-0b3a-45f4-a37e-f5a56c257589\/replay.json",
    "width" : 128
  },
  "published_at" : "2026-03-06T18:48:16.691Z",
  "recorded_at" : "2026-02-28T17:54:15.494Z",
  "run_id" : "qg-nnea-s300096",
  "run_name" : "qg-nnea-s300096",
  "source_db" : "\/Users\/ludwig\/dev\/specter-labs\/dossiers\/lenia-swarm\/artifacts\/qg-20260228\/compendium.sqlite",
  "telemetry" : {
    "centroid" : {
      "x" : 0.49482423,
      "y" : 0.49672937
    },
    "headingRad" : -0.61761695,
    "speed" : 0.0011146524,
    "trail" : [
      {
        "x" : 0.49082872,
        "y" : 0.49302024
      },
      {
        "x" : 0.4919825,
        "y" : 0.494332
      },
      {
        "x" : 0.4939155,
        "y" : 0.4960839
      }
    ],
    "vx" : 0.0009087324,
    "vy" : -0.0006454885
  }
}