{
  "artifact_source" : "rendered_stage_media_with_replay",
  "creature" : {
    "config_hash" : "ccf08353ea32",
    "genotype" : {
      "R" : 14.067125,
      "a" : [
        [
          0.7276622,
          0.06507945,
          0.42350572
        ],
        [
          0.16884953,
          0.25035244,
          0.10331547
        ],
        [
          0.8866287,
          0.3982001,
          0.123220146
        ]
      ],
      "b" : [
        [
          0.49731153,
          0.20349509,
          0.20242041
        ],
        [
          0.37730598,
          0.91157687,
          0.6006804
        ],
        [
          0.8954747,
          0.046273828,
          0.4091506
        ]
      ],
      "h" : [
        0.3486457,
        0.69922143,
        0.08701098
      ],
      "m" : [
        0.1299121,
        0.2978164,
        0.49480933
      ],
      "r" : [
        0.8566288,
        0.6054287,
        0.30515784
      ],
      "s" : [
        0.037912287,
        0.054287888,
        0.0059911385
      ],
      "w" : [
        [
          0.1996202,
          0.057974406,
          0.43168774
        ],
        [
          0.37490052,
          0.4268902,
          0.08748828
        ],
        [
          0.112137325,
          0.10910989,
          0.011033464
        ]
      ]
    },
    "id" : "F938EC81-DF37-4A26-8FC6-760FD87A9499",
    "metrics" : {
      "activity_diversity_mean" : 0.08032874,
      "activity_eac_mean" : 2528.019,
      "activity_ean_mean" : 266.6301,
      "activity_species_mean" : 14.333333,
      "center_velocity" : 0.00022087111,
      "displacement" : 0.09387022,
      "energy_mean" : 118.74257,
      "gyration" : 2413.9802,
      "heading_rad" : 0,
      "is_stable" : true,
      "mass_max" : 570.67523,
      "mass_mean" : 570.6688,
      "mass_min" : 570.66235,
      "mass_std" : 0,
      "occupancy_mean" : 0.18870714,
      "path_length" : 0.63611865,
      "sample_count" : 18,
      "speed_count" : 0,
      "speed_mean" : 0.00022087111,
      "variance_mean" : 0.006034283,
      "velocity_x" : 0,
      "velocity_y" : 0
    },
    "name" : "crystal-spiral-7064",
    "owner_id" : "local-node",
    "phenotype" : {
      "a_uniform" : {
        "high" : 1,
        "low" : 0
      },
      "p_uniform" : {
        "high" : 1,
        "low" : 0
      },
      "patches" : [
        {
          "center" : [
            32,
            32
          ],
          "size" : 24
        },
        {
          "center" : [
            96,
            96
          ],
          "size" : 24
        }
      ],
      "seed" : 300190
    },
    "score" : 147.80904,
    "score_weights" : {
      "activity_diversity_mean" : 2,
      "activity_ean_mean" : 0.5,
      "activity_species_mean" : 1
    },
    "timestamp" : "2026-02-28T18:14:58.222Z"
  },
  "media" : {
    "anatomy" : {
      "deltaPath" : "releases\/qg-20260228-real-creatures\/runs\/qg-nnea-s300160\/f938ec81-df37-4a26-8fc6-760fd87a9499\/delta.png",
      "fieldPath" : "releases\/qg-20260228-real-creatures\/runs\/qg-nnea-s300160\/f938ec81-df37-4a26-8fc6-760fd87a9499\/field.png",
      "kernelPath" : "releases\/qg-20260228-real-creatures\/runs\/qg-nnea-s300160\/f938ec81-df37-4a26-8fc6-760fd87a9499\/kernel.png",
      "neighborPath" : "releases\/qg-20260228-real-creatures\/runs\/qg-nnea-s300160\/f938ec81-df37-4a26-8fc6-760fd87a9499\/neighbor.png"
    },
    "height" : 128,
    "posterPath" : "releases\/qg-20260228-real-creatures\/runs\/qg-nnea-s300160\/f938ec81-df37-4a26-8fc6-760fd87a9499\/poster.png",
    "replayPath" : "releases\/qg-20260228-real-creatures\/runs\/qg-nnea-s300160\/f938ec81-df37-4a26-8fc6-760fd87a9499\/replay.json",
    "width" : 128
  },
  "published_at" : "2026-03-06T18:48:16.691Z",
  "recorded_at" : "2026-02-28T18:14:58.222Z",
  "run_id" : "qg-nnea-s300160",
  "run_name" : "qg-nnea-s300160",
  "source_db" : "\/Users\/ludwig\/dev\/specter-labs\/dossiers\/lenia-swarm\/artifacts\/qg-20260228\/compendium.sqlite",
  "telemetry" : {
    "centroid" : {
      "x" : 0.50142306,
      "y" : 0.5033604
    },
    "headingRad" : 2.4972594,
    "speed" : 0.0006016376,
    "trail" : [
      {
        "x" : 0.50268483,
        "y" : 0.50415045
      },
      {
        "x" : 0.501966,
        "y" : 0.5035565
      },
      {
        "x" : 0.5019041,
        "y" : 0.5037218
      }
    ],
    "vx" : -0.00048100948,
    "vy" : 0.00036138296
  }
}