{
  "artifact_source" : "rendered_stage_media_with_replay",
  "creature" : {
    "config_hash" : "ccf08353ea32",
    "genotype" : {
      "R" : 16.868671,
      "a" : [
        [
          0.91025406,
          0.60725194,
          0.0030104518
        ],
        [
          0.9297111,
          0.42943722,
          0.3764133
        ],
        [
          0.55633205,
          0.48461342,
          0.49870765
        ]
      ],
      "b" : [
        [
          0.063611805,
          0.39498442,
          0.19359958
        ],
        [
          0.22694993,
          0.7105262,
          0.35268217
        ],
        [
          0.9185084,
          0.9068285,
          0.80193275
        ]
      ],
      "h" : [
        0.8190081,
        0.055354,
        0.13735545
      ],
      "m" : [
        0.25691783,
        0.47831511,
        0.22631863
      ],
      "r" : [
        0.54887766,
        0.69332355,
        0.514494
      ],
      "s" : [
        0.13042046,
        0.16645531,
        0.1516015
      ],
      "w" : [
        [
          0.49668828,
          0.13932607,
          0.40405622
        ],
        [
          0.1110843,
          0.19252317,
          0.09819145
        ],
        [
          0.12593076,
          0.34919462,
          0.43596593
        ]
      ]
    },
    "id" : "FB967610-8393-47A9-BE87-B593EFC66AF0",
    "metrics" : {
      "activity_diversity_mean" : 0.06810495,
      "activity_eac_mean" : 2664.5017,
      "activity_ean_mean" : 279.64487,
      "activity_species_mean" : 3.1111112,
      "center_velocity" : 0.00029686172,
      "displacement" : 0.12616622,
      "energy_mean" : 144.13031,
      "gyration" : 2408.4666,
      "heading_rad" : 0,
      "is_stable" : true,
      "mass_max" : 588.3727,
      "mass_mean" : 588.366,
      "mass_min" : 588.3594,
      "mass_std" : 0.17677669,
      "occupancy_mean" : 0.19789293,
      "path_length" : 0.26374236,
      "sample_count" : 18,
      "speed_count" : 0,
      "speed_mean" : 0.00029686172,
      "variance_mean" : 0.0075074155,
      "velocity_x" : 0,
      "velocity_y" : 0
    },
    "name" : "pulsing-walker-2631",
    "owner_id" : "local-node",
    "phenotype" : {
      "a_uniform" : {
        "high" : 1,
        "low" : 0
      },
      "p_uniform" : {
        "high" : 1,
        "low" : 0
      },
      "patches" : [
        {
          "center" : [
            32,
            32
          ],
          "size" : 24
        },
        {
          "center" : [
            96,
            96
          ],
          "size" : 24
        }
      ],
      "seed" : 300089
    },
    "score" : 143.06975,
    "score_weights" : {
      "activity_diversity_mean" : 2,
      "activity_ean_mean" : 0.5,
      "activity_species_mean" : 1
    },
    "timestamp" : "2026-02-28T17:46:31.919Z"
  },
  "media" : {
    "anatomy" : {
      "deltaPath" : "releases\/qg-20260228-real-creatures\/runs\/qg-nnea-s300064\/fb967610-8393-47a9-be87-b593efc66af0\/delta.png",
      "fieldPath" : "releases\/qg-20260228-real-creatures\/runs\/qg-nnea-s300064\/fb967610-8393-47a9-be87-b593efc66af0\/field.png",
      "kernelPath" : "releases\/qg-20260228-real-creatures\/runs\/qg-nnea-s300064\/fb967610-8393-47a9-be87-b593efc66af0\/kernel.png",
      "neighborPath" : "releases\/qg-20260228-real-creatures\/runs\/qg-nnea-s300064\/fb967610-8393-47a9-be87-b593efc66af0\/neighbor.png"
    },
    "height" : 128,
    "posterPath" : "releases\/qg-20260228-real-creatures\/runs\/qg-nnea-s300064\/fb967610-8393-47a9-be87-b593efc66af0\/poster.png",
    "replayPath" : "releases\/qg-20260228-real-creatures\/runs\/qg-nnea-s300064\/fb967610-8393-47a9-be87-b593efc66af0\/replay.json",
    "width" : 128
  },
  "published_at" : "2026-03-06T18:48:16.691Z",
  "recorded_at" : "2026-02-28T17:46:31.919Z",
  "run_id" : "qg-nnea-s300064",
  "run_name" : "qg-nnea-s300064",
  "source_db" : "\/Users\/ludwig\/dev\/specter-labs\/dossiers\/lenia-swarm\/artifacts\/qg-20260228\/compendium.sqlite",
  "telemetry" : {
    "centroid" : {
      "x" : 0.4968936,
      "y" : 0.4961877
    },
    "headingRad" : -0.33270356,
    "speed" : 0.00050680444,
    "trail" : [
      {
        "x" : 0.49680072,
        "y" : 0.49604046
      },
      {
        "x" : 0.49621865,
        "y" : 0.49545068
      },
      {
        "x" : 0.4964146,
        "y" : 0.49602216
      }
    ],
    "vx" : 0.00047901273,
    "vy" : -0.0001655221
  }
}