{
  "artifact_source" : "rendered_stage_media_with_replay",
  "creature" : {
    "config_hash" : "ccf08353ea32",
    "genotype" : {
      "R" : 16.400784,
      "a" : [
        [
          0.9636571,
          0.800296,
          0.5339335
        ],
        [
          0.4087317,
          0.28690034,
          0.33944273
        ],
        [
          0.14968318,
          0.5470089,
          0.5036619
        ]
      ],
      "b" : [
        [
          0.7201445,
          0.10871434,
          0.023415565
        ],
        [
          0.13128614,
          0.32968068,
          0.70028645
        ],
        [
          0.28651005,
          0.2735899,
          0.7473708
        ]
      ],
      "h" : [
        0.29157025,
        0.4626426,
        0.28209794
      ],
      "m" : [
        0.3449255,
        0.2665342,
        0.11005704
      ],
      "r" : [
        0.7327217,
        0.7201606,
        0.7951436
      ],
      "s" : [
        0.14945032,
        0.084898315,
        0.13607581
      ],
      "w" : [
        [
          0.4205239,
          0.43248233,
          0.025954776
        ],
        [
          0.39202136,
          0.011362677,
          0.20197617
        ],
        [
          0.15196365,
          0.04588572,
          0.023065457
        ]
      ]
    },
    "id" : "FFECF385-1B1C-472E-8329-05533E5C8972",
    "metrics" : {
      "activity_diversity_mean" : 0.04761929,
      "activity_eac_mean" : 2541.0344,
      "activity_ean_mean" : 267.87418,
      "activity_species_mean" : 4.6666665,
      "center_velocity" : 0.00022948215,
      "displacement" : 0.09752991,
      "energy_mean" : 204.09221,
      "gyration" : 2429.5747,
      "heading_rad" : 0,
      "is_stable" : true,
      "mass_max" : 573.13464,
      "mass_mean" : 573.1281,
      "mass_min" : 573.12164,
      "mass_std" : 0.17677669,
      "occupancy_mean" : 0.19650608,
      "path_length" : 0.2956685,
      "sample_count" : 18,
      "speed_count" : 0,
      "speed_mean" : 0.00022948215,
      "variance_mean" : 0.011233131,
      "velocity_x" : 0,
      "velocity_y" : 0
    },
    "name" : "ancient-entity-5426",
    "owner_id" : "local-node",
    "phenotype" : {
      "a_uniform" : {
        "high" : 1,
        "low" : 0
      },
      "p_uniform" : {
        "high" : 1,
        "low" : 0
      },
      "patches" : [
        {
          "center" : [
            32,
            32
          ],
          "size" : 24
        },
        {
          "center" : [
            96,
            96
          ],
          "size" : 24
        }
      ],
      "seed" : 300211
    },
    "score" : 138.699,
    "score_weights" : {
      "activity_diversity_mean" : 2,
      "activity_ean_mean" : 0.5,
      "activity_species_mean" : 1
    },
    "timestamp" : "2026-02-28T18:26:08.263Z"
  },
  "media" : {
    "anatomy" : {
      "deltaPath" : "releases\/qg-20260228-real-creatures\/runs\/qg-nnea-s300192\/ffecf385-1b1c-472e-8329-05533e5c8972\/delta.png",
      "fieldPath" : "releases\/qg-20260228-real-creatures\/runs\/qg-nnea-s300192\/ffecf385-1b1c-472e-8329-05533e5c8972\/field.png",
      "kernelPath" : "releases\/qg-20260228-real-creatures\/runs\/qg-nnea-s300192\/ffecf385-1b1c-472e-8329-05533e5c8972\/kernel.png",
      "neighborPath" : "releases\/qg-20260228-real-creatures\/runs\/qg-nnea-s300192\/ffecf385-1b1c-472e-8329-05533e5c8972\/neighbor.png"
    },
    "height" : 128,
    "posterPath" : "releases\/qg-20260228-real-creatures\/runs\/qg-nnea-s300192\/ffecf385-1b1c-472e-8329-05533e5c8972\/poster.png",
    "replayPath" : "releases\/qg-20260228-real-creatures\/runs\/qg-nnea-s300192\/ffecf385-1b1c-472e-8329-05533e5c8972\/replay.json",
    "width" : 128
  },
  "published_at" : "2026-03-06T18:48:16.691Z",
  "recorded_at" : "2026-02-28T18:26:08.263Z",
  "run_id" : "qg-nnea-s300192",
  "run_name" : "qg-nnea-s300192",
  "source_db" : "\/Users\/ludwig\/dev\/specter-labs\/dossiers\/lenia-swarm\/artifacts\/qg-20260228\/compendium.sqlite",
  "telemetry" : {
    "centroid" : {
      "x" : 0.50097066,
      "y" : 0.5025011
    },
    "headingRad" : 2.145627,
    "speed" : 0.0028327114,
    "trail" : [
      {
        "x" : 0.50407565,
        "y" : 0.50533813
      },
      {
        "x" : 0.5015893,
        "y" : 0.5036194
      },
      {
        "x" : 0.5025108,
        "y" : 0.5048785
      }
    ],
    "vx" : -0.0015401244,
    "vy" : 0.0023774505
  }
}