{
  "backend" : "mlx",
  "channels" : 1,
  "connectivity" : [
    [
      3
    ]
  ],
  "flow" : {
    "dt" : 0.2,
    "n" : 2,
    "theta_A" : 2
  },
  "grid" : {
    "sx" : 128,
    "sy" : 128
  },
  "implementation" : {
    "mode" : "paper"
  },
  "init" : {
    "a_uniform" : {
      "high" : 1,
      "low" : 0
    },
    "p_uniform" : {
      "high" : 1,
      "low" : 0
    },
    "patches" : [
      {
        "center" : [
          32,
          32
        ],
        "size" : 24
      },
      {
        "center" : [
          96,
          96
        ],
        "size" : 24
      }
    ],
    "seed" : 300172
  },
  "interventions" : [

  ],
  "parameter_embedding" : {
    "enabled" : true,
    "mix" : "stoch",
    "mix_seed" : 42
  },
  "params" : {
    "R" : 7.0195103,
    "a" : [
      [
        0.6687578,
        0.42560393,
        0.09417808
      ],
      [
        0.69681585,
        0.17424393,
        0.9508867
      ],
      [
        0.4476875,
        0.82953995,
        0.6169591
      ]
    ],
    "b" : [
      [
        0.12981188,
        0.79779357,
        0.07052374
      ],
      [
        0.85049677,
        0.14961499,
        0.83879524
      ],
      [
        0.7004099,
        0.30425406,
        0.9629687
      ]
    ],
    "h" : [
      0.43473727,
      0.9397637,
      0.9305064
    ],
    "m" : [
      0.38977465,
      0.096986234,
      0.26986137
    ],
    "mode" : "explicit",
    "r" : [
      0.62503165,
      0.62925404,
      0.7122403
    ],
    "s" : [
      0.017965727,
      0.02365519,
      0.094668254
    ],
    "w" : [
      [
        0.27288544,
        0.2155653,
        0.06587172
      ],
      [
        0.18179329,
        0.4433737,
        0.44691715
      ],
      [
        0.38341624,
        0.47641045,
        0.43528467
      ]
    ]
  },
  "profile" : "experimental",
  "reintegration" : {
    "border" : "torus",
    "dd" : 5,
    "sigma" : 0.65
  },
  "run" : {
    "steps" : 500
  }
}