{
  "centroids" : [
    [
      64.859604,
      64.69838
    ],
    [
      64.89134,
      64.747665
    ],
    [
      64.482155,
      64.289185
    ],
    [
      64.32771,
      64.17387
    ],
    [
      64.217186,
      64.057724
    ],
    [
      64.20509,
      64.03012
    ],
    [
      63.943348,
      63.73168
    ],
    [
      63.920673,
      63.648205
    ],
    [
      63.87758,
      63.617653
    ],
    [
      63.854904,
      63.572044
    ],
    [
      63.709095,
      63.49613
    ],
    [
      63.758644,
      63.545807
    ]
  ],
  "fps" : 10,
  "frameCount" : 12,
  "framesPath" : "releases\/qg-20260228-real-creatures\/runs\/qg-nnea-s300160\/568f83cc-7732-4ec2-8308-46f82b61b84b\/frames.bin",
  "height" : 128,
  "palette" : "lenia-spectrum",
  "velocities" : [
    [
      0,
      0
    ],
    [
      0.03173828,
      0.04928589
    ],
    [
      -0.40918732,
      -0.45848083
    ],
    [
      -0.15444183,
      -0.1153183
    ],
    [
      -0.11052704,
      -0.11614227
    ],
    [
      -0.01209259,
      -0.02760315
    ],
    [
      -0.26174545,
      -0.29843903
    ],
    [
      -0.02267456,
      -0.08347702
    ],
    [
      -0.043094635,
      -0.03055191
    ],
    [
      -0.02267456,
      -0.04560852
    ],
    [
      -0.14580917,
      -0.075912476
    ],
    [
      0.049549103,
      0.049674988
    ]
  ],
  "width" : 128
}