{
  "backend" : "mlx",
  "channels" : 1,
  "connectivity" : [
    [
      3
    ]
  ],
  "flow" : {
    "dt" : 0.2,
    "n" : 2,
    "theta_A" : 2
  },
  "grid" : {
    "sx" : 128,
    "sy" : 128
  },
  "implementation" : {
    "mode" : "paper"
  },
  "init" : {
    "a_uniform" : {
      "high" : 1,
      "low" : 0
    },
    "p_uniform" : {
      "high" : 1,
      "low" : 0
    },
    "patches" : [
      {
        "center" : [
          32,
          32
        ],
        "size" : 24
      },
      {
        "center" : [
          96,
          96
        ],
        "size" : 24
      }
    ],
    "seed" : 300015
  },
  "interventions" : [

  ],
  "parameter_embedding" : {
    "enabled" : true,
    "mix" : "stoch",
    "mix_seed" : 42
  },
  "params" : {
    "R" : 11.306543,
    "a" : [
      [
        0.34983754,
        0.8013317,
        0.26933336
      ],
      [
        0.37924278,
        0.31528223,
        0.8036985
      ],
      [
        0.9708098,
        0.7335408,
        0.36101186
      ]
    ],
    "b" : [
      [
        0.29456806,
        0.027540207,
        0.40000057
      ],
      [
        0.39694458,
        0.21300727,
        0.5545986
      ],
      [
        0.12782949,
        0.76028484,
        0.65934277
      ]
    ],
    "h" : [
      0.13308114,
      0.19662124,
      0.32630658
    ],
    "m" : [
      0.41520736,
      0.47304216,
      0.071489565
    ],
    "mode" : "explicit",
    "r" : [
      0.334623,
      0.83818156,
      0.8271433
    ],
    "s" : [
      0.038666762,
      0.06867741,
      0.087788716
    ],
    "w" : [
      [
        0.31320202,
        0.33660355,
        0.17102644
      ],
      [
        0.2553601,
        0.2032537,
        0.4008116
      ],
      [
        0.4304359,
        0.22279863,
        0.2911003
      ]
    ]
  },
  "profile" : "experimental",
  "reintegration" : {
    "border" : "torus",
    "dd" : 5,
    "sigma" : 0.65
  },
  "run" : {
    "steps" : 500
  }
}