{
  "centroids" : [
    [
      63.93462,
      63.79686
    ],
    [
      63.93269,
      63.816418
    ],
    [
      64.09397,
      63.951283
    ],
    [
      63.948334,
      63.80304
    ],
    [
      63.906364,
      63.76258
    ],
    [
      63.817646,
      63.67751
    ],
    [
      63.82241,
      63.684605
    ],
    [
      63.801785,
      63.68284
    ],
    [
      63.793064,
      63.66369
    ],
    [
      63.80411,
      63.658257
    ],
    [
      63.814373,
      63.651566
    ],
    [
      63.810596,
      63.63863
    ]
  ],
  "fps" : 10,
  "frameCount" : 12,
  "framesPath" : "releases\/qg-20260228-real-creatures\/runs\/qg-nnea-s300000\/ccb5169e-9f24-4cee-ae04-b2843dd6d414\/frames.bin",
  "height" : 128,
  "palette" : "lenia-spectrum",
  "velocities" : [
    [
      0,
      0
    ],
    [
      -0.0019302368,
      0.019557953
    ],
    [
      0.16128159,
      0.1348648
    ],
    [
      -0.14563751,
      -0.14824295
    ],
    [
      -0.0419693,
      -0.04045868
    ],
    [
      -0.088718414,
      -0.08507156
    ],
    [
      0.004764557,
      0.007095337
    ],
    [
      -0.020626068,
      -0.0017662048
    ],
    [
      -0.008720398,
      -0.01914978
    ],
    [
      0.011047363,
      -0.005432129
    ],
    [
      0.010261536,
      -0.006690979
    ],
    [
      -0.0037765503,
      -0.012935638
    ]
  ],
  "width" : 128
}