{
  "backend" : "mlx",
  "channels" : 1,
  "connectivity" : [
    [
      3
    ]
  ],
  "flow" : {
    "dt" : 0.2,
    "n" : 2,
    "theta_A" : 2
  },
  "grid" : {
    "sx" : 128,
    "sy" : 128
  },
  "implementation" : {
    "mode" : "paper"
  },
  "init" : {
    "a_uniform" : {
      "high" : 1,
      "low" : 0
    },
    "p_uniform" : {
      "high" : 1,
      "low" : 0
    },
    "patches" : [
      {
        "center" : [
          32,
          32
        ],
        "size" : 24
      },
      {
        "center" : [
          96,
          96
        ],
        "size" : 24
      }
    ],
    "seed" : 300191
  },
  "interventions" : [

  ],
  "parameter_embedding" : {
    "enabled" : true,
    "mix" : "stoch",
    "mix_seed" : 42
  },
  "params" : {
    "R" : 17.807457,
    "a" : [
      [
        0.55118656,
        0.5062439,
        0.6656708
      ],
      [
        0.7247323,
        0.19010776,
        0.84665895
      ],
      [
        0.99596804,
        0.36837602,
        0.0028792024
      ]
    ],
    "b" : [
      [
        0.30910236,
        0.9537431,
        0.8905506
      ],
      [
        0.005168438,
        0.9586713,
        0.8468069
      ],
      [
        0.8533202,
        0.64594513,
        0.92602104
      ]
    ],
    "h" : [
      0.67169964,
      0.27781612,
      0.3970543
    ],
    "m" : [
      0.14243358,
      0.22519612,
      0.21330607
    ],
    "mode" : "explicit",
    "r" : [
      0.4900654,
      0.6865147,
      0.9795219
    ],
    "s" : [
      0.06128659,
      0.17217126,
      0.021063715
    ],
    "w" : [
      [
        0.39573163,
        0.06450046,
        0.37635657
      ],
      [
        0.34533003,
        0.16306005,
        0.14142986
      ],
      [
        0.35500652,
        0.1484929,
        0.42214775
      ]
    ]
  },
  "profile" : "experimental",
  "reintegration" : {
    "border" : "torus",
    "dd" : 5,
    "sigma" : 0.65
  },
  "run" : {
    "steps" : 500
  }
}