{
  "centroids" : [
    [
      62.692127,
      62.570103
    ],
    [
      62.67548,
      62.54028
    ],
    [
      62.68163,
      62.53
    ],
    [
      62.68657,
      62.52365
    ],
    [
      62.68707,
      62.521236
    ],
    [
      62.675648,
      62.508377
    ],
    [
      62.683563,
      62.515793
    ],
    [
      62.669037,
      62.508812
    ],
    [
      62.66463,
      62.50748
    ],
    [
      62.657185,
      62.504696
    ],
    [
      62.659893,
      62.50832
    ],
    [
      62.65385,
      62.514072
    ]
  ],
  "fps" : 10,
  "frameCount" : 12,
  "framesPath" : "releases\/qg-20260228-real-creatures\/runs\/qg-nnea-s300160\/72f3565a-4ca3-440c-b165-2937c4933803\/frames.bin",
  "height" : 128,
  "palette" : "lenia-spectrum",
  "velocities" : [
    [
      0,
      0
    ],
    [
      -0.016647339,
      -0.029823303
    ],
    [
      0.006149292,
      -0.010280609
    ],
    [
      0.004940033,
      -0.0063476562
    ],
    [
      0.00049972534,
      -0.0024147034
    ],
    [
      -0.011421204,
      -0.0128593445
    ],
    [
      0.007915497,
      0.0074157715
    ],
    [
      -0.014526367,
      -0.006980896
    ],
    [
      -0.0044059753,
      -0.0013313293
    ],
    [
      -0.007446289,
      -0.002784729
    ],
    [
      0.002708435,
      0.0036239624
    ],
    [
      -0.0060424805,
      0.0057525635
    ]
  ],
  "width" : 128
}