{
  "backend" : "mlx",
  "channels" : 1,
  "connectivity" : [
    [
      3
    ]
  ],
  "flow" : {
    "dt" : 0.2,
    "n" : 2,
    "theta_A" : 2
  },
  "grid" : {
    "sx" : 128,
    "sy" : 128
  },
  "implementation" : {
    "mode" : "paper"
  },
  "init" : {
    "a_uniform" : {
      "high" : 1,
      "low" : 0
    },
    "p_uniform" : {
      "high" : 1,
      "low" : 0
    },
    "patches" : [
      {
        "center" : [
          32,
          32
        ],
        "size" : 24
      },
      {
        "center" : [
          96,
          96
        ],
        "size" : 24
      }
    ],
    "seed" : 300068
  },
  "interventions" : [

  ],
  "parameter_embedding" : {
    "enabled" : true,
    "mix" : "stoch",
    "mix_seed" : 42
  },
  "params" : {
    "R" : 11.059386,
    "a" : [
      [
        0.6480022,
        0.3947419,
        0.4875515
      ],
      [
        0.560541,
        0.8548544,
        0.7958639
      ],
      [
        0.5724339,
        0.38721836,
        0.30916476
      ]
    ],
    "b" : [
      [
        0.519635,
        0.32893693,
        0.66216135
      ],
      [
        0.56428593,
        0.8208409,
        0.97064483
      ],
      [
        0.99132925,
        0.9095733,
        0.6962484
      ]
    ],
    "h" : [
      0.24399203,
      0.8171653,
      0.21167737
    ],
    "m" : [
      0.36139196,
      0.26396364,
      0.16081224
    ],
    "mode" : "explicit",
    "r" : [
      0.3790807,
      0.8771489,
      0.88026845
    ],
    "s" : [
      0.13579594,
      0.01782319,
      0.167317
    ],
    "w" : [
      [
        0.37505567,
        0.49692777,
        0.105574325
      ],
      [
        0.13731886,
        0.0534677,
        0.41232213
      ],
      [
        0.20212534,
        0.37631783,
        0.40324083
      ]
    ]
  },
  "profile" : "experimental",
  "reintegration" : {
    "border" : "torus",
    "dd" : 5,
    "sigma" : 0.65
  },
  "run" : {
    "steps" : 500
  }
}