{
  "centroids" : [
    [
      62.564327,
      62.661488
    ],
    [
      62.675938,
      62.833607
    ],
    [
      62.509537,
      62.628185
    ],
    [
      62.526447,
      62.603485
    ],
    [
      62.360924,
      62.3658
    ],
    [
      62.30878,
      62.336193
    ],
    [
      62.28524,
      62.37393
    ],
    [
      62.323135,
      62.390053
    ],
    [
      62.36552,
      62.45059
    ],
    [
      62.465343,
      62.550053
    ],
    [
      62.51622,
      62.55854
    ],
    [
      62.76438,
      62.74912
    ]
  ],
  "fps" : 10,
  "frameCount" : 12,
  "framesPath" : "releases\/qg-20260228-real-creatures\/runs\/qg-nnea-s300064\/c96fc160-4f46-4938-a06d-2cbf5746f0a6\/frames.bin",
  "height" : 128,
  "palette" : "lenia-spectrum",
  "velocities" : [
    [
      0,
      0
    ],
    [
      0.11161041,
      0.17211914
    ],
    [
      -0.16640091,
      -0.20542145
    ],
    [
      0.016910553,
      -0.024700165
    ],
    [
      -0.16552353,
      -0.23768616
    ],
    [
      -0.052143097,
      -0.029605865
    ],
    [
      -0.023540497,
      0.0377388
    ],
    [
      0.037895203,
      0.01612091
    ],
    [
      0.0423851,
      0.06053543
    ],
    [
      0.099823,
      0.09946442
    ],
    [
      0.050876617,
      0.008487701
    ],
    [
      0.24816132,
      0.19057846
    ]
  ],
  "width" : 128
}