{
  "backend" : "mlx",
  "channels" : 1,
  "connectivity" : [
    [
      3
    ]
  ],
  "flow" : {
    "dt" : 0.2,
    "n" : 2,
    "theta_A" : 2
  },
  "grid" : {
    "sx" : 128,
    "sy" : 128
  },
  "implementation" : {
    "mode" : "paper"
  },
  "init" : {
    "a_uniform" : {
      "high" : 1,
      "low" : 0
    },
    "p_uniform" : {
      "high" : 1,
      "low" : 0
    },
    "patches" : [
      {
        "center" : [
          32,
          32
        ],
        "size" : 24
      },
      {
        "center" : [
          96,
          96
        ],
        "size" : 24
      }
    ],
    "seed" : 300009
  },
  "interventions" : [

  ],
  "parameter_embedding" : {
    "enabled" : true,
    "mix" : "stoch",
    "mix_seed" : 42
  },
  "params" : {
    "R" : 14.519552,
    "a" : [
      [
        0.59791636,
        0.35425574,
        0.3896399
      ],
      [
        0.6464218,
        0.37862056,
        0.009727001
      ],
      [
        0.963901,
        0.6258747,
        0.747687
      ]
    ],
    "b" : [
      [
        0.26394433,
        0.904069,
        0.9966715
      ],
      [
        0.471201,
        0.24825782,
        0.09978521
      ],
      [
        0.30113256,
        0.59664434,
        0.52152056
      ]
    ],
    "h" : [
      0.7162494,
      0.5950329,
      0.5288093
    ],
    "m" : [
      0.17800756,
      0.49079338,
      0.34588397
    ],
    "mode" : "explicit",
    "r" : [
      0.8486067,
      0.95168364,
      0.74614257
    ],
    "s" : [
      0.015600199,
      0.01582248,
      0.13575543
    ],
    "w" : [
      [
        0.20260763,
        0.18700631,
        0.042559013
      ],
      [
        0.48541218,
        0.025316706,
        0.10988546
      ],
      [
        0.21073617,
        0.42902473,
        0.1358333
      ]
    ]
  },
  "profile" : "experimental",
  "reintegration" : {
    "border" : "torus",
    "dd" : 5,
    "sigma" : 0.65
  },
  "run" : {
    "steps" : 500
  }
}