{
  "centroids" : [
    [
      63.40488,
      63.320667
    ],
    [
      63.426266,
      63.359093
    ],
    [
      63.429523,
      63.365063
    ],
    [
      63.442333,
      63.37091
    ],
    [
      63.387295,
      63.31734
    ],
    [
      63.359383,
      63.311626
    ],
    [
      63.319977,
      63.30588
    ],
    [
      63.319256,
      63.298267
    ],
    [
      63.30779,
      63.288322
    ],
    [
      63.292976,
      63.271736
    ],
    [
      63.28296,
      63.263447
    ],
    [
      63.277027,
      63.257374
    ]
  ],
  "fps" : 10,
  "frameCount" : 12,
  "framesPath" : "releases\/qg-20260228-real-creatures\/runs\/qg-nnea-s300000\/ba5e4e36-6e59-41a7-b220-1a5239fab0f8\/frames.bin",
  "height" : 128,
  "palette" : "lenia-spectrum",
  "velocities" : [
    [
      0,
      0
    ],
    [
      0.021385193,
      0.038425446
    ],
    [
      0.0032577515,
      0.005970001
    ],
    [
      0.012809753,
      0.005847931
    ],
    [
      -0.055038452,
      -0.053569794
    ],
    [
      -0.02791214,
      -0.0057144165
    ],
    [
      -0.039405823,
      -0.005744934
    ],
    [
      -0.0007209778,
      -0.0076141357
    ],
    [
      -0.01146698,
      -0.009944916
    ],
    [
      -0.0148124695,
      -0.016586304
    ],
    [
      -0.010017395,
      -0.008289337
    ],
    [
      -0.0059318542,
      -0.006072998
    ]
  ],
  "width" : 128
}