{
  "backend" : "mlx",
  "channels" : 1,
  "connectivity" : [
    [
      3
    ]
  ],
  "flow" : {
    "dt" : 0.2,
    "n" : 2,
    "theta_A" : 2
  },
  "grid" : {
    "sx" : 128,
    "sy" : 128
  },
  "implementation" : {
    "mode" : "paper"
  },
  "init" : {
    "a_uniform" : {
      "high" : 1,
      "low" : 0
    },
    "p_uniform" : {
      "high" : 1,
      "low" : 0
    },
    "patches" : [
      {
        "center" : [
          32,
          32
        ],
        "size" : 24
      },
      {
        "center" : [
          96,
          96
        ],
        "size" : 24
      }
    ],
    "seed" : 300117
  },
  "interventions" : [

  ],
  "parameter_embedding" : {
    "enabled" : true,
    "mix" : "stoch",
    "mix_seed" : 42
  },
  "params" : {
    "R" : 17.668093,
    "a" : [
      [
        0.7089305,
        0.5226794,
        0.76266116
      ],
      [
        0.33389848,
        0.43822712,
        0.19419748
      ],
      [
        0.04731524,
        0.5012774,
        0.96376795
      ]
    ],
    "b" : [
      [
        0.9615957,
        0.50840646,
        0.57559335
      ],
      [
        0.2802313,
        0.9709655,
        0.10898703
      ],
      [
        0.8216843,
        0.71656907,
        0.89727354
      ]
    ],
    "h" : [
      0.05159551,
      0.78583795,
      0.3270526
    ],
    "m" : [
      0.05076438,
      0.055064574,
      0.14931992
    ],
    "mode" : "explicit",
    "r" : [
      0.5618613,
      0.38600147,
      0.21294089
    ],
    "s" : [
      0.1767209,
      0.12364247,
      0.1798042
    ],
    "w" : [
      [
        0.08985989,
        0.23937547,
        0.43024454
      ],
      [
        0.15337157,
        0.12431418,
        0.30355507
      ],
      [
        0.34880802,
        0.1758987,
        0.14795928
      ]
    ]
  },
  "profile" : "experimental",
  "reintegration" : {
    "border" : "torus",
    "dd" : 5,
    "sigma" : 0.65
  },
  "run" : {
    "steps" : 500
  }
}