{
  "centroids" : [
    [
      64.48536,
      64.39683
    ],
    [
      64.639694,
      64.51083
    ],
    [
      64.76238,
      64.64323
    ],
    [
      64.819954,
      64.59271
    ],
    [
      64.92705,
      64.71353
    ],
    [
      64.87832,
      64.89512
    ],
    [
      64.39761,
      64.35228
    ],
    [
      63.996166,
      63.790436
    ],
    [
      63.764004,
      63.63228
    ],
    [
      63.56684,
      63.371113
    ],
    [
      63.19517,
      62.93756
    ],
    [
      63.420933,
      63.114586
    ]
  ],
  "fps" : 10,
  "frameCount" : 12,
  "framesPath" : "releases\/qg-20260228-real-creatures\/runs\/qg-nnea-s300096\/fd46f7e0-6049-4ac2-b68b-4274156b5ee4\/frames.bin",
  "height" : 128,
  "palette" : "lenia-spectrum",
  "velocities" : [
    [
      0,
      0
    ],
    [
      0.15433502,
      0.11400604
    ],
    [
      0.12268829,
      0.13239288
    ],
    [
      0.05757141,
      -0.05051422
    ],
    [
      0.10709381,
      0.12081909
    ],
    [
      -0.048728943,
      0.18158722
    ],
    [
      -0.48070526,
      -0.54283905
    ],
    [
      -0.4014473,
      -0.5618439
    ],
    [
      -0.23216248,
      -0.15815735
    ],
    [
      -0.19716263,
      -0.26116562
    ],
    [
      -0.37166977,
      -0.4335518
    ],
    [
      0.22576141,
      0.17702484
    ]
  ],
  "width" : 128
}