{
  "centroids" : [
    [
      63.62849,
      63.694725
    ],
    [
      63.613934,
      63.576946
    ],
    [
      63.64005,
      63.62662
    ],
    [
      63.472195,
      63.529114
    ],
    [
      63.44002,
      63.439995
    ],
    [
      63.35217,
      63.294003
    ],
    [
      63.24951,
      63.189243
    ],
    [
      63.255005,
      63.199493
    ],
    [
      63.229965,
      63.18156
    ],
    [
      63.20817,
      63.18748
    ],
    [
      63.2856,
      63.27908
    ],
    [
      63.440723,
      63.407547
    ]
  ],
  "fps" : 10,
  "frameCount" : 12,
  "framesPath" : "releases\/qg-20260228-real-creatures\/runs\/qg-nnea-s300064\/3306305a-d146-4e94-867e-f92594fd7023\/frames.bin",
  "height" : 128,
  "palette" : "lenia-spectrum",
  "velocities" : [
    [
      0,
      0
    ],
    [
      -0.014556885,
      -0.11777878
    ],
    [
      0.026115417,
      0.049674988
    ],
    [
      -0.16785431,
      -0.09750748
    ],
    [
      -0.032173157,
      -0.08911896
    ],
    [
      -0.08785248,
      -0.14599228
    ],
    [
      -0.10265732,
      -0.10475922
    ],
    [
      0.005493164,
      0.010250092
    ],
    [
      -0.025039673,
      -0.017932892
    ],
    [
      -0.021793365,
      0.00592041
    ],
    [
      0.07742691,
      0.09159851
    ],
    [
      0.15512466,
      0.12846756
    ]
  ],
  "width" : 128
}