{
  "backend" : "mlx",
  "channels" : 1,
  "connectivity" : [
    [
      3
    ]
  ],
  "flow" : {
    "dt" : 0.2,
    "n" : 2,
    "theta_A" : 2
  },
  "grid" : {
    "sx" : 128,
    "sy" : 128
  },
  "implementation" : {
    "mode" : "paper"
  },
  "init" : {
    "a_uniform" : {
      "high" : 1,
      "low" : 0
    },
    "p_uniform" : {
      "high" : 1,
      "low" : 0
    },
    "patches" : [
      {
        "center" : [
          32,
          32
        ],
        "size" : 24
      },
      {
        "center" : [
          96,
          96
        ],
        "size" : 24
      }
    ],
    "seed" : 300065
  },
  "interventions" : [

  ],
  "parameter_embedding" : {
    "enabled" : true,
    "mix" : "stoch",
    "mix_seed" : 42
  },
  "params" : {
    "R" : 11.984441,
    "a" : [
      [
        0.04867947,
        0.5313854,
        0.06165558
      ],
      [
        0.5753554,
        0.038885236,
        0.80178356
      ],
      [
        0.05998075,
        0.7268938,
        0.9519813
      ]
    ],
    "b" : [
      [
        0.4972307,
        0.5748423,
        0.56391084
      ],
      [
        0.33394712,
        0.6954519,
        0.9994352
      ],
      [
        0.4541511,
        0.033038676,
        0.058903456
      ]
    ],
    "h" : [
      0.44958806,
      0.632976,
      0.17339009
    ],
    "m" : [
      0.16085298,
      0.06010635,
      0.16997711
    ],
    "mode" : "explicit",
    "r" : [
      0.37071362,
      0.3774029,
      0.82835114
    ],
    "s" : [
      0.10027976,
      0.047616877,
      0.095668435
    ],
    "w" : [
      [
        0.34621692,
        0.15888986,
        0.13011505
      ],
      [
        0.24447203,
        0.12267375,
        0.12686901
      ],
      [
        0.43285725,
        0.35196623,
        0.49039316
      ]
    ]
  },
  "profile" : "experimental",
  "reintegration" : {
    "border" : "torus",
    "dd" : 5,
    "sigma" : 0.65
  },
  "run" : {
    "steps" : 500
  }
}