{
  "centroids" : [
    [
      63.765877,
      63.84897
    ],
    [
      63.874516,
      63.871223
    ],
    [
      63.952927,
      63.87434
    ],
    [
      64.15101,
      63.898067
    ],
    [
      64.381996,
      64.14886
    ],
    [
      63.8395,
      63.56972
    ],
    [
      63.67407,
      63.46004
    ],
    [
      63.384144,
      63.26017
    ],
    [
      63.2511,
      63.16508
    ],
    [
      63.17255,
      63.12096
    ],
    [
      63.108967,
      63.104946
    ],
    [
      63.064613,
      63.129993
    ]
  ],
  "fps" : 10,
  "frameCount" : 12,
  "framesPath" : "releases\/qg-20260228-real-creatures\/runs\/qg-nnea-s300064\/5ece1f6a-5239-4145-80a1-6b2fed2f1b72\/frames.bin",
  "height" : 128,
  "palette" : "lenia-spectrum",
  "velocities" : [
    [
      0,
      0
    ],
    [
      0.10863876,
      0.022254944
    ],
    [
      0.0784111,
      0.0031166077
    ],
    [
      0.19808197,
      0.023727417
    ],
    [
      0.23098755,
      0.25078964
    ],
    [
      -0.5424957,
      -0.5791359
    ],
    [
      -0.16543198,
      -0.109680176
    ],
    [
      -0.28992462,
      -0.19987106
    ],
    [
      -0.1330452,
      -0.09508896
    ],
    [
      -0.07854843,
      -0.04412079
    ],
    [
      -0.063583374,
      -0.0160141
    ],
    [
      -0.044353485,
      0.025047302
    ]
  ],
  "width" : 128
}