{
  "backend" : "mlx",
  "beam_mutation" : {
    "enabled" : true,
    "patch_size" : 10,
    "probability" : 0.02,
    "seed" : 99,
    "std" : 0.1
  },
  "channels" : 1,
  "connectivity" : [
    [
      3
    ]
  ],
  "environment" : {
    "depth" : 2,
    "passage_width" : 6,
    "type" : "cross_map",
    "wall_thickness" : 3,
    "wall_value" : -10
  },
  "flow" : {
    "dt" : 0.2,
    "n" : 2,
    "theta_A" : 2
  },
  "grid" : {
    "sx" : 128,
    "sy" : 128
  },
  "implementation" : {
    "mode" : "paper"
  },
  "init" : {
    "a_uniform" : {
      "high" : 1,
      "low" : 0
    },
    "p_uniform" : {
      "high" : 1,
      "low" : 0
    },
    "patches" : [
      {
        "center" : [
          32,
          32
        ],
        "size" : 20
      },
      {
        "center" : [
          96,
          32
        ],
        "size" : 20
      },
      {
        "center" : [
          32,
          96
        ],
        "size" : 20
      },
      {
        "center" : [
          96,
          96
        ],
        "size" : 20
      }
    ],
    "seed" : 53
  },
  "interventions" : [

  ],
  "parameter_embedding" : {
    "enabled" : true,
    "mix" : "stoch_gene_wise",
    "mix_seed" : 42
  },
  "params" : {
    "R" : 6.258684,
    "a" : [
      [
        0.83542085,
        0.7153466,
        0.105490744
      ],
      [
        0.10550952,
        0.10357618,
        0.24613363
      ],
      [
        0.7293649,
        0.20597923,
        0.12697387
      ]
    ],
    "b" : [
      [
        0.084209144,
        0.46174937,
        0.31216866
      ],
      [
        0.9600446,
        0.2695706,
        0.21286792
      ],
      [
        0.38803178,
        0.8174359,
        0.72569203
      ]
    ],
    "h" : [
      0.7841031,
      0.55541545,
      0.5726721
    ],
    "m" : [
      0.18979801,
      0.2953542,
      0.49982727
    ],
    "mode" : "explicit",
    "r" : [
      0.50039595,
      0.95300734,
      0.79805887
    ],
    "s" : [
      0.09061908,
      0.016018014,
      0.060193177
    ],
    "w" : [
      [
        0.17715424,
        0.16948684,
        0.2089163
      ],
      [
        0.3897227,
        0.39005306,
        0.30851918
      ],
      [
        0.010002219,
        0.05241803,
        0.30331767
      ]
    ]
  },
  "profile" : "experimental",
  "reintegration" : {
    "border" : "wall",
    "dd" : 5,
    "sigma" : 0.65
  },
  "run" : {
    "steps" : 500
  }
}