{
  "centroids" : [
    [
      63.443714,
      63.424477
    ],
    [
      63.275692,
      63.217438
    ],
    [
      63.05852,
      63.00944
    ],
    [
      63.503227,
      63.481453
    ],
    [
      62.975857,
      62.85253
    ],
    [
      63.00795,
      62.999645
    ],
    [
      62.958286,
      62.97373
    ],
    [
      62.806927,
      62.82719
    ],
    [
      62.723637,
      62.68325
    ],
    [
      62.835735,
      62.88691
    ],
    [
      62.949375,
      62.884884
    ],
    [
      62.86089,
      62.80494
    ]
  ],
  "fps" : 10,
  "frameCount" : 12,
  "framesPath" : "releases\/qg-20260228-real-creatures\/runs\/qg-nnea-s300128\/62e6f686-d3a9-4890-bc09-140e68a02900\/frames.bin",
  "height" : 128,
  "palette" : "lenia-spectrum",
  "velocities" : [
    [
      0,
      0
    ],
    [
      -0.16802216,
      -0.20703888
    ],
    [
      -0.21717072,
      -0.20799637
    ],
    [
      0.44470596,
      0.47201157
    ],
    [
      -0.52737045,
      -0.6289215
    ],
    [
      0.032093048,
      0.1471138
    ],
    [
      -0.049663544,
      -0.025917053
    ],
    [
      -0.15135956,
      -0.14653778
    ],
    [
      -0.0832901,
      -0.14393997
    ],
    [
      0.112098694,
      0.20365906
    ],
    [
      0.11363983,
      -0.0020256042
    ],
    [
      -0.08848572,
      -0.07994461
    ]
  ],
  "width" : 128
}