{
  "backend" : "mlx",
  "channels" : 1,
  "connectivity" : [
    [
      3
    ]
  ],
  "flow" : {
    "dt" : 0.2,
    "n" : 2,
    "theta_A" : 2
  },
  "grid" : {
    "sx" : 128,
    "sy" : 128
  },
  "implementation" : {
    "mode" : "paper"
  },
  "init" : {
    "a_uniform" : {
      "high" : 1,
      "low" : 0
    },
    "p_uniform" : {
      "high" : 1,
      "low" : 0
    },
    "patches" : [
      {
        "center" : [
          32,
          32
        ],
        "size" : 24
      },
      {
        "center" : [
          96,
          96
        ],
        "size" : 24
      }
    ],
    "seed" : 300167
  },
  "interventions" : [

  ],
  "parameter_embedding" : {
    "enabled" : true,
    "mix" : "stoch",
    "mix_seed" : 42
  },
  "params" : {
    "R" : 17.276264,
    "a" : [
      [
        0.75565165,
        0.054472685,
        0.99206746
      ],
      [
        0.42336452,
        0.7902369,
        0.98847866
      ],
      [
        0.60967875,
        0.8344127,
        0.060475886
      ]
    ],
    "b" : [
      [
        0.15886724,
        0.080902696,
        0.8713761
      ],
      [
        0.40013337,
        0.96996194,
        0.19407862
      ],
      [
        0.9664314,
        0.00789398,
        0.40797216
      ]
    ],
    "h" : [
      0.084995806,
      0.6613522,
      0.84012395
    ],
    "m" : [
      0.4268494,
      0.27137622,
      0.20494199
    ],
    "mode" : "explicit",
    "r" : [
      0.5441944,
      0.49210662,
      0.588036
    ],
    "s" : [
      0.1921788,
      0.12316284,
      0.11521119
    ],
    "w" : [
      [
        0.16438894,
        0.14809722,
        0.47660792
      ],
      [
        0.10792657,
        0.11416182,
        0.07786978
      ],
      [
        0.4514597,
        0.06937937,
        0.085042514
      ]
    ]
  },
  "profile" : "experimental",
  "reintegration" : {
    "border" : "torus",
    "dd" : 5,
    "sigma" : 0.65
  },
  "run" : {
    "steps" : 500
  }
}