{
  "centroids" : [
    [
      64.024,
      64.1098
    ],
    [
      64.2488,
      64.35667
    ],
    [
      64.137,
      64.217354
    ],
    [
      63.789825,
      63.96373
    ],
    [
      63.81438,
      63.889465
    ],
    [
      64.06958,
      64.164894
    ],
    [
      64.06631,
      64.21264
    ],
    [
      63.983143,
      64.08903
    ],
    [
      64.037674,
      64.16437
    ],
    [
      63.77774,
      63.89079
    ],
    [
      63.73646,
      63.826492
    ],
    [
      63.99294,
      64.010666
    ]
  ],
  "fps" : 10,
  "frameCount" : 12,
  "framesPath" : "releases\/qg-20260228-real-creatures\/runs\/qg-nnea-s300160\/ef6c61d7-9f33-4870-a24f-216a8bb6e694\/frames.bin",
  "height" : 128,
  "palette" : "lenia-spectrum",
  "velocities" : [
    [
      0,
      0
    ],
    [
      0.22480011,
      0.24686432
    ],
    [
      -0.11180115,
      -0.13931274
    ],
    [
      -0.3471756,
      -0.25362396
    ],
    [
      0.024555206,
      -0.07426453
    ],
    [
      0.25519943,
      0.27542877
    ],
    [
      -0.0032730103,
      0.04774475
    ],
    [
      -0.083164215,
      -0.12361145
    ],
    [
      0.054531097,
      0.07534027
    ],
    [
      -0.25993347,
      -0.27357864
    ],
    [
      -0.04127884,
      -0.06429672
    ],
    [
      0.25647736,
      0.18417358
    ]
  ],
  "width" : 128
}