{
  "backend" : "mlx",
  "channels" : 1,
  "connectivity" : [
    [
      3
    ]
  ],
  "flow" : {
    "dt" : 0.2,
    "n" : 2,
    "theta_A" : 2
  },
  "grid" : {
    "sx" : 128,
    "sy" : 128
  },
  "implementation" : {
    "mode" : "paper"
  },
  "init" : {
    "a_uniform" : {
      "high" : 1,
      "low" : 0
    },
    "p_uniform" : {
      "high" : 1,
      "low" : 0
    },
    "patches" : [
      {
        "center" : [
          32,
          32
        ],
        "size" : 24
      },
      {
        "center" : [
          96,
          96
        ],
        "size" : 24
      }
    ],
    "seed" : 300193
  },
  "interventions" : [

  ],
  "parameter_embedding" : {
    "enabled" : true,
    "mix" : "stoch",
    "mix_seed" : 42
  },
  "params" : {
    "R" : 12.705536,
    "a" : [
      [
        0.22295946,
        0.91101015,
        0.054348826
      ],
      [
        0.7095941,
        0.8084156,
        0.91917235
      ],
      [
        0.37939757,
        0.8813979,
        0.3800553
      ]
    ],
    "b" : [
      [
        0.94249684,
        0.1179409,
        0.2473923
      ],
      [
        0.97490436,
        0.4485687,
        0.69767755
      ],
      [
        0.27717125,
        0.38279855,
        0.28327072
      ]
    ],
    "h" : [
      0.82105327,
      0.58429456,
      0.3312338
    ],
    "m" : [
      0.42239127,
      0.47414237,
      0.49399093
    ],
    "mode" : "explicit",
    "r" : [
      0.6320228,
      0.97517127,
      0.37132293
    ],
    "s" : [
      0.019696461,
      0.0969834,
      0.025297638
    ],
    "w" : [
      [
        0.25116456,
        0.043680385,
        0.22930196
      ],
      [
        0.44873822,
        0.21831766,
        0.20644327
      ],
      [
        0.30231103,
        0.12547,
        0.3746233
      ]
    ]
  },
  "profile" : "experimental",
  "reintegration" : {
    "border" : "torus",
    "dd" : 5,
    "sigma" : 0.65
  },
  "run" : {
    "steps" : 500
  }
}