{
  "centroids" : [
    [
      62.63503,
      62.412174
    ],
    [
      62.706814,
      62.518375
    ],
    [
      62.863804,
      62.68964
    ],
    [
      62.903675,
      62.70908
    ],
    [
      62.773457,
      62.64576
    ],
    [
      62.517014,
      62.45527
    ],
    [
      62.45688,
      62.447403
    ],
    [
      62.493057,
      62.48261
    ],
    [
      62.411808,
      62.43001
    ],
    [
      62.566326,
      62.57496
    ],
    [
      62.63955,
      62.65128
    ],
    [
      62.6505,
      62.668533
    ]
  ],
  "fps" : 10,
  "frameCount" : 12,
  "framesPath" : "releases\/qg-20260228-real-creatures\/runs\/qg-nnea-s300192\/38af1a2f-55f2-4f59-96ca-d13c75399a99\/frames.bin",
  "height" : 128,
  "palette" : "lenia-spectrum",
  "velocities" : [
    [
      0,
      0
    ],
    [
      0.07178497,
      0.10620117
    ],
    [
      0.15699005,
      0.17126465
    ],
    [
      0.039871216,
      0.019439697
    ],
    [
      -0.1302185,
      -0.06332016
    ],
    [
      -0.25644302,
      -0.19049072
    ],
    [
      -0.060134888,
      -0.007865906
    ],
    [
      0.03617859,
      0.03520584
    ],
    [
      -0.08124924,
      -0.052597046
    ],
    [
      0.15451813,
      0.14494705
    ],
    [
      0.073223114,
      0.07632065
    ],
    [
      0.010951996,
      0.017253876
    ]
  ],
  "width" : 128
}