{
  "backend" : "mlx",
  "channels" : 1,
  "connectivity" : [
    [
      3
    ]
  ],
  "flow" : {
    "dt" : 0.2,
    "n" : 2,
    "theta_A" : 2
  },
  "grid" : {
    "sx" : 128,
    "sy" : 128
  },
  "implementation" : {
    "mode" : "paper"
  },
  "init" : {
    "a_uniform" : {
      "high" : 1,
      "low" : 0
    },
    "p_uniform" : {
      "high" : 1,
      "low" : 0
    },
    "patches" : [
      {
        "center" : [
          32,
          32
        ],
        "size" : 24
      },
      {
        "center" : [
          96,
          96
        ],
        "size" : 24
      }
    ],
    "seed" : 300037
  },
  "interventions" : [

  ],
  "parameter_embedding" : {
    "enabled" : true,
    "mix" : "stoch",
    "mix_seed" : 42
  },
  "params" : {
    "R" : 17.772484,
    "a" : [
      [
        0.5068677,
        0.3229115,
        0.9953919
      ],
      [
        0.50309616,
        0.6117872,
        0.6086177
      ],
      [
        0.20305878,
        0.24534583,
        0.7220323
      ]
    ],
    "b" : [
      [
        0.7519209,
        0.9838082,
        0.66409385
      ],
      [
        0.78741693,
        0.3493359,
        0.85989326
      ],
      [
        0.6982079,
        0.36347067,
        0.32560426
      ]
    ],
    "h" : [
      0.29459792,
      0.93075716,
      0.8966767
    ],
    "m" : [
      0.110427946,
      0.14144395,
      0.08908501
    ],
    "mode" : "explicit",
    "r" : [
      0.7236075,
      0.5018664,
      0.3913474
    ],
    "s" : [
      0.0013944128,
      0.065443516,
      0.013727699
    ],
    "w" : [
      [
        0.052193113,
        0.14300445,
        0.29936102
      ],
      [
        0.18384321,
        0.26256302,
        0.49641988
      ],
      [
        0.4186759,
        0.46577346,
        0.34706774
      ]
    ]
  },
  "profile" : "experimental",
  "reintegration" : {
    "border" : "torus",
    "dd" : 5,
    "sigma" : 0.65
  },
  "run" : {
    "steps" : 500
  }
}