{
  "centroids" : [
    [
      63.51385,
      63.729855
    ],
    [
      63.506523,
      63.73352
    ],
    [
      63.728725,
      63.92828
    ],
    [
      63.7445,
      63.9816
    ],
    [
      63.685055,
      63.95021
    ],
    [
      63.683266,
      63.969433
    ],
    [
      63.665283,
      63.969822
    ],
    [
      63.632755,
      63.93941
    ],
    [
      63.65324,
      63.972195
    ],
    [
      63.687836,
      64.00345
    ],
    [
      63.70969,
      64.01784
    ],
    [
      63.65906,
      63.965206
    ]
  ],
  "fps" : 10,
  "frameCount" : 12,
  "framesPath" : "releases\/qg-20260228-real-creatures\/runs\/qg-nnea-s300032\/eb892103-568a-4a6f-9609-581048f37474\/frames.bin",
  "height" : 128,
  "palette" : "lenia-spectrum",
  "velocities" : [
    [
      0,
      0
    ],
    [
      -0.0073280334,
      0.003665924
    ],
    [
      0.2222023,
      0.19475937
    ],
    [
      0.015773773,
      0.05332184
    ],
    [
      -0.059444427,
      -0.031391144
    ],
    [
      -0.001789093,
      0.01922226
    ],
    [
      -0.017982483,
      0.00038909912
    ],
    [
      -0.032527924,
      -0.030410767
    ],
    [
      0.020484924,
      0.03278351
    ],
    [
      0.03459549,
      0.031253815
    ],
    [
      0.0218544,
      0.014389038
    ],
    [
      -0.050628662,
      -0.05263138
    ]
  ],
  "width" : 128
}