{
  "backend" : "mlx",
  "channels" : 1,
  "connectivity" : [
    [
      3
    ]
  ],
  "flow" : {
    "dt" : 0.2,
    "n" : 2,
    "theta_A" : 2
  },
  "grid" : {
    "sx" : 128,
    "sy" : 128
  },
  "implementation" : {
    "mode" : "paper"
  },
  "init" : {
    "a_uniform" : {
      "high" : 1,
      "low" : 0
    },
    "p_uniform" : {
      "high" : 1,
      "low" : 0
    },
    "patches" : [
      {
        "center" : [
          32,
          32
        ],
        "size" : 24
      },
      {
        "center" : [
          96,
          96
        ],
        "size" : 24
      }
    ],
    "seed" : 300162
  },
  "interventions" : [

  ],
  "parameter_embedding" : {
    "enabled" : true,
    "mix" : "stoch",
    "mix_seed" : 42
  },
  "params" : {
    "R" : 7.6912227,
    "a" : [
      [
        0.9073345,
        0.086651325,
        0.3849694
      ],
      [
        0.87929827,
        0.50300086,
        0.59675115
      ],
      [
        0.19807857,
        0.12733442,
        0.96856827
      ]
    ],
    "b" : [
      [
        0.46344095,
        0.97403675,
        0.44575715
      ],
      [
        0.4494208,
        0.12281346,
        0.50172645
      ],
      [
        0.4665382,
        0.1964894,
        0.1070987
      ]
    ],
    "h" : [
      0.321383,
      0.19960374,
      0.2783779
    ],
    "m" : [
      0.21812938,
      0.27945873,
      0.25574443
    ],
    "mode" : "explicit",
    "r" : [
      0.4488892,
      0.3814115,
      0.66383326
    ],
    "s" : [
      0.084409274,
      0.09252633,
      0.009478593
    ],
    "w" : [
      [
        0.35073605,
        0.13837491,
        0.47055167
      ],
      [
        0.12988473,
        0.26035944,
        0.3061854
      ],
      [
        0.042277843,
        0.32894263,
        0.039551202
      ]
    ]
  },
  "profile" : "experimental",
  "reintegration" : {
    "border" : "torus",
    "dd" : 5,
    "sigma" : 0.65
  },
  "run" : {
    "steps" : 500
  }
}