{
  "centroids" : [
    [
      63.321594,
      63.644066
    ],
    [
      62.933952,
      63.399094
    ],
    [
      63.47599,
      63.80051
    ],
    [
      63.511528,
      63.951065
    ],
    [
      64.00311,
      64.279045
    ],
    [
      64.06721,
      64.083176
    ],
    [
      63.96206,
      64.0146
    ],
    [
      63.71187,
      63.774796
    ],
    [
      64.200264,
      64.263245
    ],
    [
      64.055595,
      64.16437
    ],
    [
      64.21538,
      64.23667
    ],
    [
      64.43957,
      64.4625
    ]
  ],
  "fps" : 10,
  "frameCount" : 12,
  "framesPath" : "releases\/qg-20260228-real-creatures\/runs\/qg-nnea-s300160\/2128dc2d-a104-4d08-a1f3-1eb5da7cfde7\/frames.bin",
  "height" : 128,
  "palette" : "lenia-spectrum",
  "velocities" : [
    [
      0,
      0
    ],
    [
      -0.3876419,
      -0.24497223
    ],
    [
      0.54203796,
      0.40141678
    ],
    [
      0.03553772,
      0.15055466
    ],
    [
      0.49158478,
      0.32798004
    ],
    [
      0.06409454,
      -0.19586945
    ],
    [
      -0.105148315,
      -0.068573
    ],
    [
      -0.25019073,
      -0.23980713
    ],
    [
      0.4883957,
      0.4884491
    ],
    [
      -0.14466858,
      -0.09887695
    ],
    [
      0.15978241,
      0.07230377
    ],
    [
      0.22418976,
      0.22583008
    ]
  ],
  "width" : 128
}