{
  "centroids" : [
    [
      63.813107,
      63.752384
    ],
    [
      63.683846,
      63.63758
    ],
    [
      63.63208,
      63.57587
    ],
    [
      63.490395,
      63.41347
    ],
    [
      63.45031,
      63.35538
    ],
    [
      63.367664,
      63.30685
    ],
    [
      63.345818,
      63.302887
    ],
    [
      63.316982,
      63.299072
    ],
    [
      63.337784,
      63.308655
    ],
    [
      63.339523,
      63.29868
    ],
    [
      63.347992,
      63.286983
    ],
    [
      63.347492,
      63.272
    ]
  ],
  "fps" : 10,
  "frameCount" : 12,
  "framesPath" : "releases\/qg-20260228-real-creatures\/runs\/qg-nnea-s300160\/22e57f03-4d81-4cee-be1e-7a7e18c35505\/frames.bin",
  "height" : 128,
  "palette" : "lenia-spectrum",
  "velocities" : [
    [
      0,
      0
    ],
    [
      -0.12926102,
      -0.114803314
    ],
    [
      -0.051765442,
      -0.061710358
    ],
    [
      -0.14168549,
      -0.16239929
    ],
    [
      -0.04008484,
      -0.05809021
    ],
    [
      -0.082645416,
      -0.04853058
    ],
    [
      -0.021846771,
      -0.0039634705
    ],
    [
      -0.028835297,
      -0.0038146973
    ],
    [
      0.020801544,
      0.0095825195
    ],
    [
      0.001739502,
      -0.009975433
    ],
    [
      0.008468628,
      -0.011695862
    ],
    [
      -0.00049972534,
      -0.014984131
    ]
  ],
  "width" : 128
}