{
  "backend" : "mlx",
  "channels" : 1,
  "connectivity" : [
    [
      3
    ]
  ],
  "flow" : {
    "dt" : 0.2,
    "n" : 2,
    "theta_A" : 2
  },
  "grid" : {
    "sx" : 128,
    "sy" : 128
  },
  "implementation" : {
    "mode" : "paper"
  },
  "init" : {
    "a_uniform" : {
      "high" : 1,
      "low" : 0
    },
    "p_uniform" : {
      "high" : 1,
      "low" : 0
    },
    "patches" : [
      {
        "center" : [
          32,
          32
        ],
        "size" : 24
      },
      {
        "center" : [
          96,
          96
        ],
        "size" : 24
      }
    ],
    "seed" : 300154
  },
  "interventions" : [

  ],
  "parameter_embedding" : {
    "enabled" : true,
    "mix" : "stoch",
    "mix_seed" : 42
  },
  "params" : {
    "R" : 10.344482,
    "a" : [
      [
        0.45804936,
        0.925903,
        0.5477998
      ],
      [
        0.006248653,
        0.21608728,
        0.04438305
      ],
      [
        0.8574373,
        0.97533965,
        0.9742352
      ]
    ],
    "b" : [
      [
        0.16009742,
        0.013432026,
        0.05108589
      ],
      [
        0.7821277,
        0.106377184,
        0.45094478
      ],
      [
        0.86283374,
        0.7562476,
        0.3435713
      ]
    ],
    "h" : [
      0.8454789,
      0.95625204,
      0.187177
    ],
    "m" : [
      0.46007922,
      0.46335495,
      0.15233813
    ],
    "mode" : "explicit",
    "r" : [
      0.21460615,
      0.36649406,
      0.54616517
    ],
    "s" : [
      0.13429666,
      0.15958901,
      0.07909108
    ],
    "w" : [
      [
        0.06450805,
        0.43466052,
        0.33524132
      ],
      [
        0.10903512,
        0.4442616,
        0.2611043
      ],
      [
        0.45427948,
        0.29901057,
        0.4783793
      ]
    ]
  },
  "profile" : "experimental",
  "reintegration" : {
    "border" : "torus",
    "dd" : 5,
    "sigma" : 0.65
  },
  "run" : {
    "steps" : 500
  }
}