{
  "centroids" : [
    [
      62.927467,
      62.7681
    ],
    [
      62.888657,
      62.73269
    ],
    [
      62.8593,
      62.69177
    ],
    [
      62.85558,
      62.657024
    ],
    [
      62.859047,
      62.64847
    ],
    [
      62.85104,
      62.633377
    ],
    [
      62.848972,
      62.619728
    ],
    [
      62.85345,
      62.608803
    ],
    [
      62.84294,
      62.599873
    ],
    [
      62.838703,
      62.59
    ],
    [
      62.830334,
      62.566284
    ],
    [
      62.840073,
      62.565956
    ]
  ],
  "fps" : 10,
  "frameCount" : 12,
  "framesPath" : "releases\/qg-20260228-real-creatures\/runs\/qg-nnea-s300128\/9cb36b5b-b6b2-4869-9463-8e8b17802ff6\/frames.bin",
  "height" : 128,
  "palette" : "lenia-spectrum",
  "velocities" : [
    [
      0,
      0
    ],
    [
      -0.03881073,
      -0.035411835
    ],
    [
      -0.02935791,
      -0.040920258
    ],
    [
      -0.0037193298,
      -0.034744263
    ],
    [
      0.0034675598,
      -0.008552551
    ],
    [
      -0.00800705,
      -0.015094757
    ],
    [
      -0.002067566,
      -0.013648987
    ],
    [
      0.0044784546,
      -0.010925293
    ],
    [
      -0.010509491,
      -0.008930206
    ],
    [
      -0.0042381287,
      -0.0098724365
    ],
    [
      -0.008369446,
      -0.023715973
    ],
    [
      0.009738922,
      -0.00032806396
    ]
  ],
  "width" : 128
}