{
  "centroids" : [
    [
      63.581318,
      63.416386
    ],
    [
      63.626625,
      63.429504
    ],
    [
      63.565605,
      63.40903
    ],
    [
      63.55041,
      63.292774
    ],
    [
      63.64769,
      63.40648
    ],
    [
      63.589092,
      63.341843
    ],
    [
      63.628,
      63.28708
    ],
    [
      63.719955,
      63.383373
    ],
    [
      63.659,
      63.35606
    ],
    [
      63.69106,
      63.39481
    ],
    [
      63.68871,
      63.45598
    ],
    [
      63.825954,
      63.57863
    ]
  ],
  "fps" : 10,
  "frameCount" : 12,
  "framesPath" : "releases\/qg-20260228-real-creatures\/runs\/qg-nnea-s300064\/d3515b4a-dd95-4e6a-9042-ac679735d25c\/frames.bin",
  "height" : 128,
  "palette" : "lenia-spectrum",
  "velocities" : [
    [
      0,
      0
    ],
    [
      0.04530716,
      0.013118744
    ],
    [
      -0.061019897,
      -0.02047348
    ],
    [
      -0.015193939,
      -0.116256714
    ],
    [
      0.097278595,
      0.11370468
    ],
    [
      -0.058597565,
      -0.06463623
    ],
    [
      0.038906097,
      -0.054763794
    ],
    [
      0.09195709,
      0.0962944
    ],
    [
      -0.060955048,
      -0.027313232
    ],
    [
      0.032058716,
      0.038749695
    ],
    [
      -0.0023498535,
      0.06116867
    ],
    [
      0.13724518,
      0.12265015
    ]
  ],
  "width" : 128
}