{
  "backend" : "mlx",
  "channels" : 1,
  "connectivity" : [
    [
      3
    ]
  ],
  "flow" : {
    "dt" : 0.2,
    "n" : 2,
    "theta_A" : 2
  },
  "grid" : {
    "sx" : 128,
    "sy" : 128
  },
  "implementation" : {
    "mode" : "paper"
  },
  "init" : {
    "a_uniform" : {
      "high" : 1,
      "low" : 0
    },
    "p_uniform" : {
      "high" : 1,
      "low" : 0
    },
    "patches" : [
      {
        "center" : [
          32,
          32
        ],
        "size" : 24
      },
      {
        "center" : [
          96,
          96
        ],
        "size" : 24
      }
    ],
    "seed" : 300000
  },
  "interventions" : [

  ],
  "parameter_embedding" : {
    "enabled" : true,
    "mix" : "stoch",
    "mix_seed" : 42
  },
  "params" : {
    "R" : 10.827522,
    "a" : [
      [
        0.9518239,
        0.053204417,
        0.5082573
      ],
      [
        0.35468203,
        0.25601768,
        0.37179196
      ],
      [
        0.9879734,
        0.23288667,
        0.12978661
      ]
    ],
    "b" : [
      [
        0.3527584,
        0.02659905,
        0.7234133
      ],
      [
        0.4468397,
        0.39663213,
        0.15060854
      ],
      [
        0.13239306,
        0.35922897,
        0.3426147
      ]
    ],
    "h" : [
      0.70670766,
      0.6869675,
      0.73098534
    ],
    "m" : [
      0.49267915,
      0.3520106,
      0.45008183
    ],
    "mode" : "explicit",
    "r" : [
      0.43799323,
      0.46919912,
      0.96365666
    ],
    "s" : [
      0.18552515,
      0.034431744,
      0.071365185
    ],
    "w" : [
      [
        0.1458931,
        0.050708875,
        0.0847874
      ],
      [
        0.17953224,
        0.4759346,
        0.26371327
      ],
      [
        0.103712834,
        0.03327337,
        0.30945116
      ]
    ]
  },
  "profile" : "experimental",
  "reintegration" : {
    "border" : "torus",
    "dd" : 5,
    "sigma" : 0.65
  },
  "run" : {
    "steps" : 500
  }
}