{
  "centroids" : [
    [
      64.05215,
      63.949448
    ],
    [
      63.86683,
      63.732735
    ],
    [
      63.727856,
      63.6249
    ],
    [
      63.685837,
      63.583874
    ],
    [
      63.703297,
      63.6047
    ],
    [
      63.694458,
      63.641502
    ],
    [
      63.67969,
      63.64318
    ],
    [
      63.651653,
      63.638367
    ],
    [
      63.66147,
      63.6478
    ],
    [
      63.69937,
      63.682083
    ],
    [
      63.759056,
      63.740128
    ],
    [
      63.828884,
      63.808712
    ]
  ],
  "fps" : 10,
  "frameCount" : 12,
  "framesPath" : "releases\/qg-20260228-real-creatures\/runs\/qg-nnea-s300000\/64d5d1cd-4044-40ed-a8af-b1f18e3466b2\/frames.bin",
  "height" : 128,
  "palette" : "lenia-spectrum",
  "velocities" : [
    [
      0,
      0
    ],
    [
      -0.185318,
      -0.21671295
    ],
    [
      -0.13897324,
      -0.10783386
    ],
    [
      -0.04201889,
      -0.04102707
    ],
    [
      0.01745987,
      0.020824432
    ],
    [
      -0.008838654,
      0.0368042
    ],
    [
      -0.014766693,
      0.0016784668
    ],
    [
      -0.028038025,
      -0.004814148
    ],
    [
      0.009815216,
      0.009433746
    ],
    [
      0.037902832,
      0.034282684
    ],
    [
      0.059684753,
      0.058044434
    ],
    [
      0.06982803,
      0.06858444
    ]
  ],
  "width" : 128
}