{
  "backend" : "mlx",
  "channels" : 1,
  "connectivity" : [
    [
      3
    ]
  ],
  "flow" : {
    "dt" : 0.2,
    "n" : 2,
    "theta_A" : 2
  },
  "grid" : {
    "sx" : 128,
    "sy" : 128
  },
  "implementation" : {
    "mode" : "paper"
  },
  "init" : {
    "a_uniform" : {
      "high" : 1,
      "low" : 0
    },
    "p_uniform" : {
      "high" : 1,
      "low" : 0
    },
    "patches" : [
      {
        "center" : [
          32,
          32
        ],
        "size" : 24
      },
      {
        "center" : [
          96,
          96
        ],
        "size" : 24
      }
    ],
    "seed" : 300056
  },
  "interventions" : [

  ],
  "parameter_embedding" : {
    "enabled" : true,
    "mix" : "stoch",
    "mix_seed" : 42
  },
  "params" : {
    "R" : 12.884807,
    "a" : [
      [
        0.8445116,
        0.03596711,
        0.41594362
      ],
      [
        0.1132043,
        0.2257452,
        0.8453638
      ],
      [
        0.20004123,
        0.06741977,
        0.11521578
      ]
    ],
    "b" : [
      [
        0.39886183,
        0.047489047,
        0.27574462
      ],
      [
        0.3526826,
        0.35487854,
        0.9705316
      ],
      [
        0.9631913,
        0.9190319,
        0.6895003
      ]
    ],
    "h" : [
      0.7288022,
      0.7213352,
      0.5000356
    ],
    "m" : [
      0.40766048,
      0.18574771,
      0.46061093
    ],
    "mode" : "explicit",
    "r" : [
      0.70334303,
      0.67755854,
      0.26730904
    ],
    "s" : [
      0.012468762,
      0.09601466,
      0.0033865813
    ],
    "w" : [
      [
        0.38753676,
        0.042179413,
        0.31696433
      ],
      [
        0.03909199,
        0.10796025,
        0.30570525
      ],
      [
        0.21849798,
        0.13236463,
        0.20933828
      ]
    ]
  },
  "profile" : "experimental",
  "reintegration" : {
    "border" : "torus",
    "dd" : 5,
    "sigma" : 0.65
  },
  "run" : {
    "steps" : 500
  }
}