{
  "centroids" : [
    [
      63.301754,
      63.58547
    ],
    [
      63.204903,
      63.50148
    ],
    [
      63.213062,
      63.521797
    ],
    [
      63.06472,
      63.38418
    ],
    [
      63.075356,
      63.424606
    ],
    [
      63.0366,
      63.42107
    ],
    [
      62.999535,
      63.40875
    ],
    [
      62.99319,
      63.40593
    ],
    [
      62.982483,
      63.409634
    ],
    [
      62.98817,
      63.408306
    ],
    [
      62.980206,
      63.39743
    ],
    [
      62.96779,
      63.38061
    ]
  ],
  "fps" : 10,
  "frameCount" : 12,
  "framesPath" : "releases\/qg-20260228-real-creatures\/runs\/qg-nnea-s300032\/d2dc561a-4810-49c4-9fed-f0b3068ea51b\/frames.bin",
  "height" : 128,
  "palette" : "lenia-spectrum",
  "velocities" : [
    [
      0,
      0
    ],
    [
      -0.09685135,
      -0.08398819
    ],
    [
      0.008159637,
      0.020317078
    ],
    [
      -0.14834213,
      -0.13761902
    ],
    [
      0.010635376,
      0.04042816
    ],
    [
      -0.038757324,
      -0.0035362244
    ],
    [
      -0.0370636,
      -0.012321472
    ],
    [
      -0.0063438416,
      -0.0028190613
    ],
    [
      -0.010707855,
      0.003704071
    ],
    [
      0.0056877136,
      -0.0013275146
    ],
    [
      -0.007965088,
      -0.010875702
    ],
    [
      -0.01241684,
      -0.016819
    ]
  ],
  "width" : 128
}