{
  "backend" : "mlx",
  "channels" : 1,
  "connectivity" : [
    [
      3
    ]
  ],
  "flow" : {
    "dt" : 0.2,
    "n" : 2,
    "theta_A" : 2
  },
  "grid" : {
    "sx" : 128,
    "sy" : 128
  },
  "implementation" : {
    "mode" : "paper"
  },
  "init" : {
    "a_uniform" : {
      "high" : 1,
      "low" : 0
    },
    "p_uniform" : {
      "high" : 1,
      "low" : 0
    },
    "patches" : [
      {
        "center" : [
          32,
          32
        ],
        "size" : 24
      },
      {
        "center" : [
          96,
          96
        ],
        "size" : 24
      }
    ],
    "seed" : 300195
  },
  "interventions" : [

  ],
  "parameter_embedding" : {
    "enabled" : true,
    "mix" : "stoch",
    "mix_seed" : 42
  },
  "params" : {
    "R" : 14.7805,
    "a" : [
      [
        0.8295809,
        0.986263,
        0.2881834
      ],
      [
        0.5814535,
        0.7089262,
        0.7478757
      ],
      [
        0.51585466,
        0.45761383,
        0.027086556
      ]
    ],
    "b" : [
      [
        0.2350455,
        0.0939188,
        0.30973786
      ],
      [
        0.4725328,
        0.86921275,
        0.37251264
      ],
      [
        0.27751106,
        0.9237186,
        0.65758264
      ]
    ],
    "h" : [
      0.2643937,
      0.45665926,
      0.30694807
    ],
    "m" : [
      0.12027557,
      0.18373753,
      0.3161766
    ],
    "mode" : "explicit",
    "r" : [
      0.41063088,
      0.827585,
      0.6402615
    ],
    "s" : [
      0.13401988,
      0.100268185,
      0.029096086
    ],
    "w" : [
      [
        0.439561,
        0.29019767,
        0.13961673
      ],
      [
        0.45754284,
        0.36195505,
        0.2787212
      ],
      [
        0.2700503,
        0.1465,
        0.21734847
      ]
    ]
  },
  "profile" : "experimental",
  "reintegration" : {
    "border" : "torus",
    "dd" : 5,
    "sigma" : 0.65
  },
  "run" : {
    "steps" : 500
  }
}