{
  "centroids" : [
    [
      64.346825,
      63.954487
    ],
    [
      64.43929,
      64.03313
    ],
    [
      64.27893,
      63.87835
    ],
    [
      64.13213,
      63.78494
    ],
    [
      64.67783,
      64.30746
    ],
    [
      64.75332,
      64.37122
    ],
    [
      64.70405,
      64.34812
    ],
    [
      64.66771,
      64.31889
    ],
    [
      64.77119,
      64.42171
    ],
    [
      64.886894,
      64.5975
    ],
    [
      64.598755,
      64.28749
    ],
    [
      64.57498,
      64.271645
    ]
  ],
  "fps" : 10,
  "frameCount" : 12,
  "framesPath" : "releases\/qg-20260228-real-creatures\/runs\/qg-nnea-s300192\/72c6a6d6-3b43-453d-911e-9375551eb7f3\/frames.bin",
  "height" : 128,
  "palette" : "lenia-spectrum",
  "velocities" : [
    [
      0,
      0
    ],
    [
      0.09246826,
      0.078639984
    ],
    [
      -0.16036224,
      -0.15477753
    ],
    [
      -0.14679718,
      -0.09341049
    ],
    [
      0.5457001,
      0.52251816
    ],
    [
      0.07548523,
      0.06376648
    ],
    [
      -0.04927063,
      -0.023101807
    ],
    [
      -0.036338806,
      -0.02922821
    ],
    [
      0.10347748,
      0.10281372
    ],
    [
      0.1157074,
      0.17579651
    ],
    [
      -0.28813934,
      -0.31001282
    ],
    [
      -0.023773193,
      -0.015846252
    ]
  ],
  "width" : 128
}