{
  "backend" : "mlx",
  "beam_mutation" : {
    "enabled" : true,
    "patch_size" : 10,
    "probability" : 0.02,
    "seed" : 99,
    "std" : 0.1
  },
  "channels" : 1,
  "connectivity" : [
    [
      3
    ]
  ],
  "environment" : {
    "depth" : 2,
    "passage_width" : 6,
    "type" : "cross_map",
    "wall_thickness" : 3,
    "wall_value" : -10
  },
  "flow" : {
    "dt" : 0.2,
    "n" : 2,
    "theta_A" : 2
  },
  "grid" : {
    "sx" : 128,
    "sy" : 128
  },
  "implementation" : {
    "mode" : "paper"
  },
  "init" : {
    "a_uniform" : {
      "high" : 1,
      "low" : 0
    },
    "p_uniform" : {
      "high" : 1,
      "low" : 0
    },
    "patches" : [
      {
        "center" : [
          32,
          32
        ],
        "size" : 20
      },
      {
        "center" : [
          96,
          32
        ],
        "size" : 20
      },
      {
        "center" : [
          32,
          96
        ],
        "size" : 20
      },
      {
        "center" : [
          96,
          96
        ],
        "size" : 20
      }
    ],
    "seed" : 17
  },
  "interventions" : [

  ],
  "parameter_embedding" : {
    "enabled" : true,
    "mix" : "stoch_gene_wise",
    "mix_seed" : 42
  },
  "params" : {
    "R" : 15.521389,
    "a" : [
      [
        0.003229022,
        0.7816498,
        0.39179635
      ],
      [
        0.8042437,
        0.46122032,
        0.5781281
      ],
      [
        0.34723532,
        0.24085277,
        0.3999492
      ]
    ],
    "b" : [
      [
        0.5585165,
        0.9613362,
        0.89366454
      ],
      [
        0.7772591,
        0.11294216,
        0.22866422
      ],
      [
        0.9509752,
        0.531295,
        0.95264405
      ]
    ],
    "h" : [
      0.5676733,
      0.056025207,
      0.2979203
    ],
    "m" : [
      0.42105997,
      0.4493774,
      0.29799
    ],
    "mode" : "explicit",
    "r" : [
      0.3465265,
      0.76534337,
      0.20883918
    ],
    "s" : [
      0.009910049,
      0.16815366,
      0.10457563
    ],
    "w" : [
      [
        0.22416265,
        0.038046934,
        0.3955013
      ],
      [
        0.49896055,
        0.16530152,
        0.31903437
      ],
      [
        0.49309513,
        0.22854032,
        0.14334476
      ]
    ]
  },
  "profile" : "experimental",
  "reintegration" : {
    "border" : "wall",
    "dd" : 5,
    "sigma" : 0.65
  },
  "run" : {
    "steps" : 500
  }
}