{
  "backend" : "mlx",
  "channels" : 1,
  "connectivity" : [
    [
      3
    ]
  ],
  "flow" : {
    "dt" : 0.2,
    "n" : 2,
    "theta_A" : 2
  },
  "grid" : {
    "sx" : 128,
    "sy" : 128
  },
  "implementation" : {
    "mode" : "paper"
  },
  "init" : {
    "a_uniform" : {
      "high" : 1,
      "low" : 0
    },
    "p_uniform" : {
      "high" : 1,
      "low" : 0
    },
    "patches" : [
      {
        "center" : [
          32,
          32
        ],
        "size" : 24
      },
      {
        "center" : [
          96,
          96
        ],
        "size" : 24
      }
    ],
    "seed" : 300131
  },
  "interventions" : [

  ],
  "parameter_embedding" : {
    "enabled" : true,
    "mix" : "stoch",
    "mix_seed" : 42
  },
  "params" : {
    "R" : 15.414741,
    "a" : [
      [
        0.36707926,
        0.70307,
        0.054282606
      ],
      [
        0.41033888,
        0.29033166,
        0.88928396
      ],
      [
        0.8783395,
        0.7398631,
        0.47863835
      ]
    ],
    "b" : [
      [
        0.22802854,
        0.18908858,
        0.5127463
      ],
      [
        0.50964594,
        0.61787665,
        0.6309583
      ],
      [
        0.3097304,
        0.37994194,
        0.49455893
      ]
    ],
    "h" : [
      0.41211438,
      0.8916905,
      0.44610554
    ],
    "m" : [
      0.18004784,
      0.4100722,
      0.1364694
    ],
    "mode" : "explicit",
    "r" : [
      0.96627295,
      0.9080595,
      0.6264087
    ],
    "s" : [
      0.19123586,
      0.05318094,
      0.08730722
    ],
    "w" : [
      [
        0.34727997,
        0.4791809,
        0.13317586
      ],
      [
        0.35957673,
        0.019613713,
        0.1768115
      ],
      [
        0.1278145,
        0.27564785,
        0.049724072
      ]
    ]
  },
  "profile" : "experimental",
  "reintegration" : {
    "border" : "torus",
    "dd" : 5,
    "sigma" : 0.65
  },
  "run" : {
    "steps" : 500
  }
}