{
  "centroids" : [
    [
      62.784676,
      62.7915
    ],
    [
      62.73596,
      62.745075
    ],
    [
      62.594517,
      62.59222
    ],
    [
      62.540817,
      62.533863
    ],
    [
      62.567116,
      62.53738
    ],
    [
      62.56578,
      62.523003
    ],
    [
      62.546593,
      62.504383
    ],
    [
      62.547478,
      62.496582
    ],
    [
      62.548428,
      62.494064
    ],
    [
      62.55858,
      62.497
    ],
    [
      62.56196,
      62.49802
    ],
    [
      62.56135,
      62.494602
    ]
  ],
  "fps" : 10,
  "frameCount" : 12,
  "framesPath" : "releases\/qg-20260228-real-creatures\/runs\/qg-nnea-s300128\/615d2835-8be7-411d-94ea-9feb96da787c\/frames.bin",
  "height" : 128,
  "palette" : "lenia-spectrum",
  "velocities" : [
    [
      0,
      0
    ],
    [
      -0.0487175,
      -0.046424866
    ],
    [
      -0.14144135,
      -0.15285492
    ],
    [
      -0.053699493,
      -0.05835724
    ],
    [
      0.026298523,
      0.0035171509
    ],
    [
      -0.001335144,
      -0.014377594
    ],
    [
      -0.019187927,
      -0.018619537
    ],
    [
      0.00088500977,
      -0.007801056
    ],
    [
      0.0009498596,
      -0.0025177002
    ],
    [
      0.010150909,
      0.002937317
    ],
    [
      0.0033798218,
      0.0010185242
    ],
    [
      -0.00060653687,
      -0.0034179688
    ]
  ],
  "width" : 128
}