{
  "centroids" : [
    [
      63.356213,
      64.48464
    ],
    [
      63.495174,
      64.301605
    ],
    [
      63.38307,
      64.22149
    ],
    [
      63.29998,
      64.3595
    ],
    [
      63.425426,
      64.4881
    ],
    [
      63.80262,
      64.41328
    ],
    [
      63.54772,
      64.889656
    ],
    [
      63.926987,
      65.03265
    ],
    [
      63.910477,
      64.91102
    ],
    [
      64.27402,
      65.196434
    ],
    [
      64.36797,
      65.169426
    ],
    [
      64.58791,
      65.5362
    ],
    [
      64.818596,
      65.53117
    ],
    [
      64.90103,
      65.613625
    ],
    [
      65.281235,
      65.82718
    ],
    [
      65.22451,
      66.10209
    ],
    [
      65.58774,
      66.09831
    ],
    [
      65.654724,
      66.24728
    ],
    [
      65.68892,
      66.6899
    ],
    [
      65.85837,
      66.89146
    ],
    [
      66.03156,
      66.91299
    ],
    [
      65.997116,
      67.0989
    ],
    [
      66.24935,
      66.97783
    ],
    [
      66.16213,
      67.31209
    ],
    [
      66.30923,
      67.372925
    ],
    [
      66.3621,
      67.33016
    ],
    [
      66.57687,
      67.347755
    ],
    [
      66.630775,
      67.42916
    ],
    [
      66.77469,
      67.318115
    ],
    [
      66.75997,
      67.46899
    ],
    [
      66.847275,
      67.5577
    ],
    [
      66.99774,
      67.55497
    ],
    [
      67.08953,
      67.67983
    ],
    [
      67.24737,
      67.562386
    ],
    [
      67.03663,
      67.6893
    ],
    [
      67.19069,
      67.87899
    ]
  ],
  "fps" : 12,
  "frameCount" : 36,
  "framesPath" : "releases\/discovery-20260306-movers\/runs\/crossmap-motion-c000-s0\/df8950a8-7ae6-46ea-b209-657ec1c9a41a\/frames.bin",
  "height" : 128,
  "palette" : "lenia-spectrum",
  "velocities" : [
    [
      0,
      0
    ],
    [
      0.13896179,
      -0.1830368
    ],
    [
      -0.11210251,
      -0.08011627
    ],
    [
      -0.083091736,
      0.13800812
    ],
    [
      0.12544632,
      0.12860107
    ],
    [
      0.37719345,
      -0.07482147
    ],
    [
      -0.25489807,
      0.4763794
    ],
    [
      0.37926483,
      0.14299774
    ],
    [
      -0.01651001,
      -0.12163544
    ],
    [
      0.36354065,
      0.28541565
    ],
    [
      0.09395599,
      -0.027008057
    ],
    [
      0.21994019,
      0.3667755
    ],
    [
      0.23068237,
      -0.005027771
    ],
    [
      0.08243561,
      0.08245087
    ],
    [
      0.38020325,
      0.21355438
    ],
    [
      -0.05672455,
      0.27490997
    ],
    [
      0.36322784,
      -0.0037765503
    ],
    [
      0.066986084,
      0.14896393
    ],
    [
      0.034194946,
      0.44262695
    ],
    [
      0.16944885,
      0.20155334
    ],
    [
      0.17319489,
      0.021530151
    ],
    [
      -0.034446716,
      0.18591309
    ],
    [
      0.2522354,
      -0.12107086
    ],
    [
      -0.08721924,
      0.33425903
    ],
    [
      0.14709473,
      0.060836792
    ],
    [
      0.052871704,
      -0.042762756
    ],
    [
      0.21477509,
      0.017593384
    ],
    [
      0.053901672,
      0.08140564
    ],
    [
      0.14391327,
      -0.11104584
    ],
    [
      -0.014717102,
      0.15087128
    ],
    [
      0.08730316,
      0.0887146
    ],
    [
      0.15046692,
      -0.0027313232
    ],
    [
      0.091789246,
      0.12486267
    ],
    [
      0.15783691,
      -0.1174469
    ],
    [
      -0.21073914,
      0.12691498
    ],
    [
      0.15406036,
      0.18968964
    ]
  ],
  "width" : 128
}