{
  "backend" : "mlx",
  "beam_mutation" : {
    "enabled" : true,
    "patch_size" : 10,
    "probability" : 0.02,
    "seed" : 99,
    "std" : 0.1
  },
  "channels" : 1,
  "connectivity" : [
    [
      3
    ]
  ],
  "environment" : {
    "depth" : 2,
    "passage_width" : 6,
    "type" : "cross_map",
    "wall_thickness" : 3,
    "wall_value" : -10
  },
  "flow" : {
    "dt" : 0.2,
    "n" : 2,
    "theta_A" : 2
  },
  "grid" : {
    "sx" : 128,
    "sy" : 128
  },
  "implementation" : {
    "mode" : "paper"
  },
  "init" : {
    "a_uniform" : {
      "high" : 1,
      "low" : 0
    },
    "p_uniform" : {
      "high" : 1,
      "low" : 0
    },
    "patches" : [
      {
        "center" : [
          32,
          32
        ],
        "size" : 20
      },
      {
        "center" : [
          96,
          32
        ],
        "size" : 20
      },
      {
        "center" : [
          32,
          96
        ],
        "size" : 20
      },
      {
        "center" : [
          96,
          96
        ],
        "size" : 20
      }
    ],
    "seed" : 58
  },
  "interventions" : [

  ],
  "parameter_embedding" : {
    "enabled" : true,
    "mix" : "stoch_gene_wise",
    "mix_seed" : 42
  },
  "params" : {
    "R" : 12.2795515,
    "a" : [
      [
        0.76834553,
        0.33512086,
        0.12460834
      ],
      [
        0.99642026,
        0.94880116,
        0.1591931
      ],
      [
        0.9710943,
        0.69199204,
        0.278311
      ]
    ],
    "b" : [
      [
        0.30576777,
        0.40052307,
        0.88257056
      ],
      [
        0.51354194,
        0.18738294,
        0.4136433
      ],
      [
        0.6938005,
        0.05198294,
        0.85896105
      ]
    ],
    "h" : [
      0.37003326,
      0.19983989,
      0.6190949
    ],
    "m" : [
      0.06341389,
      0.4577086,
      0.21166535
    ],
    "mode" : "explicit",
    "r" : [
      0.7501022,
      0.79094136,
      0.894895
    ],
    "s" : [
      0.010938687,
      0.039407726,
      0.0040094196
    ],
    "w" : [
      [
        0.241372,
        0.24285123,
        0.32847723
      ],
      [
        0.36317986,
        0.40484902,
        0.10510425
      ],
      [
        0.43850088,
        0.35079715,
        0.20165658
      ]
    ]
  },
  "profile" : "experimental",
  "reintegration" : {
    "border" : "wall",
    "dd" : 5,
    "sigma" : 0.65
  },
  "run" : {
    "steps" : 500
  }
}