{
  "centroids" : [
    [
      64.57653,
      64.60936
    ],
    [
      64.6875,
      64.71425
    ],
    [
      64.43745,
      64.48778
    ],
    [
      64.281,
      64.2338
    ],
    [
      64.200645,
      64.184265
    ],
    [
      64.31959,
      64.27712
    ],
    [
      64.170364,
      64.118996
    ],
    [
      64.05734,
      63.98773
    ],
    [
      64.16734,
      64.10647
    ],
    [
      64.08887,
      64.04295
    ],
    [
      64.211105,
      64.182945
    ],
    [
      64.15767,
      64.15486
    ]
  ],
  "fps" : 10,
  "frameCount" : 12,
  "framesPath" : "releases\/qg-20260228-real-creatures\/runs\/qg-nnea-s300064\/1dfd2d39-3017-49a3-93d6-2ddf36659a57\/frames.bin",
  "height" : 128,
  "palette" : "lenia-spectrum",
  "velocities" : [
    [
      0,
      0
    ],
    [
      0.11096954,
      0.104888916
    ],
    [
      -0.2500534,
      -0.22647095
    ],
    [
      -0.15644836,
      -0.2539749
    ],
    [
      -0.08035278,
      -0.04953766
    ],
    [
      0.11894226,
      0.09285736
    ],
    [
      -0.14922333,
      -0.15812683
    ],
    [
      -0.11302185,
      -0.13126755
    ],
    [
      0.11000061,
      0.11874008
    ],
    [
      -0.07847595,
      -0.06351471
    ],
    [
      0.12223816,
      0.13999176
    ],
    [
      -0.05343628,
      -0.028083801
    ]
  ],
  "width" : 128
}