{
  "backend" : "mlx",
  "beam_mutation" : {
    "enabled" : true,
    "patch_size" : 10,
    "probability" : 0.02,
    "seed" : 99,
    "std" : 0.1
  },
  "channels" : 1,
  "connectivity" : [
    [
      3
    ]
  ],
  "environment" : {
    "depth" : 2,
    "passage_width" : 6,
    "type" : "cross_map",
    "wall_thickness" : 3,
    "wall_value" : -10
  },
  "flow" : {
    "dt" : 0.2,
    "n" : 2,
    "theta_A" : 2
  },
  "grid" : {
    "sx" : 128,
    "sy" : 128
  },
  "implementation" : {
    "mode" : "paper"
  },
  "init" : {
    "a_uniform" : {
      "high" : 1,
      "low" : 0
    },
    "p_uniform" : {
      "high" : 1,
      "low" : 0
    },
    "patches" : [
      {
        "center" : [
          32,
          32
        ],
        "size" : 20
      },
      {
        "center" : [
          96,
          32
        ],
        "size" : 20
      },
      {
        "center" : [
          32,
          96
        ],
        "size" : 20
      },
      {
        "center" : [
          96,
          96
        ],
        "size" : 20
      }
    ],
    "seed" : 48
  },
  "interventions" : [

  ],
  "parameter_embedding" : {
    "enabled" : true,
    "mix" : "stoch_gene_wise",
    "mix_seed" : 42
  },
  "params" : {
    "R" : 4.3749776,
    "a" : [
      [
        0.23944175,
        0.8205479,
        0.24568087
      ],
      [
        0.27376682,
        0.45302117,
        0.53483796
      ],
      [
        0.33740157,
        0.7677791,
        0.6583247
      ]
    ],
    "b" : [
      [
        0.35789853,
        0.5789296,
        0.22872484
      ],
      [
        0.72339344,
        0.58208376,
        0.031219661
      ],
      [
        0.74725974,
        0.47836953,
        0.9289071
      ]
    ],
    "h" : [
      0.24063182,
      0.40648174,
      0.24569029
    ],
    "m" : [
      0.23856105,
      0.14599776,
      0.26015645
    ],
    "mode" : "explicit",
    "r" : [
      0.96884763,
      0.323536,
      0.7353989
    ],
    "s" : [
      0.07514626,
      0.05798172,
      0.15259214
    ],
    "w" : [
      [
        0.04263276,
        0.3653081,
        0.4436974
      ],
      [
        0.14053273,
        0.45289126,
        0.2645322
      ],
      [
        0.13821556,
        0.103813656,
        0.17616178
      ]
    ]
  },
  "profile" : "experimental",
  "reintegration" : {
    "border" : "wall",
    "dd" : 5,
    "sigma" : 0.65
  },
  "run" : {
    "steps" : 500
  }
}