{
  "backend" : "mlx",
  "channels" : 1,
  "connectivity" : [
    [
      3
    ]
  ],
  "flow" : {
    "dt" : 0.2,
    "n" : 2,
    "theta_A" : 2
  },
  "grid" : {
    "sx" : 128,
    "sy" : 128
  },
  "implementation" : {
    "mode" : "paper"
  },
  "init" : {
    "a_uniform" : {
      "high" : 1,
      "low" : 0
    },
    "p_uniform" : {
      "high" : 1,
      "low" : 0
    },
    "patches" : [
      {
        "center" : [
          32,
          32
        ],
        "size" : 24
      },
      {
        "center" : [
          96,
          96
        ],
        "size" : 24
      }
    ],
    "seed" : 300160
  },
  "interventions" : [

  ],
  "parameter_embedding" : {
    "enabled" : true,
    "mix" : "stoch",
    "mix_seed" : 42
  },
  "params" : {
    "R" : 4.9472823,
    "a" : [
      [
        0.010975361,
        0.19659287,
        0.37199068
      ],
      [
        0.72990805,
        0.990351,
        0.9358647
      ],
      [
        0.9802476,
        0.0106829405,
        0.9211836
      ]
    ],
    "b" : [
      [
        0.5690932,
        0.6631079,
        0.6365597
      ],
      [
        0.5302685,
        0.8331608,
        0.9068971
      ],
      [
        0.3500285,
        0.86203945,
        0.43309438
      ]
    ],
    "h" : [
      0.9769113,
      0.024823189,
      0.3173778
    ],
    "m" : [
      0.48850366,
      0.0564354,
      0.39717472
    ],
    "mode" : "explicit",
    "r" : [
      0.71740395,
      0.9714301,
      0.9989148
    ],
    "s" : [
      0.018832706,
      0.16004239,
      0.03981048
    ],
    "w" : [
      [
        0.07693018,
        0.44132632,
        0.16988136
      ],
      [
        0.2369139,
        0.19098225,
        0.13053302
      ],
      [
        0.28562206,
        0.11892542,
        0.37647128
      ]
    ]
  },
  "profile" : "experimental",
  "reintegration" : {
    "border" : "torus",
    "dd" : 5,
    "sigma" : 0.65
  },
  "run" : {
    "steps" : 500
  }
}