{
  "centroids" : [
    [
      63.312664,
      63.332413
    ],
    [
      63.352615,
      63.34932
    ],
    [
      63.53612,
      63.537975
    ],
    [
      63.4849,
      63.470222
    ],
    [
      63.442635,
      63.44558
    ],
    [
      63.449028,
      63.45636
    ],
    [
      63.452164,
      63.48151
    ],
    [
      63.40969,
      63.454205
    ],
    [
      63.40753,
      63.443993
    ],
    [
      63.39416,
      63.419476
    ],
    [
      63.395203,
      63.399326
    ],
    [
      63.399963,
      63.40219
    ]
  ],
  "fps" : 10,
  "frameCount" : 12,
  "framesPath" : "releases\/qg-20260228-real-creatures\/runs\/qg-nnea-s300160\/14f54f31-1252-446a-aa9f-3d962f5b70a1\/frames.bin",
  "height" : 128,
  "palette" : "lenia-spectrum",
  "velocities" : [
    [
      0,
      0
    ],
    [
      0.039951324,
      0.016906738
    ],
    [
      0.18350601,
      0.18865585
    ],
    [
      -0.05121994,
      -0.06775284
    ],
    [
      -0.042266846,
      -0.024642944
    ],
    [
      0.0063934326,
      0.0107803345
    ],
    [
      0.0031356812,
      0.0251503
    ],
    [
      -0.04247284,
      -0.027305603
    ],
    [
      -0.0021591187,
      -0.010211945
    ],
    [
      -0.013370514,
      -0.02451706
    ],
    [
      0.0010414124,
      -0.020149231
    ],
    [
      0.004760742,
      0.0028648376
    ]
  ],
  "width" : 128
}