{
  "centroids" : [
    [
      64.04767,
      63.780647
    ],
    [
      64.196915,
      63.898857
    ],
    [
      63.94129,
      63.69195
    ],
    [
      63.896908,
      63.6021
    ],
    [
      63.82698,
      63.58425
    ],
    [
      63.6411,
      63.470863
    ],
    [
      63.674156,
      63.521984
    ],
    [
      63.7493,
      63.643433
    ],
    [
      63.68119,
      63.55149
    ],
    [
      63.651485,
      63.477123
    ],
    [
      63.739704,
      63.55628
    ],
    [
      63.697865,
      63.540115
    ]
  ],
  "fps" : 10,
  "frameCount" : 12,
  "framesPath" : "releases\/qg-20260228-real-creatures\/runs\/qg-nnea-s300064\/8e328704-f346-4242-9039-a7a22cc9328c\/frames.bin",
  "height" : 128,
  "palette" : "lenia-spectrum",
  "velocities" : [
    [
      0,
      0
    ],
    [
      0.14924622,
      0.11820984
    ],
    [
      -0.25562286,
      -0.20690536
    ],
    [
      -0.044384003,
      -0.08985138
    ],
    [
      -0.069927216,
      -0.017848969
    ],
    [
      -0.18587875,
      -0.11338806
    ],
    [
      0.03305435,
      0.051120758
    ],
    [
      0.07514191,
      0.12144852
    ],
    [
      -0.068107605,
      -0.09194183
    ],
    [
      -0.029705048,
      -0.07436752
    ],
    [
      0.08821869,
      0.07915497
    ],
    [
      -0.0418396,
      -0.016162872
    ]
  ],
  "width" : 128
}