{
  "centroids" : [
    [
      63.668934,
      63.886253
    ],
    [
      63.756153,
      63.829845
    ],
    [
      63.640892,
      63.818325
    ],
    [
      63.609333,
      63.71444
    ],
    [
      63.66418,
      63.745388
    ],
    [
      63.817764,
      63.868298
    ],
    [
      63.861824,
      64.051735
    ],
    [
      63.94584,
      63.93393
    ],
    [
      64.00937,
      63.95901
    ],
    [
      64.06948,
      64.03303
    ],
    [
      64.18205,
      64.07056
    ],
    [
      64.225,
      64.16158
    ],
    [
      64.24162,
      64.35457
    ],
    [
      64.31318,
      64.42705
    ],
    [
      64.324005,
      64.47593
    ],
    [
      64.36556,
      64.457214
    ],
    [
      64.4319,
      64.5437
    ],
    [
      64.4203,
      64.62847
    ],
    [
      64.45804,
      64.676575
    ],
    [
      64.53899,
      64.70837
    ],
    [
      64.5328,
      64.72863
    ],
    [
      64.54584,
      64.84523
    ],
    [
      64.53735,
      64.87818
    ],
    [
      64.56281,
      64.9606
    ],
    [
      64.63324,
      64.97624
    ],
    [
      64.63448,
      64.989815
    ],
    [
      64.71439,
      65.02076
    ],
    [
      64.757385,
      65.065544
    ],
    [
      64.782104,
      65.11312
    ],
    [
      64.75907,
      65.10517
    ],
    [
      64.743675,
      65.17112
    ],
    [
      64.799385,
      65.216034
    ],
    [
      64.80295,
      65.24422
    ],
    [
      64.856636,
      65.11002
    ],
    [
      64.82869,
      65.247406
    ],
    [
      64.88327,
      65.196724
    ]
  ],
  "fps" : 12,
  "frameCount" : 36,
  "framesPath" : "releases\/glider-candidates-20260307\/runs\/nnea-fast-c001-s32\/bc72cddc-3d6b-4ee8-a2f0-ebedcacdaa8b\/frames.bin",
  "height" : 128,
  "palette" : "lenia-spectrum",
  "velocities" : [
    [
      0,
      0
    ],
    [
      0.08721924,
      -0.05640793
    ],
    [
      -0.11526108,
      -0.011520386
    ],
    [
      -0.03155899,
      -0.10388565
    ],
    [
      0.054847717,
      0.030948639
    ],
    [
      0.15358353,
      0.122909546
    ],
    [
      0.044059753,
      0.18343735
    ],
    [
      0.08401489,
      -0.11780548
    ],
    [
      0.06352997,
      0.025081635
    ],
    [
      0.060112,
      0.07401657
    ],
    [
      0.11257172,
      0.03752899
    ],
    [
      0.04294586,
      0.091026306
    ],
    [
      0.01662445,
      0.19298553
    ],
    [
      0.07155609,
      0.07247925
    ],
    [
      0.010826111,
      0.04888153
    ],
    [
      0.041557312,
      -0.018714905
    ],
    [
      0.066337585,
      0.08648682
    ],
    [
      -0.01159668,
      0.0847702
    ],
    [
      0.037734985,
      0.048103333
    ],
    [
      0.080947876,
      0.031791687
    ],
    [
      -0.006187439,
      0.020263672
    ],
    [
      0.013038635,
      0.11660004
    ],
    [
      -0.008483887,
      0.032951355
    ],
    [
      0.02545929,
      0.08242035
    ],
    [
      0.07042694,
      0.015640259
    ],
    [
      0.0012435913,
      0.013572693
    ],
    [
      0.07991028,
      0.030944824
    ],
    [
      0.04299164,
      0.044784546
    ],
    [
      0.024719238,
      0.047576904
    ],
    [
      -0.023033142,
      -0.007949829
    ],
    [
      -0.015396118,
      0.06594849
    ],
    [
      0.05570984,
      0.044914246
    ],
    [
      0.0035629272,
      0.028182983
    ],
    [
      0.05368805,
      -0.13419342
    ],
    [
      -0.027946472,
      0.1373825
    ],
    [
      0.05458069,
      -0.050682068
    ]
  ],
  "width" : 128
}