{
  "backend" : "mlx",
  "beam_mutation" : {
    "enabled" : true,
    "patch_size" : 10,
    "probability" : 0.02,
    "seed" : 99,
    "std" : 0.1
  },
  "channels" : 1,
  "connectivity" : [
    [
      3
    ]
  ],
  "environment" : {
    "depth" : 2,
    "passage_width" : 6,
    "type" : "cross_map",
    "wall_thickness" : 3,
    "wall_value" : -10
  },
  "flow" : {
    "dt" : 0.2,
    "n" : 2,
    "theta_A" : 2
  },
  "grid" : {
    "sx" : 128,
    "sy" : 128
  },
  "implementation" : {
    "mode" : "paper"
  },
  "init" : {
    "a_uniform" : {
      "high" : 1,
      "low" : 0
    },
    "p_uniform" : {
      "high" : 1,
      "low" : 0
    },
    "patches" : [
      {
        "center" : [
          32,
          32
        ],
        "size" : 20
      },
      {
        "center" : [
          96,
          32
        ],
        "size" : 20
      },
      {
        "center" : [
          32,
          96
        ],
        "size" : 20
      },
      {
        "center" : [
          96,
          96
        ],
        "size" : 20
      }
    ],
    "seed" : 6
  },
  "interventions" : [

  ],
  "parameter_embedding" : {
    "enabled" : true,
    "mix" : "stoch_gene_wise",
    "mix_seed" : 42
  },
  "params" : {
    "R" : 15.330852,
    "a" : [
      [
        0.748538,
        0.18647236,
        0.71121573
      ],
      [
        0.47834575,
        0.6173176,
        0.011956632
      ],
      [
        0.54993033,
        0.063735664,
        0.82148755
      ]
    ],
    "b" : [
      [
        0.92896813,
        0.8450479,
        0.84019727
      ],
      [
        0.8096111,
        0.33367026,
        0.38639247
      ],
      [
        0.6371679,
        0.6418371,
        0.27318418
      ]
    ],
    "h" : [
      0.72087055,
      0.69426686,
      0.69756675
    ],
    "m" : [
      0.16736126,
      0.38834783,
      0.42492408
    ],
    "mode" : "explicit",
    "r" : [
      0.74355316,
      0.3791244,
      0.55832744
    ],
    "s" : [
      0.08272513,
      0.051833328,
      0.039687082
    ],
    "w" : [
      [
        0.1799107,
        0.18231332,
        0.31764075
      ],
      [
        0.35133898,
        0.07279375,
        0.17792937
      ],
      [
        0.14104547,
        0.077610865,
        0.17029701
      ]
    ]
  },
  "profile" : "experimental",
  "reintegration" : {
    "border" : "wall",
    "dd" : 5,
    "sigma" : 0.65
  },
  "run" : {
    "steps" : 500
  }
}