{
  "centroids" : [
    [
      63.81709,
      64.40775
    ],
    [
      63.788307,
      64.84276
    ],
    [
      64.058105,
      64.96444
    ],
    [
      64.27481,
      65.158516
    ],
    [
      64.6092,
      65.38679
    ],
    [
      64.69002,
      65.547485
    ],
    [
      64.931465,
      65.55594
    ],
    [
      65.07033,
      65.67842
    ],
    [
      65.26215,
      65.95359
    ],
    [
      65.51181,
      65.99693
    ],
    [
      65.578835,
      66.212265
    ],
    [
      65.8683,
      66.29293
    ],
    [
      65.98315,
      66.53079
    ],
    [
      66.06946,
      66.74721
    ],
    [
      66.11648,
      66.95292
    ],
    [
      66.32789,
      67.007645
    ],
    [
      66.483185,
      67.16065
    ],
    [
      66.53679,
      67.281715
    ],
    [
      66.789055,
      67.44928
    ],
    [
      66.91541,
      67.48487
    ],
    [
      66.99271,
      67.63876
    ],
    [
      67.011665,
      67.705696
    ],
    [
      66.98763,
      67.87549
    ],
    [
      67.12345,
      68.006676
    ],
    [
      67.16288,
      68.06209
    ],
    [
      67.29108,
      68.04649
    ],
    [
      67.43046,
      68.12177
    ],
    [
      67.51657,
      68.1837
    ],
    [
      67.543335,
      68.2401
    ],
    [
      67.5987,
      68.33636
    ],
    [
      67.71233,
      68.38786
    ],
    [
      67.79564,
      68.38056
    ],
    [
      67.82867,
      68.418106
    ],
    [
      67.90516,
      68.39747
    ],
    [
      67.974785,
      68.45005
    ],
    [
      68.01767,
      68.50962
    ]
  ],
  "fps" : 12,
  "frameCount" : 36,
  "framesPath" : "releases\/discovery-20260306-movers\/runs\/crossmap-motion-c000-s0\/34ed05a9-3077-4be9-b48a-bdb3ec9aacde\/frames.bin",
  "height" : 128,
  "palette" : "lenia-spectrum",
  "velocities" : [
    [
      0,
      0
    ],
    [
      -0.02878189,
      0.4350052
    ],
    [
      0.26979828,
      0.12168121
    ],
    [
      0.21670532,
      0.19407654
    ],
    [
      0.33438873,
      0.22827148
    ],
    [
      0.080818176,
      0.16069794
    ],
    [
      0.24144745,
      0.008453369
    ],
    [
      0.13886261,
      0.1224823
    ],
    [
      0.19182587,
      0.27516937
    ],
    [
      0.24965668,
      0.04334259
    ],
    [
      0.06702423,
      0.21533203
    ],
    [
      0.28946686,
      0.08066559
    ],
    [
      0.114845276,
      0.23786163
    ],
    [
      0.08631134,
      0.2164154
    ],
    [
      0.04701996,
      0.20571136
    ],
    [
      0.21141052,
      0.054725647
    ],
    [
      0.15529633,
      0.1530075
    ],
    [
      0.053604126,
      0.12106323
    ],
    [
      0.25226593,
      0.16756439
    ],
    [
      0.12635803,
      0.035591125
    ],
    [
      0.077293396,
      0.15389252
    ],
    [
      0.018959045,
      0.06693268
    ],
    [
      -0.024032593,
      0.16979218
    ],
    [
      0.13581848,
      0.13118744
    ],
    [
      0.03942871,
      0.055412292
    ],
    [
      0.12819672,
      -0.015594482
    ],
    [
      0.13938141,
      0.075279236
    ],
    [
      0.086112976,
      0.061927795
    ],
    [
      0.026763916,
      0.056396484
    ],
    [
      0.055366516,
      0.09626007
    ],
    [
      0.1136322,
      0.051506042
    ],
    [
      0.08330536,
      -0.0073013306
    ],
    [
      0.03302765,
      0.03754425
    ],
    [
      0.07649231,
      -0.020637512
    ],
    [
      0.069625854,
      0.052581787
    ],
    [
      0.042884827,
      0.059570312
    ]
  ],
  "width" : 128
}