{
  "backend" : "mlx",
  "channels" : 1,
  "connectivity" : [
    [
      3
    ]
  ],
  "flow" : {
    "dt" : 0.2,
    "n" : 2,
    "theta_A" : 2
  },
  "grid" : {
    "sx" : 128,
    "sy" : 128
  },
  "implementation" : {
    "mode" : "paper"
  },
  "init" : {
    "a_uniform" : {
      "high" : 1,
      "low" : 0
    },
    "p_uniform" : {
      "high" : 1,
      "low" : 0
    },
    "patches" : [
      {
        "center" : [
          32,
          32
        ],
        "size" : 24
      },
      {
        "center" : [
          96,
          96
        ],
        "size" : 24
      }
    ],
    "seed" : 300141
  },
  "interventions" : [

  ],
  "parameter_embedding" : {
    "enabled" : true,
    "mix" : "stoch",
    "mix_seed" : 42
  },
  "params" : {
    "R" : 7.689873,
    "a" : [
      [
        0.13524282,
        0.75948477,
        0.024204075
      ],
      [
        0.50330687,
        0.7306139,
        0.41755426
      ],
      [
        0.106532335,
        0.94390965,
        0.6084183
      ]
    ],
    "b" : [
      [
        0.23567426,
        0.17254525,
        0.8927639
      ],
      [
        0.3141343,
        0.5116901,
        0.92186826
      ],
      [
        0.43893027,
        0.09780133,
        0.8807914
      ]
    ],
    "h" : [
      0.8547358,
      0.8724517,
      0.8515665
    ],
    "m" : [
      0.4245513,
      0.2182364,
      0.45588824
    ],
    "mode" : "explicit",
    "r" : [
      0.78003895,
      0.5155345,
      0.5258671
    ],
    "s" : [
      0.11355294,
      0.038843542,
      0.0292653
    ],
    "w" : [
      [
        0.4775978,
        0.14620937,
        0.09126579
      ],
      [
        0.1317791,
        0.35654533,
        0.117908955
      ],
      [
        0.3117813,
        0.27237907,
        0.392615
      ]
    ]
  },
  "profile" : "experimental",
  "reintegration" : {
    "border" : "torus",
    "dd" : 5,
    "sigma" : 0.65
  },
  "run" : {
    "steps" : 500
  }
}