{
  "centroids" : [
    [
      63.857353,
      63.825207
    ],
    [
      63.79766,
      63.758327
    ],
    [
      63.858227,
      63.76783
    ],
    [
      63.724503,
      63.62994
    ],
    [
      63.741898,
      63.631493
    ],
    [
      63.722214,
      63.68264
    ],
    [
      63.433823,
      63.41052
    ],
    [
      63.31891,
      63.317776
    ],
    [
      63.303963,
      63.30403
    ],
    [
      63.300095,
      63.29888
    ],
    [
      63.292446,
      63.29765
    ],
    [
      63.288097,
      63.288803
    ]
  ],
  "fps" : 10,
  "frameCount" : 12,
  "framesPath" : "releases\/qg-20260228-real-creatures\/runs\/qg-nnea-s300128\/db957b2b-c915-4c6f-b092-20893ec33f4d\/frames.bin",
  "height" : 128,
  "palette" : "lenia-spectrum",
  "velocities" : [
    [
      0,
      0
    ],
    [
      -0.059692383,
      -0.06687927
    ],
    [
      0.06056595,
      0.009502411
    ],
    [
      -0.13372421,
      -0.13788986
    ],
    [
      0.01739502,
      0.0015525818
    ],
    [
      -0.019683838,
      0.05114746
    ],
    [
      -0.2883911,
      -0.27212143
    ],
    [
      -0.11491394,
      -0.09274292
    ],
    [
      -0.014945984,
      -0.013744354
    ],
    [
      -0.003868103,
      -0.0051498413
    ],
    [
      -0.007648468,
      -0.0012321472
    ],
    [
      -0.004348755,
      -0.008846283
    ]
  ],
  "width" : 128
}