{
  "centroids" : [
    [
      63.462994,
      63.28882
    ],
    [
      63.25458,
      63.087345
    ],
    [
      63.178165,
      63.03864
    ],
    [
      63.11035,
      62.959885
    ],
    [
      63.058956,
      62.89403
    ],
    [
      63.063065,
      62.926357
    ],
    [
      63.101902,
      62.956345
    ],
    [
      63.167557,
      63.0199
    ],
    [
      63.15081,
      63.007645
    ],
    [
      63.157455,
      62.997246
    ],
    [
      63.172264,
      62.994976
    ],
    [
      63.159424,
      62.978127
    ]
  ],
  "fps" : 10,
  "frameCount" : 12,
  "framesPath" : "releases\/qg-20260228-real-creatures\/runs\/qg-nnea-s300000\/0ec1114e-5e1e-4443-a373-097ee1d8a0bb\/frames.bin",
  "height" : 128,
  "palette" : "lenia-spectrum",
  "velocities" : [
    [
      0,
      0
    ],
    [
      -0.20841217,
      -0.20147324
    ],
    [
      -0.076416016,
      -0.048706055
    ],
    [
      -0.06781387,
      -0.078754425
    ],
    [
      -0.051395416,
      -0.06585312
    ],
    [
      0.004108429,
      0.032325745
    ],
    [
      0.038837433,
      0.029987335
    ],
    [
      0.065654755,
      0.06355667
    ],
    [
      -0.016746521,
      -0.012256622
    ],
    [
      0.0066452026,
      -0.010398865
    ],
    [
      0.014808655,
      -0.0022697449
    ],
    [
      -0.012840271,
      -0.016849518
    ]
  ],
  "width" : 128
}