{
  "centroids" : [
    [
      63.440327,
      63.37464
    ],
    [
      63.49214,
      63.524044
    ],
    [
      63.587784,
      63.363857
    ],
    [
      63.55312,
      63.256195
    ],
    [
      63.580097,
      63.375507
    ],
    [
      63.605156,
      63.356068
    ],
    [
      63.656532,
      63.322296
    ],
    [
      63.613148,
      63.26797
    ],
    [
      63.619694,
      63.340435
    ],
    [
      63.625183,
      63.332897
    ],
    [
      63.606277,
      63.377155
    ],
    [
      63.591576,
      63.463387
    ],
    [
      63.68395,
      63.48399
    ],
    [
      63.76828,
      63.585976
    ],
    [
      63.857502,
      63.59667
    ],
    [
      64.112366,
      63.56668
    ],
    [
      64.21454,
      63.64253
    ],
    [
      64.263985,
      63.768044
    ],
    [
      64.34937,
      63.868538
    ],
    [
      64.47946,
      63.873528
    ],
    [
      64.5135,
      63.953327
    ],
    [
      64.57851,
      63.988926
    ],
    [
      64.64492,
      64.02664
    ],
    [
      64.68041,
      64.13339
    ],
    [
      64.70727,
      64.18163
    ],
    [
      64.76157,
      64.21806
    ],
    [
      64.76038,
      64.25817
    ],
    [
      64.77866,
      64.32903
    ],
    [
      64.829605,
      64.36172
    ],
    [
      64.86598,
      64.38037
    ],
    [
      64.88509,
      64.370995
    ],
    [
      64.913956,
      64.40863
    ],
    [
      64.872604,
      64.462975
    ],
    [
      64.776955,
      64.450516
    ],
    [
      64.79912,
      64.24723
    ],
    [
      64.74943,
      64.13913
    ]
  ],
  "fps" : 12,
  "frameCount" : 36,
  "framesPath" : "releases\/orbium-like-20260307\/runs\/glider-family-luminous-spiral-4134-c000-s0\/400265ce-49ab-41bd-be3b-7f8fb633e217\/frames.bin",
  "height" : 128,
  "palette" : "lenia-spectrum",
  "velocities" : [
    [
      0,
      0
    ],
    [
      0.051815033,
      0.14940262
    ],
    [
      0.09564209,
      -0.16018677
    ],
    [
      -0.034664154,
      -0.1076622
    ],
    [
      0.026977539,
      0.11931229
    ],
    [
      0.025058746,
      -0.019439697
    ],
    [
      0.051376343,
      -0.033771515
    ],
    [
      -0.043384552,
      -0.054325104
    ],
    [
      0.0065460205,
      0.07246399
    ],
    [
      0.0054893494,
      -0.007537842
    ],
    [
      -0.01890564,
      0.044258118
    ],
    [
      -0.014701843,
      0.08623123
    ],
    [
      0.092372894,
      0.02060318
    ],
    [
      0.08433151,
      0.10198593
    ],
    [
      0.089221954,
      0.010692596
    ],
    [
      0.25486374,
      -0.029987335
    ],
    [
      0.10217285,
      0.075847626
    ],
    [
      0.049446106,
      0.12551498
    ],
    [
      0.08538818,
      0.100494385
    ],
    [
      0.1300888,
      0.004989624
    ],
    [
      0.03403473,
      0.07979965
    ],
    [
      0.06501007,
      0.035598755
    ],
    [
      0.06641388,
      0.037715912
    ],
    [
      0.035491943,
      0.10675049
    ],
    [
      0.026855469,
      0.04824066
    ],
    [
      0.05430603,
      0.03643036
    ],
    [
      -0.0011901855,
      0.040107727
    ],
    [
      0.01828003,
      0.07086182
    ],
    [
      0.050941467,
      0.032684326
    ],
    [
      0.036376953,
      0.01865387
    ],
    [
      0.019111633,
      -0.009376526
    ],
    [
      0.028862,
      0.037635803
    ],
    [
      -0.04135132,
      0.054344177
    ],
    [
      -0.09564972,
      -0.012458801
    ],
    [
      0.022163391,
      -0.20328522
    ],
    [
      -0.049690247,
      -0.10810089
    ]
  ],
  "width" : 128
}