{
  "backend" : "mlx",
  "channels" : 1,
  "connectivity" : [
    [
      3
    ]
  ],
  "flow" : {
    "dt" : 0.2,
    "n" : 2,
    "theta_A" : 2
  },
  "grid" : {
    "sx" : 128,
    "sy" : 128
  },
  "implementation" : {
    "mode" : "paper"
  },
  "init" : {
    "a_uniform" : {
      "high" : 1,
      "low" : 0
    },
    "p_uniform" : {
      "high" : 1,
      "low" : 0
    },
    "patches" : [
      {
        "center" : [
          32,
          32
        ],
        "size" : 24
      },
      {
        "center" : [
          96,
          96
        ],
        "size" : 24
      }
    ],
    "seed" : 300185
  },
  "interventions" : [

  ],
  "parameter_embedding" : {
    "enabled" : true,
    "mix" : "stoch",
    "mix_seed" : 42
  },
  "params" : {
    "R" : 9.441637,
    "a" : [
      [
        0.94051725,
        0.07378733,
        0.008137763
      ],
      [
        0.86607337,
        0.0856716,
        0.2335782
      ],
      [
        0.5240271,
        0.088086665,
        0.96247226
      ]
    ],
    "b" : [
      [
        0.063265145,
        0.894911,
        0.15465909
      ],
      [
        0.8334574,
        0.23484671,
        0.13263142
      ],
      [
        0.7083922,
        0.7001191,
        0.2610579
      ]
    ],
    "h" : [
      0.99146205,
      0.036134183,
      0.7635898
    ],
    "m" : [
      0.39952928,
      0.4346603,
      0.27997127
    ],
    "mode" : "explicit",
    "r" : [
      0.9814207,
      0.7244407,
      0.6187484
    ],
    "s" : [
      0.07683589,
      0.064302586,
      0.07828547
    ],
    "w" : [
      [
        0.013100509,
        0.28708023,
        0.4640277
      ],
      [
        0.47873363,
        0.27212042,
        0.11057415
      ],
      [
        0.4479082,
        0.49387905,
        0.18057503
      ]
    ]
  },
  "profile" : "experimental",
  "reintegration" : {
    "border" : "torus",
    "dd" : 5,
    "sigma" : 0.65
  },
  "run" : {
    "steps" : 500
  }
}