{
  "backend" : "mlx",
  "channels" : 1,
  "connectivity" : [
    [
      3
    ]
  ],
  "flow" : {
    "dt" : 0.2,
    "n" : 2,
    "theta_A" : 2
  },
  "grid" : {
    "sx" : 128,
    "sy" : 128
  },
  "implementation" : {
    "mode" : "paper"
  },
  "init" : {
    "a_uniform" : {
      "high" : 1,
      "low" : 0
    },
    "p_uniform" : {
      "high" : 1,
      "low" : 0
    },
    "patches" : [
      {
        "center" : [
          32,
          32
        ],
        "size" : 24
      },
      {
        "center" : [
          96,
          96
        ],
        "size" : 24
      }
    ],
    "seed" : 300047
  },
  "interventions" : [

  ],
  "parameter_embedding" : {
    "enabled" : true,
    "mix" : "stoch",
    "mix_seed" : 42
  },
  "params" : {
    "R" : 9.196449,
    "a" : [
      [
        0.33265996,
        0.39969122,
        0.7995962
      ],
      [
        0.88661706,
        0.47107887,
        0.18855888
      ],
      [
        0.22933483,
        0.1755923,
        0.025232553
      ]
    ],
    "b" : [
      [
        0.87160945,
        0.07989615,
        0.81147975
      ],
      [
        0.34097975,
        0.61289793,
        0.833602
      ],
      [
        0.045592487,
        0.29617703,
        0.7035485
      ]
    ],
    "h" : [
      0.8037075,
      0.98980594,
      0.2906633
    ],
    "m" : [
      0.23731865,
      0.14406943,
      0.25967982
    ],
    "mode" : "explicit",
    "r" : [
      0.4432935,
      0.2500015,
      0.6477716
    ],
    "s" : [
      0.092060566,
      0.04219631,
      0.18086481
    ],
    "w" : [
      [
        0.41440812,
        0.047193028,
        0.28647065
      ],
      [
        0.27529687,
        0.059845537,
        0.09699773
      ],
      [
        0.4079544,
        0.15362239,
        0.14641628
      ]
    ]
  },
  "profile" : "experimental",
  "reintegration" : {
    "border" : "torus",
    "dd" : 5,
    "sigma" : 0.65
  },
  "run" : {
    "steps" : 500
  }
}