{
  "centroids" : [
    [
      64.79294,
      65.06097
    ],
    [
      65.22261,
      65.30979
    ],
    [
      64.937874,
      64.99908
    ],
    [
      65.12367,
      65.100845
    ],
    [
      65.31362,
      65.15409
    ],
    [
      65.182014,
      65.24368
    ],
    [
      65.04271,
      65.07029
    ],
    [
      64.34072,
      64.40736
    ],
    [
      64.38184,
      64.51269
    ],
    [
      64.31796,
      64.3234
    ],
    [
      64.36836,
      64.50906
    ],
    [
      64.45483,
      64.54831
    ]
  ],
  "fps" : 10,
  "frameCount" : 12,
  "framesPath" : "releases\/qg-20260228-real-creatures\/runs\/qg-nnea-s300032\/2006b75b-1e8c-413b-bedd-7f7502610b35\/frames.bin",
  "height" : 128,
  "palette" : "lenia-spectrum",
  "velocities" : [
    [
      0,
      0
    ],
    [
      0.42967224,
      0.24882507
    ],
    [
      -0.28473663,
      -0.31071472
    ],
    [
      0.18579865,
      0.10176849
    ],
    [
      0.18994904,
      0.053245544
    ],
    [
      -0.13160706,
      0.08959198
    ],
    [
      -0.13930511,
      -0.17339325
    ],
    [
      -0.7019882,
      -0.66293335
    ],
    [
      0.041122437,
      0.10533142
    ],
    [
      -0.06388092,
      -0.18928528
    ],
    [
      0.05039978,
      0.18566132
    ],
    [
      0.08646393,
      0.039245605
    ]
  ],
  "width" : 128
}