{
  "backend" : "mlx",
  "beam_mutation" : {
    "enabled" : true,
    "patch_size" : 10,
    "probability" : 0.02,
    "seed" : 99,
    "std" : 0.1
  },
  "channels" : 1,
  "connectivity" : [
    [
      3
    ]
  ],
  "environment" : {
    "depth" : 2,
    "passage_width" : 6,
    "type" : "cross_map",
    "wall_thickness" : 3,
    "wall_value" : -10
  },
  "flow" : {
    "dt" : 0.2,
    "n" : 2,
    "theta_A" : 2
  },
  "grid" : {
    "sx" : 128,
    "sy" : 128
  },
  "implementation" : {
    "mode" : "paper"
  },
  "init" : {
    "a_uniform" : {
      "high" : 1,
      "low" : 0
    },
    "p_uniform" : {
      "high" : 1,
      "low" : 0
    },
    "patches" : [
      {
        "center" : [
          32,
          32
        ],
        "size" : 20
      },
      {
        "center" : [
          96,
          32
        ],
        "size" : 20
      },
      {
        "center" : [
          32,
          96
        ],
        "size" : 20
      },
      {
        "center" : [
          96,
          96
        ],
        "size" : 20
      }
    ],
    "seed" : 93
  },
  "interventions" : [

  ],
  "parameter_embedding" : {
    "enabled" : true,
    "mix" : "stoch_gene_wise",
    "mix_seed" : 42
  },
  "params" : {
    "R" : 10.12745,
    "a" : [
      [
        0.1455226,
        0.30159867,
        0.08890259
      ],
      [
        0.22197711,
        0.34202898,
        0.11930984
      ],
      [
        0.112924576,
        0.7318597,
        0.6167211
      ]
    ],
    "b" : [
      [
        0.7967114,
        0.5520391,
        0.43196392
      ],
      [
        0.22905368,
        0.089612305,
        0.8701725
      ],
      [
        0.4656964,
        0.43654835,
        0.24834424
      ]
    ],
    "h" : [
      0.9017546,
      0.21203113,
      0.25961852
    ],
    "m" : [
      0.33688918,
      0.16302627,
      0.43429244
    ],
    "mode" : "explicit",
    "r" : [
      0.23059297,
      0.23754402,
      0.36090183
    ],
    "s" : [
      0.08015617,
      0.1180082,
      0.07680344
    ],
    "w" : [
      [
        0.2652033,
        0.06089153,
        0.17973924
      ],
      [
        0.38508686,
        0.104546644,
        0.3596154
      ],
      [
        0.45750153,
        0.121502526,
        0.07552671
      ]
    ]
  },
  "profile" : "experimental",
  "reintegration" : {
    "border" : "wall",
    "dd" : 5,
    "sigma" : 0.65
  },
  "run" : {
    "steps" : 500
  }
}