{
  "backend" : "mlx",
  "beam_mutation" : {
    "enabled" : true,
    "patch_size" : 10,
    "probability" : 0.02,
    "seed" : 99,
    "std" : 0.1
  },
  "channels" : 1,
  "connectivity" : [
    [
      3
    ]
  ],
  "environment" : {
    "depth" : 2,
    "passage_width" : 6,
    "type" : "cross_map",
    "wall_thickness" : 3,
    "wall_value" : -10
  },
  "flow" : {
    "dt" : 0.2,
    "n" : 2,
    "theta_A" : 2
  },
  "grid" : {
    "sx" : 128,
    "sy" : 128
  },
  "implementation" : {
    "mode" : "paper"
  },
  "init" : {
    "a_uniform" : {
      "high" : 1,
      "low" : 0
    },
    "p_uniform" : {
      "high" : 1,
      "low" : 0
    },
    "patches" : [
      {
        "center" : [
          32,
          32
        ],
        "size" : 20
      },
      {
        "center" : [
          96,
          32
        ],
        "size" : 20
      },
      {
        "center" : [
          32,
          96
        ],
        "size" : 20
      },
      {
        "center" : [
          96,
          96
        ],
        "size" : 20
      }
    ],
    "seed" : 11
  },
  "interventions" : [

  ],
  "parameter_embedding" : {
    "enabled" : true,
    "mix" : "stoch_gene_wise",
    "mix_seed" : 42
  },
  "params" : {
    "R" : 13.477313,
    "a" : [
      [
        0.9973815,
        0.6437548,
        0.861172
      ],
      [
        0.2273969,
        0.33718956,
        0.8383156
      ],
      [
        0.17871135,
        0.640054,
        0.5713322
      ]
    ],
    "b" : [
      [
        0.15305221,
        0.45709765,
        0.4792533
      ],
      [
        0.3239841,
        0.42081583,
        0.23087746
      ],
      [
        0.30349767,
        0.03884405,
        0.9169472
      ]
    ],
    "h" : [
      0.76712364,
      0.6277947,
      0.47881377
    ],
    "m" : [
      0.23367238,
      0.300843,
      0.31520662
    ],
    "mode" : "explicit",
    "r" : [
      0.3109398,
      0.58255714,
      0.545643
    ],
    "s" : [
      0.1733845,
      0.15566665,
      0.058988992
    ],
    "w" : [
      [
        0.25896674,
        0.11641149,
        0.49799877
      ],
      [
        0.16965954,
        0.4138732,
        0.25548744
      ],
      [
        0.29506785,
        0.10114166,
        0.18102165
      ]
    ]
  },
  "profile" : "experimental",
  "reintegration" : {
    "border" : "wall",
    "dd" : 5,
    "sigma" : 0.65
  },
  "run" : {
    "steps" : 500
  }
}