{
  "backend" : "mlx",
  "channels" : 1,
  "connectivity" : [
    [
      3
    ]
  ],
  "flow" : {
    "dt" : 0.2,
    "n" : 2,
    "theta_A" : 2
  },
  "grid" : {
    "sx" : 128,
    "sy" : 128
  },
  "implementation" : {
    "mode" : "paper"
  },
  "init" : {
    "a_uniform" : {
      "high" : 1,
      "low" : 0
    },
    "p_uniform" : {
      "high" : 1,
      "low" : 0
    },
    "patches" : [
      {
        "center" : [
          32,
          32
        ],
        "size" : 24
      },
      {
        "center" : [
          96,
          96
        ],
        "size" : 24
      }
    ],
    "seed" : 300140
  },
  "interventions" : [

  ],
  "parameter_embedding" : {
    "enabled" : true,
    "mix" : "stoch",
    "mix_seed" : 42
  },
  "params" : {
    "R" : 6.224073,
    "a" : [
      [
        0.6425132,
        0.011578739,
        0.35961574
      ],
      [
        0.8796227,
        0.4882657,
        0.1992749
      ],
      [
        0.5287077,
        0.87507296,
        0.4537325
      ]
    ],
    "b" : [
      [
        0.5289154,
        0.43076277,
        0.05121547
      ],
      [
        0.5727278,
        0.103494465,
        0.34957957
      ],
      [
        0.57642674,
        0.7121819,
        0.13149428
      ]
    ],
    "h" : [
      0.33690053,
      0.6830048,
      0.057952702
    ],
    "m" : [
      0.46281895,
      0.13998081,
      0.31086072
    ],
    "mode" : "explicit",
    "r" : [
      0.24118324,
      0.6635632,
      0.28474754
    ],
    "s" : [
      0.1277897,
      0.07651773,
      0.14508362
    ],
    "w" : [
      [
        0.08337288,
        0.42010024,
        0.17016171
      ],
      [
        0.33345512,
        0.46017167,
        0.4688196
      ],
      [
        0.4058601,
        0.17186292,
        0.4430475
      ]
    ]
  },
  "profile" : "experimental",
  "reintegration" : {
    "border" : "torus",
    "dd" : 5,
    "sigma" : 0.65
  },
  "run" : {
    "steps" : 500
  }
}