{
  "centroids" : [
    [
      64.229385,
      64.743065
    ],
    [
      63.932434,
      64.46821
    ],
    [
      64.08536,
      64.48552
    ],
    [
      64.32815,
      64.74062
    ],
    [
      64.294334,
      64.67086
    ],
    [
      64.29847,
      64.67989
    ],
    [
      64.01075,
      64.29053
    ],
    [
      63.99629,
      64.29451
    ],
    [
      64.08102,
      64.30626
    ],
    [
      64.06797,
      64.281654
    ],
    [
      64.0037,
      64.229965
    ],
    [
      64.0124,
      64.22848
    ]
  ],
  "fps" : 10,
  "frameCount" : 12,
  "framesPath" : "releases\/qg-20260228-real-creatures\/runs\/qg-nnea-s300128\/62f25a2b-cefa-403e-bba3-9fb9e0e72956\/frames.bin",
  "height" : 128,
  "palette" : "lenia-spectrum",
  "velocities" : [
    [
      0,
      0
    ],
    [
      -0.2969513,
      -0.27485657
    ],
    [
      0.15292358,
      0.017311096
    ],
    [
      0.24279022,
      0.25510406
    ],
    [
      -0.033813477,
      -0.06976318
    ],
    [
      0.004135132,
      0.009033203
    ],
    [
      -0.28771973,
      -0.38936615
    ],
    [
      -0.014461517,
      0.003982544
    ],
    [
      0.08472824,
      0.011749268
    ],
    [
      -0.013046265,
      -0.024604797
    ],
    [
      -0.06427002,
      -0.051689148
    ],
    [
      0.00869751,
      -0.0014877319
    ]
  ],
  "width" : 128
}