{
  "centroids" : [
    [
      63.47108,
      63.029102
    ],
    [
      63.587154,
      63.069958
    ],
    [
      63.602413,
      63.22942
    ],
    [
      63.6498,
      63.336586
    ],
    [
      63.7062,
      63.36911
    ],
    [
      63.71471,
      63.37927
    ],
    [
      63.640266,
      63.290012
    ],
    [
      63.46407,
      63.18016
    ],
    [
      63.38915,
      63.140934
    ],
    [
      63.325054,
      63.253483
    ],
    [
      63.39848,
      63.20453
    ],
    [
      63.423313,
      63.117767
    ],
    [
      63.332657,
      63.13842
    ],
    [
      63.342674,
      63.07268
    ],
    [
      63.321606,
      63.057674
    ],
    [
      63.25436,
      63.043083
    ],
    [
      63.229313,
      63.00006
    ],
    [
      63.28571,
      62.91287
    ],
    [
      63.21318,
      62.908875
    ],
    [
      63.157536,
      62.87661
    ],
    [
      63.133488,
      62.881676
    ],
    [
      63.155766,
      62.825726
    ],
    [
      63.126766,
      62.80895
    ],
    [
      63.123436,
      62.749527
    ],
    [
      63.135994,
      62.731308
    ],
    [
      63.13734,
      62.695633
    ],
    [
      63.112324,
      62.68936
    ],
    [
      63.065506,
      62.667168
    ],
    [
      63.03918,
      62.626495
    ],
    [
      63.053234,
      62.482513
    ],
    [
      62.866383,
      62.353363
    ],
    [
      62.744568,
      62.174137
    ],
    [
      62.63959,
      62.055374
    ],
    [
      62.536316,
      62.005653
    ],
    [
      62.41412,
      62.069145
    ],
    [
      62.51324,
      61.965805
    ]
  ],
  "fps" : 12,
  "frameCount" : 36,
  "framesPath" : "releases\/orbium-like-20260307\/runs\/glider-family-luminous-spiral-4134-c000-s0\/4a035364-54d7-47ef-bbc2-184f54c3495c\/frames.bin",
  "height" : 128,
  "palette" : "lenia-spectrum",
  "velocities" : [
    [
      0,
      0
    ],
    [
      0.11607361,
      0.040855408
    ],
    [
      0.015258789,
      0.15946198
    ],
    [
      0.04738617,
      0.10716629
    ],
    [
      0.0564003,
      0.03252411
    ],
    [
      0.00851059,
      0.010158539
    ],
    [
      -0.07444382,
      -0.08925629
    ],
    [
      -0.17619705,
      -0.10985184
    ],
    [
      -0.074920654,
      -0.039226532
    ],
    [
      -0.06409454,
      0.11254883
    ],
    [
      0.07342529,
      -0.04895401
    ],
    [
      0.02483368,
      -0.086761475
    ],
    [
      -0.09065628,
      0.020652771
    ],
    [
      0.010017395,
      -0.06573868
    ],
    [
      -0.021068573,
      -0.015007019
    ],
    [
      -0.06724548,
      -0.014591217
    ],
    [
      -0.025047302,
      -0.043022156
    ],
    [
      0.056396484,
      -0.087192535
    ],
    [
      -0.07252884,
      -0.003993988
    ],
    [
      -0.05564499,
      -0.03226471
    ],
    [
      -0.024047852,
      0.005065918
    ],
    [
      0.022277832,
      -0.055950165
    ],
    [
      -0.028999329,
      -0.016777039
    ],
    [
      -0.0033302307,
      -0.05942154
    ],
    [
      0.012557983,
      -0.018218994
    ],
    [
      0.0013465881,
      -0.03567505
    ],
    [
      -0.025016785,
      -0.0062713623
    ],
    [
      -0.04681778,
      -0.022193909
    ],
    [
      -0.026325226,
      -0.040672302
    ],
    [
      0.014053345,
      -0.14398193
    ],
    [
      -0.1868515,
      -0.12915039
    ],
    [
      -0.12181473,
      -0.17922592
    ],
    [
      -0.104976654,
      -0.11876297
    ],
    [
      -0.1032753,
      -0.049720764
    ],
    [
      -0.1221962,
      0.06349182
    ],
    [
      0.099121094,
      -0.10334015
    ]
  ],
  "width" : 128
}