{
  "backend" : "mlx",
  "channels" : 1,
  "connectivity" : [
    [
      3
    ]
  ],
  "flow" : {
    "dt" : 0.2,
    "n" : 2,
    "theta_A" : 2
  },
  "grid" : {
    "sx" : 128,
    "sy" : 128
  },
  "implementation" : {
    "mode" : "paper"
  },
  "init" : {
    "a_uniform" : {
      "high" : 1,
      "low" : 0
    },
    "p_uniform" : {
      "high" : 1,
      "low" : 0
    },
    "patches" : [
      {
        "center" : [
          32,
          32
        ],
        "size" : 24
      },
      {
        "center" : [
          96,
          96
        ],
        "size" : 24
      }
    ],
    "seed" : 300112
  },
  "interventions" : [

  ],
  "parameter_embedding" : {
    "enabled" : true,
    "mix" : "stoch",
    "mix_seed" : 42
  },
  "params" : {
    "R" : 7.835419,
    "a" : [
      [
        0.41621083,
        0.8942734,
        0.40783882
      ],
      [
        0.09744972,
        0.2750262,
        0.9593091
      ],
      [
        0.124426246,
        0.6345212,
        0.012327015
      ]
    ],
    "b" : [
      [
        0.6334186,
        0.04714632,
        0.89550704
      ],
      [
        0.52552974,
        0.5094411,
        0.66844785
      ],
      [
        0.52802944,
        0.8440582,
        0.21142048
      ]
    ],
    "h" : [
      0.60388565,
      0.440215,
      0.606351
    ],
    "m" : [
      0.48112088,
      0.43320963,
      0.09349637
    ],
    "mode" : "explicit",
    "r" : [
      0.87277585,
      0.52348083,
      0.84453195
    ],
    "s" : [
      0.1772082,
      0.027098058,
      0.08690645
    ],
    "w" : [
      [
        0.2523664,
        0.173418,
        0.43315062
      ],
      [
        0.04375723,
        0.3623474,
        0.40577817
      ],
      [
        0.43681484,
        0.28431964,
        0.18154696
      ]
    ]
  },
  "profile" : "experimental",
  "reintegration" : {
    "border" : "torus",
    "dd" : 5,
    "sigma" : 0.65
  },
  "run" : {
    "steps" : 500
  }
}