{
  "centroids" : [
    [
      63.445293,
      63.404552
    ],
    [
      63.25703,
      63.197918
    ],
    [
      63.31976,
      63.244213
    ],
    [
      63.297935,
      63.203953
    ],
    [
      63.321503,
      63.27754
    ],
    [
      63.428223,
      63.400078
    ],
    [
      63.400436,
      63.3805
    ],
    [
      63.395668,
      63.39895
    ],
    [
      63.387142,
      63.383934
    ],
    [
      63.3843,
      63.370937
    ],
    [
      63.40283,
      63.373493
    ],
    [
      63.43969,
      63.415714
    ]
  ],
  "fps" : 10,
  "frameCount" : 12,
  "framesPath" : "releases\/qg-20260228-real-creatures\/runs\/qg-nnea-s300096\/99586321-8bc2-4fe3-a035-c23f38123dad\/frames.bin",
  "height" : 128,
  "palette" : "lenia-spectrum",
  "velocities" : [
    [
      0,
      0
    ],
    [
      -0.18826294,
      -0.20663452
    ],
    [
      0.06272888,
      0.046295166
    ],
    [
      -0.021823883,
      -0.040260315
    ],
    [
      0.0235672,
      0.07358551
    ],
    [
      0.10671997,
      0.12253952
    ],
    [
      -0.027786255,
      -0.019577026
    ],
    [
      -0.0047683716,
      0.018447876
    ],
    [
      -0.008525848,
      -0.015014648
    ],
    [
      -0.0028419495,
      -0.012996674
    ],
    [
      0.018527985,
      0.0025558472
    ],
    [
      0.03686142,
      0.04222107
    ]
  ],
  "width" : 128
}