{
  "backend" : "mlx",
  "channels" : 1,
  "connectivity" : [
    [
      3
    ]
  ],
  "flow" : {
    "dt" : 0.2,
    "n" : 2,
    "theta_A" : 2
  },
  "grid" : {
    "sx" : 128,
    "sy" : 128
  },
  "implementation" : {
    "mode" : "paper"
  },
  "init" : {
    "a_uniform" : {
      "high" : 1,
      "low" : 0
    },
    "p_uniform" : {
      "high" : 1,
      "low" : 0
    },
    "patches" : [
      {
        "center" : [
          32,
          32
        ],
        "size" : 24
      },
      {
        "center" : [
          96,
          96
        ],
        "size" : 24
      }
    ],
    "seed" : 300219
  },
  "interventions" : [

  ],
  "parameter_embedding" : {
    "enabled" : true,
    "mix" : "stoch",
    "mix_seed" : 42
  },
  "params" : {
    "R" : 9.915186,
    "a" : [
      [
        0.7238044,
        0.95875907,
        0.15479314
      ],
      [
        0.34669244,
        0.18626815,
        0.71370625
      ],
      [
        0.750599,
        0.40685993,
        0.5141178
      ]
    ],
    "b" : [
      [
        0.7183733,
        0.3002956,
        0.5961041
      ],
      [
        0.24343175,
        0.08416623,
        0.46048808
      ],
      [
        0.3826005,
        0.5028448,
        0.8987094
      ]
    ],
    "h" : [
      0.14799374,
      0.23835659,
      0.75320274
    ],
    "m" : [
      0.40380317,
      0.05048548,
      0.090786904
    ],
    "mode" : "explicit",
    "r" : [
      0.31070176,
      0.74208325,
      0.25461024
    ],
    "s" : [
      0.027811421,
      0.0054954896,
      0.124624155
    ],
    "w" : [
      [
        0.051493123,
        0.29781517,
        0.055869304
      ],
      [
        0.16440567,
        0.4939266,
        0.28489634
      ],
      [
        0.40626204,
        0.27027318,
        0.19683617
      ]
    ]
  },
  "profile" : "experimental",
  "reintegration" : {
    "border" : "torus",
    "dd" : 5,
    "sigma" : 0.65
  },
  "run" : {
    "steps" : 500
  }
}