{
  "centroids" : [
    [
      64.94794,
      64.81531
    ],
    [
      65.049484,
      64.84671
    ],
    [
      65.039444,
      64.82813
    ],
    [
      64.87657,
      64.60795
    ],
    [
      64.945,
      64.79531
    ],
    [
      64.6348,
      64.47982
    ],
    [
      64.43078,
      64.302315
    ],
    [
      64.54694,
      64.34493
    ],
    [
      64.30757,
      64.1306
    ],
    [
      64.28626,
      64.07681
    ],
    [
      64.445915,
      64.2901
    ],
    [
      64.535484,
      64.37221
    ]
  ],
  "fps" : 10,
  "frameCount" : 12,
  "framesPath" : "releases\/qg-20260228-real-creatures\/runs\/qg-nnea-s300192\/c4f0b023-2622-4f75-8557-937cfca7a250\/frames.bin",
  "height" : 128,
  "palette" : "lenia-spectrum",
  "velocities" : [
    [
      0,
      0
    ],
    [
      0.10154724,
      0.031402588
    ],
    [
      -0.010040283,
      -0.018577576
    ],
    [
      -0.16287231,
      -0.22018433
    ],
    [
      0.06842804,
      0.18736267
    ],
    [
      -0.31019592,
      -0.31549072
    ],
    [
      -0.20402527,
      -0.1775055
    ],
    [
      0.11616516,
      0.042617798
    ],
    [
      -0.23937225,
      -0.21433258
    ],
    [
      -0.021308899,
      -0.05378723
    ],
    [
      0.15965271,
      0.21328735
    ],
    [
      0.08956909,
      0.082107544
    ]
  ],
  "width" : 128
}