{
  "backend" : "mlx",
  "channels" : 1,
  "connectivity" : [
    [
      3
    ]
  ],
  "flow" : {
    "dt" : 0.2,
    "n" : 2,
    "theta_A" : 2
  },
  "grid" : {
    "sx" : 128,
    "sy" : 128
  },
  "implementation" : {
    "mode" : "paper"
  },
  "init" : {
    "a_uniform" : {
      "high" : 1,
      "low" : 0
    },
    "p_uniform" : {
      "high" : 1,
      "low" : 0
    },
    "patches" : [
      {
        "center" : [
          32,
          32
        ],
        "size" : 24
      },
      {
        "center" : [
          96,
          96
        ],
        "size" : 24
      }
    ],
    "seed" : 300084
  },
  "interventions" : [

  ],
  "parameter_embedding" : {
    "enabled" : true,
    "mix" : "stoch",
    "mix_seed" : 42
  },
  "params" : {
    "R" : 11.640595,
    "a" : [
      [
        0.49600202,
        0.86867446,
        0.9496216
      ],
      [
        0.5385623,
        0.3849159,
        0.11375326
      ],
      [
        0.8695747,
        0.45734107,
        0.016474009
      ]
    ],
    "b" : [
      [
        0.29839438,
        0.04155004,
        0.7590198
      ],
      [
        0.50604534,
        0.24655229,
        0.7687753
      ],
      [
        0.7178727,
        0.9271045,
        0.48306632
      ]
    ],
    "h" : [
      0.5394682,
      0.9798821,
      0.6726686
    ],
    "m" : [
      0.21283238,
      0.107430756,
      0.45373613
    ],
    "mode" : "explicit",
    "r" : [
      0.8278503,
      0.52657336,
      0.66605705
    ],
    "s" : [
      0.124995776,
      0.00862746,
      0.16542862
    ],
    "w" : [
      [
        0.18371513,
        0.40396804,
        0.21127737
      ],
      [
        0.47425732,
        0.46041808,
        0.36045465
      ],
      [
        0.48706806,
        0.3586393,
        0.4215437
      ]
    ]
  },
  "profile" : "experimental",
  "reintegration" : {
    "border" : "torus",
    "dd" : 5,
    "sigma" : 0.65
  },
  "run" : {
    "steps" : 500
  }
}