{
  "centroids" : [
    [
      63.70727,
      63.545353
    ],
    [
      63.838604,
      63.81059
    ],
    [
      63.463516,
      63.356895
    ],
    [
      63.48122,
      63.499737
    ],
    [
      63.61304,
      63.635418
    ],
    [
      63.418858,
      63.41862
    ],
    [
      63.503063,
      63.686703
    ],
    [
      63.202972,
      63.39222
    ],
    [
      63.406467,
      63.563362
    ],
    [
      63.366863,
      63.484253
    ],
    [
      63.090782,
      63.19483
    ],
    [
      63.148876,
      63.200714
    ]
  ],
  "fps" : 10,
  "frameCount" : 12,
  "framesPath" : "releases\/qg-20260228-real-creatures\/runs\/qg-nnea-s300096\/ac087a34-023f-4264-a9e5-90c42c70b790\/frames.bin",
  "height" : 128,
  "palette" : "lenia-spectrum",
  "velocities" : [
    [
      0,
      0
    ],
    [
      0.1313324,
      0.2652359
    ],
    [
      -0.37508774,
      -0.4536934
    ],
    [
      0.01770401,
      0.14284134
    ],
    [
      0.13182068,
      0.13568115
    ],
    [
      -0.19418335,
      -0.21679688
    ],
    [
      0.08420563,
      0.26808167
    ],
    [
      -0.3000908,
      -0.29448318
    ],
    [
      0.20349503,
      0.17114258
    ],
    [
      -0.039604187,
      -0.07910919
    ],
    [
      -0.2760811,
      -0.28942108
    ],
    [
      0.058094025,
      0.005882263
    ]
  ],
  "width" : 128
}