{
  "backend" : "mlx",
  "channels" : 1,
  "connectivity" : [
    [
      3
    ]
  ],
  "flow" : {
    "dt" : 0.2,
    "n" : 2,
    "theta_A" : 2
  },
  "grid" : {
    "sx" : 128,
    "sy" : 128
  },
  "implementation" : {
    "mode" : "paper"
  },
  "init" : {
    "a_uniform" : {
      "high" : 1,
      "low" : 0
    },
    "p_uniform" : {
      "high" : 1,
      "low" : 0
    },
    "patches" : [
      {
        "center" : [
          32,
          32
        ],
        "size" : 24
      },
      {
        "center" : [
          96,
          96
        ],
        "size" : 24
      }
    ],
    "seed" : 300035
  },
  "interventions" : [

  ],
  "parameter_embedding" : {
    "enabled" : true,
    "mix" : "stoch",
    "mix_seed" : 42
  },
  "params" : {
    "R" : 14.5162525,
    "a" : [
      [
        0.7802767,
        0.60822755,
        0.29945326
      ],
      [
        0.36772633,
        0.31639332,
        0.4613942
      ],
      [
        0.3244971,
        0.7033837,
        0.7307513
      ]
    ],
    "b" : [
      [
        0.44716865,
        0.38431948,
        0.45501727
      ],
      [
        0.7498744,
        0.35057414,
        0.90783256
      ],
      [
        0.46762162,
        0.40621006,
        0.86192614
      ]
    ],
    "h" : [
      0.11515385,
      0.643829,
      0.6957616
    ],
    "m" : [
      0.11312789,
      0.4788151,
      0.3941516
    ],
    "mode" : "explicit",
    "r" : [
      0.80059874,
      0.68399304,
      0.41836762
    ],
    "s" : [
      0.037645016,
      0.17752098,
      0.05668811
    ],
    "w" : [
      [
        0.31965032,
        0.381429,
        0.47190776
      ],
      [
        0.07685281,
        0.22985667,
        0.070203625
      ],
      [
        0.4285108,
        0.32664245,
        0.33510488
      ]
    ]
  },
  "profile" : "experimental",
  "reintegration" : {
    "border" : "torus",
    "dd" : 5,
    "sigma" : 0.65
  },
  "run" : {
    "steps" : 500
  }
}