{
  "centroids" : [
    [
      63.674637,
      63.75424
    ],
    [
      63.62902,
      63.693237
    ],
    [
      63.522545,
      63.59555
    ],
    [
      63.520164,
      63.573456
    ],
    [
      63.56041,
      63.627037
    ],
    [
      63.57407,
      63.646744
    ],
    [
      63.500275,
      63.56566
    ],
    [
      63.37483,
      63.47732
    ],
    [
      63.334297,
      63.444332
    ],
    [
      63.342514,
      63.431988
    ],
    [
      63.35675,
      63.444588
    ],
    [
      63.353638,
      63.44308
    ]
  ],
  "fps" : 10,
  "frameCount" : 12,
  "framesPath" : "releases\/qg-20260228-real-creatures\/runs\/qg-nnea-s300032\/710fbaba-907d-4392-9369-f72c4f97cb14\/frames.bin",
  "height" : 128,
  "palette" : "lenia-spectrum",
  "velocities" : [
    [
      0,
      0
    ],
    [
      -0.04561615,
      -0.061000824
    ],
    [
      -0.10647583,
      -0.09768677
    ],
    [
      -0.002380371,
      -0.022094727
    ],
    [
      0.040245056,
      0.053581238
    ],
    [
      0.013660431,
      0.019706726
    ],
    [
      -0.07379532,
      -0.081085205
    ],
    [
      -0.12544632,
      -0.088336945
    ],
    [
      -0.04053116,
      -0.032989502
    ],
    [
      0.008216858,
      -0.01234436
    ],
    [
      0.01423645,
      0.012599945
    ],
    [
      -0.003112793,
      -0.0015068054
    ]
  ],
  "width" : 128
}