{
  "centroids" : [
    [
      63.376446,
      63.48982
    ],
    [
      63.375587,
      63.47183
    ],
    [
      63.43811,
      63.61296
    ],
    [
      63.73207,
      63.806908
    ],
    [
      63.83675,
      63.839836
    ],
    [
      63.800426,
      63.891155
    ],
    [
      63.811573,
      63.84395
    ],
    [
      63.8593,
      63.79044
    ],
    [
      63.76464,
      63.86791
    ],
    [
      63.73321,
      63.890274
    ],
    [
      63.73994,
      63.95443
    ],
    [
      63.822845,
      63.905907
    ],
    [
      63.726147,
      63.956566
    ],
    [
      63.70484,
      63.971615
    ],
    [
      63.708553,
      63.957428
    ],
    [
      63.683887,
      63.926983
    ],
    [
      63.686882,
      63.9183
    ],
    [
      63.67135,
      63.90868
    ],
    [
      63.803104,
      63.79472
    ],
    [
      63.553905,
      63.93533
    ],
    [
      63.48175,
      64.03861
    ],
    [
      63.654095,
      63.915474
    ],
    [
      63.666794,
      63.847847
    ],
    [
      63.700806,
      63.78641
    ],
    [
      63.70981,
      63.773888
    ],
    [
      63.69191,
      63.790836
    ],
    [
      63.70872,
      63.780865
    ],
    [
      63.718494,
      63.792725
    ],
    [
      63.736835,
      63.7943
    ],
    [
      63.75743,
      63.774097
    ],
    [
      63.774612,
      63.77231
    ],
    [
      63.857567,
      63.73063
    ],
    [
      63.952396,
      63.731327
    ],
    [
      63.99376,
      63.72436
    ],
    [
      64.0127,
      63.686058
    ],
    [
      63.994366,
      63.659996
    ]
  ],
  "fps" : 12,
  "frameCount" : 36,
  "framesPath" : "releases\/orbium-like-20260307\/runs\/glider-family-luminous-spiral-4134-c000-s0\/dfebd3fd-aa16-49c5-8480-fb6b2fe28413\/frames.bin",
  "height" : 128,
  "palette" : "lenia-spectrum",
  "velocities" : [
    [
      0,
      0
    ],
    [
      -0.0008583069,
      -0.017990112
    ],
    [
      0.06252289,
      0.14113235
    ],
    [
      0.29396057,
      0.19394684
    ],
    [
      0.10467911,
      0.032928467
    ],
    [
      -0.036323547,
      0.051319122
    ],
    [
      0.011146545,
      -0.04720688
    ],
    [
      0.047725677,
      -0.05350876
    ],
    [
      -0.0946579,
      0.07746887
    ],
    [
      -0.03142929,
      0.02236557
    ],
    [
      0.006729126,
      0.06415558
    ],
    [
      0.082904816,
      -0.04852295
    ],
    [
      -0.09669876,
      0.05065918
    ],
    [
      -0.021305084,
      0.015048981
    ],
    [
      0.0037117004,
      -0.014186859
    ],
    [
      -0.024665833,
      -0.030445099
    ],
    [
      0.0029945374,
      -0.008682251
    ],
    [
      -0.015533447,
      -0.0096206665
    ],
    [
      0.13175583,
      -0.113960266
    ],
    [
      -0.24919891,
      0.14060974
    ],
    [
      -0.072155,
      0.10328293
    ],
    [
      0.17234421,
      -0.12313843
    ],
    [
      0.012699127,
      -0.06762695
    ],
    [
      0.03401184,
      -0.0614357
    ],
    [
      0.009002686,
      -0.012523651
    ],
    [
      -0.01789856,
      0.0169487
    ],
    [
      0.01681137,
      -0.009971619
    ],
    [
      0.009773254,
      0.011859894
    ],
    [
      0.018341064,
      0.00157547
    ],
    [
      0.02059555,
      -0.020202637
    ],
    [
      0.017181396,
      -0.001789093
    ],
    [
      0.08295441,
      -0.041679382
    ],
    [
      0.09482956,
      0.0006980896
    ],
    [
      0.041362762,
      -0.006965637
    ],
    [
      0.018943787,
      -0.038303375
    ],
    [
      -0.01833725,
      -0.026062012
    ]
  ],
  "width" : 128
}