{
  "centroids" : [
    [
      62.596592,
      62.60022
    ],
    [
      62.301117,
      62.30795
    ],
    [
      61.995644,
      62.062195
    ],
    [
      61.87483,
      61.86724
    ],
    [
      61.838768,
      61.874893
    ],
    [
      61.487595,
      61.555176
    ],
    [
      61.421307,
      61.49371
    ],
    [
      61.456387,
      61.45164
    ],
    [
      61.511635,
      61.524258
    ],
    [
      61.647697,
      61.66325
    ],
    [
      61.83219,
      61.864624
    ],
    [
      61.923008,
      61.99793
    ]
  ],
  "fps" : 10,
  "frameCount" : 12,
  "framesPath" : "releases\/qg-20260228-real-creatures\/runs\/qg-nnea-s300160\/7951858f-6796-4420-b454-4c52e294cb7c\/frames.bin",
  "height" : 128,
  "palette" : "lenia-spectrum",
  "velocities" : [
    [
      0,
      0
    ],
    [
      -0.295475,
      -0.29227066
    ],
    [
      -0.30547333,
      -0.24575424
    ],
    [
      -0.12081528,
      -0.19495392
    ],
    [
      -0.036060333,
      0.0076522827
    ],
    [
      -0.3511734,
      -0.3197174
    ],
    [
      -0.066287994,
      -0.061466217
    ],
    [
      0.035079956,
      -0.04206848
    ],
    [
      0.05524826,
      0.07261658
    ],
    [
      0.13606262,
      0.13899231
    ],
    [
      0.18449402,
      0.20137405
    ],
    [
      0.0908165,
      0.1333046
    ]
  ],
  "width" : 128
}