{
  "backend" : "mlx",
  "channels" : 1,
  "connectivity" : [
    [
      3
    ]
  ],
  "flow" : {
    "dt" : 0.2,
    "n" : 2,
    "theta_A" : 2
  },
  "grid" : {
    "sx" : 128,
    "sy" : 128
  },
  "implementation" : {
    "mode" : "paper"
  },
  "init" : {
    "a_uniform" : {
      "high" : 1,
      "low" : 0
    },
    "p_uniform" : {
      "high" : 1,
      "low" : 0
    },
    "patches" : [
      {
        "center" : [
          32,
          32
        ],
        "size" : 24
      },
      {
        "center" : [
          96,
          96
        ],
        "size" : 24
      }
    ],
    "seed" : 300022
  },
  "interventions" : [

  ],
  "parameter_embedding" : {
    "enabled" : true,
    "mix" : "stoch",
    "mix_seed" : 42
  },
  "params" : {
    "R" : 6.011014,
    "a" : [
      [
        0.1305514,
        0.41761148,
        0.32454216
      ],
      [
        0.52285683,
        0.17629975,
        0.6386823
      ],
      [
        0.54456687,
        0.9902948,
        0.19594753
      ]
    ],
    "b" : [
      [
        0.21445906,
        0.61703306,
        0.76713157
      ],
      [
        0.5061637,
        0.8533726,
        0.45231146
      ],
      [
        0.62224555,
        0.89227295,
        0.28297305
      ]
    ],
    "h" : [
      0.6114282,
      0.36345237,
      0.522175
    ],
    "m" : [
      0.07122979,
      0.25059658,
      0.22312097
    ],
    "mode" : "explicit",
    "r" : [
      0.6857864,
      0.6731504,
      0.8820337
    ],
    "s" : [
      0.16866471,
      0.13689286,
      0.16137008
    ],
    "w" : [
      [
        0.14897563,
        0.095238194,
        0.04337641
      ],
      [
        0.16825792,
        0.2934718,
        0.38632345
      ],
      [
        0.44066164,
        0.35041317,
        0.23600349
      ]
    ]
  },
  "profile" : "experimental",
  "reintegration" : {
    "border" : "torus",
    "dd" : 5,
    "sigma" : 0.65
  },
  "run" : {
    "steps" : 500
  }
}