{
  "backend" : "mlx",
  "channels" : 1,
  "connectivity" : [
    [
      3
    ]
  ],
  "flow" : {
    "dt" : 0.2,
    "n" : 2,
    "theta_A" : 2
  },
  "grid" : {
    "sx" : 128,
    "sy" : 128
  },
  "implementation" : {
    "mode" : "paper"
  },
  "init" : {
    "a_uniform" : {
      "high" : 1,
      "low" : 0
    },
    "p_uniform" : {
      "high" : 1,
      "low" : 0
    },
    "patches" : [
      {
        "center" : [
          32,
          32
        ],
        "size" : 24
      },
      {
        "center" : [
          96,
          96
        ],
        "size" : 24
      }
    ],
    "seed" : 300171
  },
  "interventions" : [

  ],
  "parameter_embedding" : {
    "enabled" : true,
    "mix" : "stoch",
    "mix_seed" : 42
  },
  "params" : {
    "R" : 9.5445385,
    "a" : [
      [
        0.3780179,
        0.00477618,
        0.8982845
      ],
      [
        0.36614585,
        0.82762593,
        0.78034157
      ],
      [
        0.19392836,
        0.5910406,
        0.28000212
      ]
    ],
    "b" : [
      [
        0.43245,
        0.03633213,
        0.73759913
      ],
      [
        0.9595125,
        0.07110047,
        0.23307306
      ],
      [
        0.41586506,
        0.8863436,
        0.75390494
      ]
    ],
    "h" : [
      0.71588165,
      0.7182697,
      0.10294825
    ],
    "m" : [
      0.44268855,
      0.3259054,
      0.24133451
    ],
    "mode" : "explicit",
    "r" : [
      0.6906781,
      0.75753117,
      0.7615447
    ],
    "s" : [
      0.07476652,
      0.01656017,
      0.120304786
    ],
    "w" : [
      [
        0.43897748,
        0.47401783,
        0.40294504
      ],
      [
        0.13565852,
        0.2239731,
        0.39158168
      ],
      [
        0.36592042,
        0.19114952,
        0.086206004
      ]
    ]
  },
  "profile" : "experimental",
  "reintegration" : {
    "border" : "torus",
    "dd" : 5,
    "sigma" : 0.65
  },
  "run" : {
    "steps" : 500
  }
}