{
  "centroids" : [
    [
      61.774036,
      62.045677
    ],
    [
      62.075233,
      62.34299
    ],
    [
      61.948883,
      62.204376
    ],
    [
      62.193203,
      62.443443
    ],
    [
      62.229023,
      62.441265
    ],
    [
      62.13566,
      62.31266
    ],
    [
      61.945637,
      62.116238
    ],
    [
      61.90962,
      62.14108
    ],
    [
      61.946728,
      62.198326
    ],
    [
      61.99941,
      62.2529
    ],
    [
      62.12032,
      62.40738
    ],
    [
      62.34718,
      62.5965
    ]
  ],
  "fps" : 10,
  "frameCount" : 12,
  "framesPath" : "releases\/qg-20260228-real-creatures\/runs\/qg-nnea-s300160\/81ac42f7-e2bd-4453-9d3c-03f120451c6a\/frames.bin",
  "height" : 128,
  "palette" : "lenia-spectrum",
  "velocities" : [
    [
      0,
      0
    ],
    [
      0.30119705,
      0.2973137
    ],
    [
      -0.1263504,
      -0.13861465
    ],
    [
      0.24431992,
      0.23906708
    ],
    [
      0.035820007,
      -0.0021781921
    ],
    [
      -0.093364716,
      -0.12860489
    ],
    [
      -0.19002151,
      -0.19642258
    ],
    [
      -0.03601837,
      0.024841309
    ],
    [
      0.037109375,
      0.057247162
    ],
    [
      0.05268097,
      0.05457306
    ],
    [
      0.120910645,
      0.15447998
    ],
    [
      0.22686005,
      0.18912125
    ]
  ],
  "width" : 128
}