{
  "backend" : "mlx",
  "beam_mutation" : {
    "enabled" : true,
    "patch_size" : 10,
    "probability" : 0.02,
    "seed" : 99,
    "std" : 0.1
  },
  "channels" : 1,
  "connectivity" : [
    [
      3
    ]
  ],
  "environment" : {
    "depth" : 2,
    "passage_width" : 6,
    "type" : "cross_map",
    "wall_thickness" : 3,
    "wall_value" : -10
  },
  "flow" : {
    "dt" : 0.2,
    "n" : 2,
    "theta_A" : 2
  },
  "grid" : {
    "sx" : 128,
    "sy" : 128
  },
  "implementation" : {
    "mode" : "paper"
  },
  "init" : {
    "a_uniform" : {
      "high" : 1,
      "low" : 0
    },
    "p_uniform" : {
      "high" : 1,
      "low" : 0
    },
    "patches" : [
      {
        "center" : [
          32,
          32
        ],
        "size" : 20
      },
      {
        "center" : [
          96,
          32
        ],
        "size" : 20
      },
      {
        "center" : [
          32,
          96
        ],
        "size" : 20
      },
      {
        "center" : [
          96,
          96
        ],
        "size" : 20
      }
    ],
    "seed" : 78
  },
  "interventions" : [

  ],
  "parameter_embedding" : {
    "enabled" : true,
    "mix" : "stoch_gene_wise",
    "mix_seed" : 42
  },
  "params" : {
    "R" : 4.863528,
    "a" : [
      [
        0.4545272,
        0.00017917156,
        0.057798445
      ],
      [
        0.7589916,
        0.87414986,
        0.44715166
      ],
      [
        0.7343088,
        0.45242375,
        0.59529924
      ]
    ],
    "b" : [
      [
        0.88271433,
        0.15804249,
        0.23844582
      ],
      [
        0.7933409,
        0.93943596,
        0.36346
      ],
      [
        0.17265564,
        0.9741755,
        0.90847224
      ]
    ],
    "h" : [
      0.32382387,
      0.20880878,
      0.46607578
    ],
    "m" : [
      0.32683614,
      0.42186797,
      0.3013166
    ],
    "mode" : "explicit",
    "r" : [
      0.8996386,
      0.6067861,
      0.72030294
    ],
    "s" : [
      0.004200612,
      0.04239583,
      0.1167789
    ],
    "w" : [
      [
        0.31105667,
        0.4147136,
        0.35280365
      ],
      [
        0.4245047,
        0.49617535,
        0.13632719
      ],
      [
        0.07846745,
        0.32116082,
        0.09815935
      ]
    ]
  },
  "profile" : "experimental",
  "reintegration" : {
    "border" : "wall",
    "dd" : 5,
    "sigma" : 0.65
  },
  "run" : {
    "steps" : 500
  }
}