{
  "backend" : "mlx",
  "channels" : 1,
  "connectivity" : [
    [
      3
    ]
  ],
  "flow" : {
    "dt" : 0.2,
    "n" : 2,
    "theta_A" : 2
  },
  "grid" : {
    "sx" : 128,
    "sy" : 128
  },
  "implementation" : {
    "mode" : "paper"
  },
  "init" : {
    "a_uniform" : {
      "high" : 1,
      "low" : 0
    },
    "p_uniform" : {
      "high" : 1,
      "low" : 0
    },
    "patches" : [
      {
        "center" : [
          32,
          32
        ],
        "size" : 24
      },
      {
        "center" : [
          96,
          96
        ],
        "size" : 24
      }
    ],
    "seed" : 300138
  },
  "interventions" : [

  ],
  "parameter_embedding" : {
    "enabled" : true,
    "mix" : "stoch",
    "mix_seed" : 42
  },
  "params" : {
    "R" : 11.766145,
    "a" : [
      [
        0.5033305,
        0.99275064,
        0.6621318
      ],
      [
        0.400863,
        0.5001214,
        0.053393006
      ],
      [
        0.07274842,
        0.9636057,
        0.19765586
      ]
    ],
    "b" : [
      [
        0.48773938,
        0.57345253,
        0.26581955
      ],
      [
        0.4808253,
        0.7064916,
        0.058039427
      ],
      [
        0.59488225,
        0.05716914,
        0.2353555
      ]
    ],
    "h" : [
      0.7272867,
      0.47530574,
      0.62425715
    ],
    "m" : [
      0.050118234,
      0.19368789,
      0.418485
    ],
    "mode" : "explicit",
    "r" : [
      0.6754452,
      0.6237549,
      0.2959084
    ],
    "s" : [
      0.01777547,
      0.022210682,
      0.10467974
    ],
    "w" : [
      [
        0.45440593,
        0.29967722,
        0.31662926
      ],
      [
        0.37944236,
        0.3353687,
        0.21349454
      ],
      [
        0.094967104,
        0.2665658,
        0.194161
      ]
    ]
  },
  "profile" : "experimental",
  "reintegration" : {
    "border" : "torus",
    "dd" : 5,
    "sigma" : 0.65
  },
  "run" : {
    "steps" : 500
  }
}