{
  "backend" : "mlx",
  "channels" : 1,
  "connectivity" : [
    [
      3
    ]
  ],
  "flow" : {
    "dt" : 0.2,
    "n" : 2,
    "theta_A" : 2
  },
  "grid" : {
    "sx" : 128,
    "sy" : 128
  },
  "implementation" : {
    "mode" : "paper"
  },
  "init" : {
    "a_uniform" : {
      "high" : 1,
      "low" : 0
    },
    "p_uniform" : {
      "high" : 1,
      "low" : 0
    },
    "patches" : [
      {
        "center" : [
          32,
          32
        ],
        "size" : 24
      },
      {
        "center" : [
          96,
          96
        ],
        "size" : 24
      }
    ],
    "seed" : 300206
  },
  "interventions" : [

  ],
  "parameter_embedding" : {
    "enabled" : true,
    "mix" : "stoch",
    "mix_seed" : 42
  },
  "params" : {
    "R" : 10.164666,
    "a" : [
      [
        0.40034026,
        0.95675695,
        0.82522297
      ],
      [
        0.07844472,
        0.37010485,
        0.074803114
      ],
      [
        0.21828979,
        0.19582367,
        0.42156214
      ]
    ],
    "b" : [
      [
        0.15273553,
        0.47439706,
        0.8918246
      ],
      [
        0.69872946,
        0.28077585,
        0.25547135
      ],
      [
        0.39164096,
        0.51245254,
        0.605444
      ]
    ],
    "h" : [
      0.24052095,
      0.2922148,
      0.86135536
    ],
    "m" : [
      0.2521647,
      0.25944948,
      0.27667424
    ],
    "mode" : "explicit",
    "r" : [
      0.9581443,
      0.515142,
      0.68499833
    ],
    "s" : [
      0.18630956,
      0.19911857,
      0.12216337
    ],
    "w" : [
      [
        0.3673274,
        0.07571695,
        0.2350664
      ],
      [
        0.038206078,
        0.030094678,
        0.028500628
      ],
      [
        0.17233211,
        0.04616777,
        0.1705597
      ]
    ]
  },
  "profile" : "experimental",
  "reintegration" : {
    "border" : "torus",
    "dd" : 5,
    "sigma" : 0.65
  },
  "run" : {
    "steps" : 500
  }
}