{
  "centroids" : [
    [
      64.49032,
      64.61796
    ],
    [
      64.32146,
      64.45708
    ],
    [
      64.34342,
      64.53709
    ],
    [
      64.29092,
      64.49101
    ],
    [
      64.23042,
      64.36092
    ],
    [
      63.999187,
      64.14023
    ],
    [
      64.25298,
      64.38431
    ],
    [
      64.27259,
      64.39994
    ],
    [
      64.344826,
      64.44701
    ],
    [
      64.41369,
      64.44731
    ],
    [
      64.663574,
      64.684
    ],
    [
      64.5424,
      64.62444
    ]
  ],
  "fps" : 10,
  "frameCount" : 12,
  "framesPath" : "releases\/qg-20260228-real-creatures\/runs\/qg-nnea-s300192\/e76b1c12-096f-404d-9ad6-37228201c99e\/frames.bin",
  "height" : 128,
  "palette" : "lenia-spectrum",
  "velocities" : [
    [
      0,
      0
    ],
    [
      -0.16886139,
      -0.16088104
    ],
    [
      0.021965027,
      0.08000946
    ],
    [
      -0.052505493,
      -0.046073914
    ],
    [
      -0.06049347,
      -0.1300888
    ],
    [
      -0.2312355,
      -0.2206955
    ],
    [
      0.25379562,
      0.24407959
    ],
    [
      0.019607544,
      0.01563263
    ],
    [
      0.07223511,
      0.047065735
    ],
    [
      0.068862915,
      0.00030517578
    ],
    [
      0.24988556,
      0.2366867
    ],
    [
      -0.12117767,
      -0.059555054
    ]
  ],
  "width" : 128
}