{
  "backend" : "mlx",
  "beam_mutation" : {
    "enabled" : true,
    "patch_size" : 10,
    "probability" : 0.02,
    "seed" : 99,
    "std" : 0.1
  },
  "channels" : 1,
  "connectivity" : [
    [
      3
    ]
  ],
  "environment" : {
    "depth" : 2,
    "passage_width" : 6,
    "type" : "cross_map",
    "wall_thickness" : 3,
    "wall_value" : -10
  },
  "flow" : {
    "dt" : 0.2,
    "n" : 2,
    "theta_A" : 2
  },
  "grid" : {
    "sx" : 128,
    "sy" : 128
  },
  "implementation" : {
    "mode" : "paper"
  },
  "init" : {
    "a_uniform" : {
      "high" : 1,
      "low" : 0
    },
    "p_uniform" : {
      "high" : 1,
      "low" : 0
    },
    "patches" : [
      {
        "center" : [
          32,
          32
        ],
        "size" : 20
      },
      {
        "center" : [
          96,
          32
        ],
        "size" : 20
      },
      {
        "center" : [
          32,
          96
        ],
        "size" : 20
      },
      {
        "center" : [
          96,
          96
        ],
        "size" : 20
      }
    ],
    "seed" : 4
  },
  "interventions" : [

  ],
  "parameter_embedding" : {
    "enabled" : true,
    "mix" : "stoch_gene_wise",
    "mix_seed" : 42
  },
  "params" : {
    "R" : 5.9314437,
    "a" : [
      [
        0.8647351,
        0.09513295,
        0.8227658
      ],
      [
        0.93306226,
        0.6120086,
        0.051797807
      ],
      [
        0.7937947,
        0.740937,
        0.5824586
      ]
    ],
    "b" : [
      [
        0.15216017,
        0.6385619,
        0.46662748
      ],
      [
        0.96628,
        0.34380335,
        0.738506
      ],
      [
        0.7446563,
        0.90463907,
        0.18547869
      ]
    ],
    "h" : [
      0.96500564,
      0.52235717,
      0.23642498
    ],
    "m" : [
      0.1436111,
      0.13525964,
      0.22297938
    ],
    "mode" : "explicit",
    "r" : [
      0.9068792,
      0.43623888,
      0.6452578
    ],
    "s" : [
      0.15679331,
      0.11489557,
      0.016449327
    ],
    "w" : [
      [
        0.30989152,
        0.32700664,
        0.23494506
      ],
      [
        0.11298235,
        0.3196265,
        0.30995128
      ],
      [
        0.46621996,
        0.33985525,
        0.42232293
      ]
    ]
  },
  "profile" : "experimental",
  "reintegration" : {
    "border" : "wall",
    "dd" : 5,
    "sigma" : 0.65
  },
  "run" : {
    "steps" : 500
  }
}