{
  "centroids" : [
    [
      63.567688,
      63.51451
    ],
    [
      63.834824,
      63.694695
    ],
    [
      63.319736,
      63.185856
    ],
    [
      63.329205,
      63.291664
    ],
    [
      63.200897,
      63.12999
    ],
    [
      63.46102,
      63.391747
    ],
    [
      63.108166,
      62.92274
    ],
    [
      63.263317,
      63.168915
    ],
    [
      63.488476,
      63.35588
    ],
    [
      63.319477,
      63.22541
    ],
    [
      63.33976,
      63.257305
    ],
    [
      63.322933,
      63.272106
    ]
  ],
  "fps" : 10,
  "frameCount" : 12,
  "framesPath" : "releases\/qg-20260228-real-creatures\/runs\/qg-nnea-s300000\/85a8c799-7882-4ede-9ea5-627b7bf0469c\/frames.bin",
  "height" : 128,
  "palette" : "lenia-spectrum",
  "velocities" : [
    [
      0,
      0
    ],
    [
      0.26713562,
      0.18018341
    ],
    [
      -0.5150871,
      -0.50883865
    ],
    [
      0.009468079,
      0.10580826
    ],
    [
      -0.12830734,
      -0.1616745
    ],
    [
      0.2601242,
      0.2617569
    ],
    [
      -0.35285568,
      -0.46900558
    ],
    [
      0.15515137,
      0.24617386
    ],
    [
      0.22515869,
      0.18696594
    ],
    [
      -0.16899872,
      -0.13047028
    ],
    [
      0.020282745,
      0.031894684
    ],
    [
      -0.01682663,
      0.014801025
    ]
  ],
  "width" : 128
}