{
  "backend" : "mlx",
  "channels" : 1,
  "connectivity" : [
    [
      3
    ]
  ],
  "flow" : {
    "dt" : 0.2,
    "n" : 2,
    "theta_A" : 2
  },
  "grid" : {
    "sx" : 128,
    "sy" : 128
  },
  "implementation" : {
    "mode" : "paper"
  },
  "init" : {
    "a_uniform" : {
      "high" : 1,
      "low" : 0
    },
    "p_uniform" : {
      "high" : 1,
      "low" : 0
    },
    "patches" : [
      {
        "center" : [
          32,
          32
        ],
        "size" : 24
      },
      {
        "center" : [
          96,
          96
        ],
        "size" : 24
      }
    ],
    "seed" : 300101
  },
  "interventions" : [

  ],
  "parameter_embedding" : {
    "enabled" : true,
    "mix" : "stoch",
    "mix_seed" : 42
  },
  "params" : {
    "R" : 5.1606374,
    "a" : [
      [
        0.84158516,
        0.4907508,
        0.021165311
      ],
      [
        0.683053,
        0.8684159,
        0.07186377
      ],
      [
        0.5985929,
        0.18155241,
        0.14301157
      ]
    ],
    "b" : [
      [
        0.3489257,
        0.1886512,
        0.6003058
      ],
      [
        0.78564745,
        0.10711473,
        0.51020217
      ],
      [
        0.2904864,
        0.03915912,
        0.16836065
      ]
    ],
    "h" : [
      0.7420657,
      0.50750315,
      0.54788804
    ],
    "m" : [
      0.33281448,
      0.43704444,
      0.15412962
    ],
    "mode" : "explicit",
    "r" : [
      0.6092982,
      0.5347573,
      0.5692106
    ],
    "s" : [
      0.19293009,
      0.12576525,
      0.061878067
    ],
    "w" : [
      [
        0.09195188,
        0.03315024,
        0.41847572
      ],
      [
        0.26294354,
        0.11556337,
        0.33505425
      ],
      [
        0.49558833,
        0.22043633,
        0.016017018
      ]
    ]
  },
  "profile" : "experimental",
  "reintegration" : {
    "border" : "torus",
    "dd" : 5,
    "sigma" : 0.65
  },
  "run" : {
    "steps" : 500
  }
}