{
  "backend" : "mlx",
  "channels" : 1,
  "connectivity" : [
    [
      3
    ]
  ],
  "flow" : {
    "dt" : 0.2,
    "n" : 2,
    "theta_A" : 2
  },
  "grid" : {
    "sx" : 128,
    "sy" : 128
  },
  "implementation" : {
    "mode" : "paper"
  },
  "init" : {
    "a_uniform" : {
      "high" : 1,
      "low" : 0
    },
    "p_uniform" : {
      "high" : 1,
      "low" : 0
    },
    "patches" : [
      {
        "center" : [
          32,
          32
        ],
        "size" : 24
      },
      {
        "center" : [
          96,
          96
        ],
        "size" : 24
      }
    ],
    "seed" : 300218
  },
  "interventions" : [

  ],
  "parameter_embedding" : {
    "enabled" : true,
    "mix" : "stoch",
    "mix_seed" : 42
  },
  "params" : {
    "R" : 12.975927,
    "a" : [
      [
        0.7892157,
        0.61697054,
        0.7741121
      ],
      [
        0.94309646,
        0.74881196,
        0.34989458
      ],
      [
        0.5247551,
        0.7627454,
        0.858799
      ]
    ],
    "b" : [
      [
        0.8247882,
        0.08879286,
        0.50406677
      ],
      [
        0.9824408,
        0.7422776,
        0.5864724
      ],
      [
        0.8139292,
        0.4328879,
        0.25933927
      ]
    ],
    "h" : [
      0.75796443,
      0.956269,
      0.9996646
    ],
    "m" : [
      0.4190726,
      0.4901781,
      0.1934839
    ],
    "mode" : "explicit",
    "r" : [
      0.49728525,
      0.47815567,
      0.26330513
    ],
    "s" : [
      0.1939312,
      0.067785725,
      0.11327489
    ],
    "w" : [
      [
        0.35615838,
        0.20421045,
        0.39003974
      ],
      [
        0.14822586,
        0.22877444,
        0.43764135
      ],
      [
        0.18879531,
        0.17375436,
        0.3465245
      ]
    ]
  },
  "profile" : "experimental",
  "reintegration" : {
    "border" : "torus",
    "dd" : 5,
    "sigma" : 0.65
  },
  "run" : {
    "steps" : 500
  }
}