{
  "centroids" : [
    [
      63.577866,
      63.416702
    ],
    [
      63.454712,
      63.291126
    ],
    [
      63.438225,
      63.319847
    ],
    [
      63.366234,
      63.2081
    ],
    [
      63.387447,
      63.26045
    ],
    [
      63.348537,
      63.21369
    ],
    [
      63.323204,
      63.22688
    ],
    [
      63.104145,
      63.02814
    ],
    [
      63.010887,
      62.91447
    ],
    [
      62.898895,
      62.856846
    ],
    [
      63.078552,
      63.00535
    ],
    [
      63.058475,
      62.963184
    ]
  ],
  "fps" : 10,
  "frameCount" : 12,
  "framesPath" : "releases\/qg-20260228-real-creatures\/runs\/qg-nnea-s300192\/232ddd9d-697b-456e-9a6c-855418d705cc\/frames.bin",
  "height" : 128,
  "palette" : "lenia-spectrum",
  "velocities" : [
    [
      0,
      0
    ],
    [
      -0.12315369,
      -0.12557602
    ],
    [
      -0.016487122,
      0.028720856
    ],
    [
      -0.07199097,
      -0.11174774
    ],
    [
      0.021213531,
      0.05234909
    ],
    [
      -0.038909912,
      -0.046756744
    ],
    [
      -0.025333405,
      0.013187408
    ],
    [
      -0.21905899,
      -0.1987381
    ],
    [
      -0.093257904,
      -0.11367035
    ],
    [
      -0.11199188,
      -0.057624817
    ],
    [
      0.17965698,
      0.14850235
    ],
    [
      -0.020076752,
      -0.04216385
    ]
  ],
  "width" : 128
}