{
  "backend" : "mlx",
  "beam_mutation" : {
    "enabled" : true,
    "patch_size" : 10,
    "probability" : 0.02,
    "seed" : 99,
    "std" : 0.1
  },
  "channels" : 1,
  "connectivity" : [
    [
      3
    ]
  ],
  "environment" : {
    "depth" : 2,
    "passage_width" : 6,
    "type" : "cross_map",
    "wall_thickness" : 3,
    "wall_value" : -10
  },
  "flow" : {
    "dt" : 0.2,
    "n" : 2,
    "theta_A" : 2
  },
  "grid" : {
    "sx" : 128,
    "sy" : 128
  },
  "implementation" : {
    "mode" : "paper"
  },
  "init" : {
    "a_uniform" : {
      "high" : 1,
      "low" : 0
    },
    "p_uniform" : {
      "high" : 1,
      "low" : 0
    },
    "patches" : [
      {
        "center" : [
          32,
          32
        ],
        "size" : 20
      },
      {
        "center" : [
          96,
          32
        ],
        "size" : 20
      },
      {
        "center" : [
          32,
          96
        ],
        "size" : 20
      },
      {
        "center" : [
          96,
          96
        ],
        "size" : 20
      }
    ],
    "seed" : 56
  },
  "interventions" : [

  ],
  "parameter_embedding" : {
    "enabled" : true,
    "mix" : "stoch_gene_wise",
    "mix_seed" : 42
  },
  "params" : {
    "R" : 8.657101,
    "a" : [
      [
        0.6779633,
        0.7237474,
        0.10195309
      ],
      [
        0.98661894,
        0.6715765,
        0.26383412
      ],
      [
        0.4340204,
        0.23283094,
        0.57478356
      ]
    ],
    "b" : [
      [
        0.40855974,
        0.06795776,
        0.6643546
      ],
      [
        0.99696165,
        0.87959385,
        0.1768046
      ],
      [
        0.9463674,
        0.17505443,
        0.30297244
      ]
    ],
    "h" : [
      0.03713125,
      0.99296755,
      0.59040356
    ],
    "m" : [
      0.1947509,
      0.24184091,
      0.3594773
    ],
    "mode" : "explicit",
    "r" : [
      0.9983781,
      0.85806394,
      0.62406266
    ],
    "s" : [
      0.027996741,
      0.16847461,
      0.0992623
    ],
    "w" : [
      [
        0.20989852,
        0.36442024,
        0.18943831
      ],
      [
        0.021215502,
        0.13807367,
        0.038528517
      ],
      [
        0.391096,
        0.4920441,
        0.0134117305
      ]
    ]
  },
  "profile" : "experimental",
  "reintegration" : {
    "border" : "wall",
    "dd" : 5,
    "sigma" : 0.65
  },
  "run" : {
    "steps" : 500
  }
}