{
  "backend" : "mlx",
  "channels" : 1,
  "connectivity" : [
    [
      3
    ]
  ],
  "flow" : {
    "dt" : 0.2,
    "n" : 2,
    "theta_A" : 2
  },
  "grid" : {
    "sx" : 128,
    "sy" : 128
  },
  "implementation" : {
    "mode" : "paper"
  },
  "init" : {
    "a_uniform" : {
      "high" : 1,
      "low" : 0
    },
    "p_uniform" : {
      "high" : 1,
      "low" : 0
    },
    "patches" : [
      {
        "center" : [
          32,
          32
        ],
        "size" : 24
      },
      {
        "center" : [
          96,
          96
        ],
        "size" : 24
      }
    ],
    "seed" : 300089
  },
  "interventions" : [

  ],
  "parameter_embedding" : {
    "enabled" : true,
    "mix" : "stoch",
    "mix_seed" : 42
  },
  "params" : {
    "R" : 16.868671,
    "a" : [
      [
        0.91025406,
        0.60725194,
        0.0030104518
      ],
      [
        0.9297111,
        0.42943722,
        0.3764133
      ],
      [
        0.55633205,
        0.48461342,
        0.49870765
      ]
    ],
    "b" : [
      [
        0.063611805,
        0.39498442,
        0.19359958
      ],
      [
        0.22694993,
        0.7105262,
        0.35268217
      ],
      [
        0.9185084,
        0.9068285,
        0.80193275
      ]
    ],
    "h" : [
      0.8190081,
      0.055354,
      0.13735545
    ],
    "m" : [
      0.25691783,
      0.47831511,
      0.22631863
    ],
    "mode" : "explicit",
    "r" : [
      0.54887766,
      0.69332355,
      0.514494
    ],
    "s" : [
      0.13042046,
      0.16645531,
      0.1516015
    ],
    "w" : [
      [
        0.49668828,
        0.13932607,
        0.40405622
      ],
      [
        0.1110843,
        0.19252317,
        0.09819145
      ],
      [
        0.12593076,
        0.34919462,
        0.43596593
      ]
    ]
  },
  "profile" : "experimental",
  "reintegration" : {
    "border" : "torus",
    "dd" : 5,
    "sigma" : 0.65
  },
  "run" : {
    "steps" : 500
  }
}