{
  "backend" : "mlx",
  "channels" : 1,
  "connectivity" : [
    [
      3
    ]
  ],
  "flow" : {
    "dt" : 0.2,
    "n" : 2,
    "theta_A" : 2
  },
  "grid" : {
    "sx" : 128,
    "sy" : 128
  },
  "implementation" : {
    "mode" : "paper"
  },
  "init" : {
    "a_uniform" : {
      "high" : 1,
      "low" : 0
    },
    "p_uniform" : {
      "high" : 1,
      "low" : 0
    },
    "patches" : [
      {
        "center" : [
          32,
          32
        ],
        "size" : 24
      },
      {
        "center" : [
          96,
          96
        ],
        "size" : 24
      }
    ],
    "seed" : 300032
  },
  "interventions" : [

  ],
  "parameter_embedding" : {
    "enabled" : true,
    "mix" : "stoch",
    "mix_seed" : 42
  },
  "params" : {
    "R" : 6.104928,
    "a" : [
      [
        0.01614201,
        0.7706951,
        0.6959733
      ],
      [
        0.5916318,
        0.51095533,
        0.07826686
      ],
      [
        0.4036634,
        0.032922626,
        0.5948304
      ]
    ],
    "b" : [
      [
        0.8543432,
        0.020371199,
        0.83618563
      ],
      [
        0.06864905,
        0.82851225,
        0.81216896
      ],
      [
        0.78206515,
        0.27782553,
        0.45781344
      ]
    ],
    "h" : [
      0.18114239,
      0.07533634,
      0.2711913
    ],
    "m" : [
      0.23468041,
      0.4648939,
      0.40283766
    ],
    "mode" : "explicit",
    "r" : [
      0.2496521,
      0.2063601,
      0.54745257
    ],
    "s" : [
      0.18233109,
      0.053400066,
      0.06055227
    ],
    "w" : [
      [
        0.15456328,
        0.30110657,
        0.4205062
      ],
      [
        0.36348486,
        0.06604725,
        0.48949596
      ],
      [
        0.39915502,
        0.1286397,
        0.07489266
      ]
    ]
  },
  "profile" : "experimental",
  "reintegration" : {
    "border" : "torus",
    "dd" : 5,
    "sigma" : 0.65
  },
  "run" : {
    "steps" : 500
  }
}