{
  "backend" : "mlx",
  "channels" : 1,
  "connectivity" : [
    [
      3
    ]
  ],
  "flow" : {
    "dt" : 0.2,
    "n" : 2,
    "theta_A" : 2
  },
  "grid" : {
    "sx" : 128,
    "sy" : 128
  },
  "implementation" : {
    "mode" : "paper"
  },
  "init" : {
    "a_uniform" : {
      "high" : 1,
      "low" : 0
    },
    "p_uniform" : {
      "high" : 1,
      "low" : 0
    },
    "patches" : [
      {
        "center" : [
          32,
          32
        ],
        "size" : 24
      },
      {
        "center" : [
          96,
          96
        ],
        "size" : 24
      }
    ],
    "seed" : 300040
  },
  "interventions" : [

  ],
  "parameter_embedding" : {
    "enabled" : true,
    "mix" : "stoch",
    "mix_seed" : 42
  },
  "params" : {
    "R" : 15.409217,
    "a" : [
      [
        0.41442966,
        0.27747786,
        0.68908215
      ],
      [
        0.8164349,
        0.16520852,
        0.25145453
      ],
      [
        0.3947311,
        0.18834049,
        0.26668668
      ]
    ],
    "b" : [
      [
        0.45060503,
        0.5078472,
        0.6939393
      ],
      [
        0.4688232,
        0.31777102,
        0.8101803
      ],
      [
        0.93012613,
        0.83730525,
        0.89374566
      ]
    ],
    "h" : [
      0.5978725,
      0.746783,
      0.38873124
    ],
    "m" : [
      0.47300044,
      0.25815824,
      0.40124518
    ],
    "mode" : "explicit",
    "r" : [
      0.55415744,
      0.26859322,
      0.6909256
    ],
    "s" : [
      0.056281324,
      0.12235327,
      0.039320994
    ],
    "w" : [
      [
        0.45905706,
        0.30957565,
        0.17532359
      ],
      [
        0.23876156,
        0.119826,
        0.044361502
      ],
      [
        0.22148122,
        0.3524182,
        0.38934344
      ]
    ]
  },
  "profile" : "experimental",
  "reintegration" : {
    "border" : "torus",
    "dd" : 5,
    "sigma" : 0.65
  },
  "run" : {
    "steps" : 500
  }
}