{
  "backend" : "mlx",
  "channels" : 1,
  "connectivity" : [
    [
      3
    ]
  ],
  "flow" : {
    "dt" : 0.2,
    "n" : 2,
    "theta_A" : 2
  },
  "grid" : {
    "sx" : 128,
    "sy" : 128
  },
  "implementation" : {
    "mode" : "paper"
  },
  "init" : {
    "a_uniform" : {
      "high" : 1,
      "low" : 0
    },
    "p_uniform" : {
      "high" : 1,
      "low" : 0
    },
    "patches" : [
      {
        "center" : [
          32,
          32
        ],
        "size" : 24
      },
      {
        "center" : [
          96,
          96
        ],
        "size" : 24
      }
    ],
    "seed" : 300173
  },
  "interventions" : [

  ],
  "parameter_embedding" : {
    "enabled" : true,
    "mix" : "stoch",
    "mix_seed" : 42
  },
  "params" : {
    "R" : 15.666079,
    "a" : [
      [
        0.78597075,
        0.50455534,
        0.45461214
      ],
      [
        0.25417644,
        0.18738717,
        0.7854918
      ],
      [
        0.95859325,
        0.79880446,
        0.3236838
      ]
    ],
    "b" : [
      [
        0.31638795,
        0.9659889,
        0.69031364
      ],
      [
        0.5574925,
        0.84108716,
        0.9971178
      ],
      [
        0.34568322,
        0.8009429,
        0.49162555
      ]
    ],
    "h" : [
      0.86871856,
      0.79269856,
      0.11088556
    ],
    "m" : [
      0.13210845,
      0.13940667,
      0.26676336
    ],
    "mode" : "explicit",
    "r" : [
      0.46697217,
      0.9182244,
      0.71003467
    ],
    "s" : [
      0.07448243,
      0.16746283,
      0.017838717
    ],
    "w" : [
      [
        0.24594373,
        0.2762146,
        0.39476123
      ],
      [
        0.27566034,
        0.2696824,
        0.24965684
      ],
      [
        0.28845996,
        0.18835339,
        0.4413648
      ]
    ]
  },
  "profile" : "experimental",
  "reintegration" : {
    "border" : "torus",
    "dd" : 5,
    "sigma" : 0.65
  },
  "run" : {
    "steps" : 500
  }
}