{
  "centroids" : [
    [
      63.527386,
      63.372448
    ],
    [
      63.36903,
      63.256054
    ],
    [
      63.372334,
      63.23093
    ],
    [
      63.398884,
      63.252563
    ],
    [
      63.40925,
      63.280594
    ],
    [
      63.38198,
      63.262615
    ],
    [
      63.33928,
      63.19165
    ],
    [
      63.22084,
      63.08086
    ],
    [
      63.211086,
      63.046177
    ],
    [
      63.246548,
      63.078407
    ],
    [
      63.408638,
      63.246372
    ],
    [
      63.38986,
      63.247448
    ]
  ],
  "fps" : 10,
  "frameCount" : 12,
  "framesPath" : "releases\/qg-20260228-real-creatures\/runs\/qg-nnea-s300160\/9a3ef9d2-7cfa-4936-b474-3bb675eba60d\/frames.bin",
  "height" : 128,
  "palette" : "lenia-spectrum",
  "velocities" : [
    [
      0,
      0
    ],
    [
      -0.15835571,
      -0.11639404
    ],
    [
      0.0033035278,
      -0.025123596
    ],
    [
      0.026550293,
      0.021633148
    ],
    [
      0.0103645325,
      0.028030396
    ],
    [
      -0.027267456,
      -0.017978668
    ],
    [
      -0.04270172,
      -0.07096481
    ],
    [
      -0.11843872,
      -0.11079025
    ],
    [
      -0.009754181,
      -0.034683228
    ],
    [
      0.035461426,
      0.032230377
    ],
    [
      0.1620903,
      0.16796494
    ],
    [
      -0.018779755,
      0.0010757446
    ]
  ],
  "width" : 128
}