{
  "backend" : "mlx",
  "beam_mutation" : {
    "enabled" : true,
    "patch_size" : 10,
    "probability" : 0.02,
    "seed" : 99,
    "std" : 0.1
  },
  "channels" : 1,
  "connectivity" : [
    [
      3
    ]
  ],
  "environment" : {
    "depth" : 2,
    "passage_width" : 6,
    "type" : "cross_map",
    "wall_thickness" : 3,
    "wall_value" : -10
  },
  "flow" : {
    "dt" : 0.2,
    "n" : 2,
    "theta_A" : 2
  },
  "grid" : {
    "sx" : 128,
    "sy" : 128
  },
  "implementation" : {
    "mode" : "paper"
  },
  "init" : {
    "a_uniform" : {
      "high" : 1,
      "low" : 0
    },
    "p_uniform" : {
      "high" : 1,
      "low" : 0
    },
    "patches" : [
      {
        "center" : [
          32,
          32
        ],
        "size" : 20
      },
      {
        "center" : [
          96,
          32
        ],
        "size" : 20
      },
      {
        "center" : [
          32,
          96
        ],
        "size" : 20
      },
      {
        "center" : [
          96,
          96
        ],
        "size" : 20
      }
    ],
    "seed" : 23
  },
  "interventions" : [

  ],
  "parameter_embedding" : {
    "enabled" : true,
    "mix" : "stoch_gene_wise",
    "mix_seed" : 42
  },
  "params" : {
    "R" : 9.208095,
    "a" : [
      [
        0.6903807,
        0.15555406,
        0.8338943
      ],
      [
        0.21084619,
        0.016190767,
        0.6647794
      ],
      [
        0.052482367,
        0.5393726,
        0.5113018
      ]
    ],
    "b" : [
      [
        0.12723887,
        0.658754,
        0.36577207
      ],
      [
        0.4421528,
        0.23443222,
        0.7933902
      ],
      [
        0.7865741,
        0.79388916,
        0.28188676
      ]
    ],
    "h" : [
      0.32781416,
      0.069833934,
      0.22318077
    ],
    "m" : [
      0.07429875,
      0.29953644,
      0.45050558
    ],
    "mode" : "explicit",
    "r" : [
      0.28439337,
      0.3857776,
      0.49151587
    ],
    "s" : [
      0.03838565,
      0.09084941,
      0.16642517
    ],
    "w" : [
      [
        0.39648983,
        0.181583,
        0.03600115
      ],
      [
        0.26378828,
        0.0107790185,
        0.13826276
      ],
      [
        0.46483147,
        0.16894187,
        0.13088618
      ]
    ]
  },
  "profile" : "experimental",
  "reintegration" : {
    "border" : "wall",
    "dd" : 5,
    "sigma" : 0.65
  },
  "run" : {
    "steps" : 500
  }
}