{
  "centroids" : [
    [
      63.523006,
      63.49525
    ],
    [
      63.66932,
      63.47928
    ],
    [
      63.80932,
      63.521603
    ],
    [
      64.23726,
      63.537903
    ],
    [
      63.96971,
      63.545288
    ],
    [
      64.16033,
      63.551342
    ],
    [
      64.270004,
      63.5884
    ],
    [
      64.297485,
      63.721615
    ],
    [
      64.44664,
      63.785496
    ],
    [
      64.57348,
      63.92169
    ],
    [
      64.76033,
      63.98317
    ],
    [
      65.0687,
      64.12207
    ],
    [
      64.9787,
      64.53594
    ],
    [
      65.23575,
      64.72247
    ],
    [
      65.401535,
      64.92438
    ],
    [
      65.49922,
      65.101654
    ],
    [
      65.67251,
      65.19308
    ],
    [
      65.78543,
      65.31514
    ],
    [
      65.96257,
      65.624626
    ],
    [
      66.14975,
      65.60058
    ],
    [
      66.19676,
      65.773674
    ],
    [
      66.27067,
      65.83801
    ],
    [
      66.34936,
      65.96866
    ],
    [
      66.43894,
      66.05536
    ],
    [
      66.53063,
      66.170044
    ],
    [
      66.6114,
      66.27491
    ],
    [
      66.68469,
      66.3314
    ],
    [
      66.789215,
      66.3948
    ],
    [
      66.93156,
      66.431435
    ],
    [
      66.99675,
      66.47289
    ],
    [
      67.04171,
      66.563576
    ],
    [
      67.16996,
      66.60704
    ],
    [
      67.18996,
      66.638466
    ],
    [
      67.258995,
      66.70221
    ],
    [
      67.30695,
      66.7878
    ],
    [
      67.34942,
      66.85192
    ]
  ],
  "fps" : 12,
  "frameCount" : 36,
  "framesPath" : "releases\/discovery-20260306-movers\/runs\/crossmap-motion-c000-s0\/9bfab2a8-cd48-4565-961d-70a603794877\/frames.bin",
  "height" : 128,
  "palette" : "lenia-spectrum",
  "velocities" : [
    [
      0,
      0
    ],
    [
      0.14631271,
      -0.015972137
    ],
    [
      0.13999939,
      0.042324066
    ],
    [
      0.42794037,
      0.016300201
    ],
    [
      -0.2675476,
      0.007385254
    ],
    [
      0.19062042,
      0.0060539246
    ],
    [
      0.10967255,
      0.037059784
    ],
    [
      0.02748108,
      0.13321304
    ],
    [
      0.14915466,
      0.06388092
    ],
    [
      0.12683868,
      0.13619614
    ],
    [
      0.1868515,
      0.06147766
    ],
    [
      0.3083725,
      0.13890076
    ],
    [
      -0.09000397,
      0.41387177
    ],
    [
      0.25704956,
      0.18653107
    ],
    [
      0.16578674,
      0.2019043
    ],
    [
      0.09768677,
      0.17727661
    ],
    [
      0.17328644,
      0.091423035
    ],
    [
      0.11292267,
      0.12206268
    ],
    [
      0.17713928,
      0.3094864
    ],
    [
      0.18717957,
      -0.024047852
    ],
    [
      0.04701233,
      0.1730957
    ],
    [
      0.073905945,
      0.064338684
    ],
    [
      0.078689575,
      0.13064575
    ],
    [
      0.08958435,
      0.08670044
    ],
    [
      0.09169006,
      0.11468506
    ],
    [
      0.08076477,
      0.10486603
    ],
    [
      0.07329559,
      0.056488037
    ],
    [
      0.104522705,
      0.06340027
    ],
    [
      0.14234161,
      0.036636353
    ],
    [
      0.065193176,
      0.04145813
    ],
    [
      0.044960022,
      0.09068298
    ],
    [
      0.12825012,
      0.04346466
    ],
    [
      0.019996643,
      0.031425476
    ],
    [
      0.06903839,
      0.06374359
    ],
    [
      0.047958374,
      0.08559418
    ],
    [
      0.04246521,
      0.06411743
    ]
  ],
  "width" : 128
}