{
  "backend" : "mlx",
  "channels" : 1,
  "connectivity" : [
    [
      3
    ]
  ],
  "flow" : {
    "dt" : 0.2,
    "n" : 2,
    "theta_A" : 2
  },
  "grid" : {
    "sx" : 128,
    "sy" : 128
  },
  "implementation" : {
    "mode" : "paper"
  },
  "init" : {
    "a_uniform" : {
      "high" : 1,
      "low" : 0
    },
    "p_uniform" : {
      "high" : 1,
      "low" : 0
    },
    "patches" : [
      {
        "center" : [
          32,
          32
        ],
        "size" : 24
      },
      {
        "center" : [
          96,
          96
        ],
        "size" : 24
      }
    ],
    "seed" : 300123
  },
  "interventions" : [

  ],
  "parameter_embedding" : {
    "enabled" : true,
    "mix" : "stoch",
    "mix_seed" : 42
  },
  "params" : {
    "R" : 15.276737,
    "a" : [
      [
        0.5076212,
        0.15805113,
        0.3006335
      ],
      [
        0.5304013,
        0.7553356,
        0.8119977
      ],
      [
        0.20966685,
        0.47004384,
        0.16260189
      ]
    ],
    "b" : [
      [
        0.51678985,
        0.66600317,
        0.2283417
      ],
      [
        0.2490825,
        0.8936828,
        0.6914032
      ],
      [
        0.77090716,
        0.5552742,
        0.96120733
      ]
    ],
    "h" : [
      0.1046108,
      0.5480959,
      0.70527065
    ],
    "m" : [
      0.22566733,
      0.05552044,
      0.1340855
    ],
    "mode" : "explicit",
    "r" : [
      0.23081513,
      0.20791359,
      0.5008085
    ],
    "s" : [
      0.14447361,
      0.046215463,
      0.09242709
    ],
    "w" : [
      [
        0.408482,
        0.10691185,
        0.26886088
      ],
      [
        0.46388805,
        0.18784225,
        0.15616854
      ],
      [
        0.48153803,
        0.35718617,
        0.3818183
      ]
    ]
  },
  "profile" : "experimental",
  "reintegration" : {
    "border" : "torus",
    "dd" : 5,
    "sigma" : 0.65
  },
  "run" : {
    "steps" : 500
  }
}