{
  "centroids" : [
    [
      63.28533,
      63.072918
    ],
    [
      63.303654,
      63.061996
    ],
    [
      63.714645,
      63.398952
    ],
    [
      63.26366,
      63.03055
    ],
    [
      63.275467,
      63.150826
    ],
    [
      63.471546,
      63.395924
    ],
    [
      63.71784,
      63.530766
    ],
    [
      63.759968,
      63.447456
    ],
    [
      63.7741,
      63.604736
    ],
    [
      63.82586,
      63.67017
    ],
    [
      64.64291,
      64.38129
    ],
    [
      64.85355,
      64.3814
    ]
  ],
  "fps" : 10,
  "frameCount" : 12,
  "framesPath" : "releases\/qg-20260228-real-creatures\/runs\/qg-nnea-s300096\/955bda34-94a2-492e-ba10-07753b814da7\/frames.bin",
  "height" : 128,
  "palette" : "lenia-spectrum",
  "velocities" : [
    [
      0,
      0
    ],
    [
      0.018321991,
      -0.010921478
    ],
    [
      0.41099167,
      0.33695602
    ],
    [
      -0.45098495,
      -0.3684044
    ],
    [
      0.011806488,
      0.120277405
    ],
    [
      0.19607925,
      0.24509811
    ],
    [
      0.24629211,
      0.13484192
    ],
    [
      0.042129517,
      -0.08330917
    ],
    [
      0.014133453,
      0.15727997
    ],
    [
      0.051757812,
      0.0654335
    ],
    [
      0.8170471,
      0.7111168
    ],
    [
      0.21064758,
      0.00011444092
    ]
  ],
  "width" : 128
}