{
  "backend" : "mlx",
  "channels" : 1,
  "connectivity" : [
    [
      3
    ]
  ],
  "flow" : {
    "dt" : 0.2,
    "n" : 2,
    "theta_A" : 2
  },
  "grid" : {
    "sx" : 128,
    "sy" : 128
  },
  "implementation" : {
    "mode" : "paper"
  },
  "init" : {
    "a_uniform" : {
      "high" : 1,
      "low" : 0
    },
    "p_uniform" : {
      "high" : 1,
      "low" : 0
    },
    "patches" : [
      {
        "center" : [
          32,
          32
        ],
        "size" : 24
      },
      {
        "center" : [
          96,
          96
        ],
        "size" : 24
      }
    ],
    "seed" : 300028
  },
  "interventions" : [

  ],
  "parameter_embedding" : {
    "enabled" : true,
    "mix" : "stoch",
    "mix_seed" : 42
  },
  "params" : {
    "R" : 13.61567,
    "a" : [
      [
        0.3886755,
        0.72742176,
        0.95166487
      ],
      [
        0.5935073,
        0.25662547,
        0.24806488
      ],
      [
        0.882357,
        0.83800113,
        0.5004538
      ]
    ],
    "b" : [
      [
        0.6223626,
        0.15269834,
        0.60398895
      ],
      [
        0.038770318,
        0.7580411,
        0.819795
      ],
      [
        0.29934698,
        0.20358127,
        0.54957
      ]
    ],
    "h" : [
      0.82852155,
      0.07814705,
      0.3881979
    ],
    "m" : [
      0.2842713,
      0.183112,
      0.32045284
    ],
    "mode" : "explicit",
    "r" : [
      0.27142018,
      0.226089,
      0.73403054
    ],
    "s" : [
      0.0541451,
      0.10303744,
      0.030620206
    ],
    "w" : [
      [
        0.27283737,
        0.21124025,
        0.32133028
      ],
      [
        0.47799906,
        0.19852158,
        0.37089032
      ],
      [
        0.20311062,
        0.2695348,
        0.3574218
      ]
    ]
  },
  "profile" : "experimental",
  "reintegration" : {
    "border" : "torus",
    "dd" : 5,
    "sigma" : 0.65
  },
  "run" : {
    "steps" : 500
  }
}