{
  "centroids" : [
    [
      64.12533,
      64.093025
    ],
    [
      63.821136,
      63.74527
    ],
    [
      63.675232,
      63.397305
    ],
    [
      63.87411,
      63.637745
    ],
    [
      63.19865,
      63.052883
    ],
    [
      63.192425,
      62.99368
    ],
    [
      62.904514,
      62.700195
    ],
    [
      63.170956,
      62.822517
    ],
    [
      63.15144,
      62.876408
    ],
    [
      63.182655,
      62.93514
    ],
    [
      63.2408,
      62.953484
    ],
    [
      63.408092,
      63.035664
    ]
  ],
  "fps" : 10,
  "frameCount" : 12,
  "framesPath" : "releases\/qg-20260228-real-creatures\/runs\/qg-nnea-s300000\/14c44f54-2ddd-42e3-97ee-896702da47be\/frames.bin",
  "height" : 128,
  "palette" : "lenia-spectrum",
  "velocities" : [
    [
      0,
      0
    ],
    [
      -0.3041916,
      -0.34775543
    ],
    [
      -0.14590454,
      -0.34796524
    ],
    [
      0.19887924,
      0.24044037
    ],
    [
      -0.6754608,
      -0.58486176
    ],
    [
      -0.006225586,
      -0.0592041
    ],
    [
      -0.28791046,
      -0.29348373
    ],
    [
      0.26644135,
      0.12232208
    ],
    [
      -0.019515991,
      0.05389023
    ],
    [
      0.031215668,
      0.05873108
    ],
    [
      0.058143616,
      0.01834488
    ],
    [
      0.16729355,
      0.08218002
    ]
  ],
  "width" : 128
}