{
  "backend" : "mlx",
  "beam_mutation" : {
    "enabled" : true,
    "patch_size" : 10,
    "probability" : 0.02,
    "seed" : 99,
    "std" : 0.1
  },
  "channels" : 1,
  "connectivity" : [
    [
      3
    ]
  ],
  "environment" : {
    "depth" : 2,
    "passage_width" : 6,
    "type" : "cross_map",
    "wall_thickness" : 3,
    "wall_value" : -10
  },
  "flow" : {
    "dt" : 0.2,
    "n" : 2,
    "theta_A" : 2
  },
  "grid" : {
    "sx" : 128,
    "sy" : 128
  },
  "implementation" : {
    "mode" : "paper"
  },
  "init" : {
    "a_uniform" : {
      "high" : 1,
      "low" : 0
    },
    "p_uniform" : {
      "high" : 1,
      "low" : 0
    },
    "patches" : [
      {
        "center" : [
          32,
          32
        ],
        "size" : 20
      },
      {
        "center" : [
          96,
          32
        ],
        "size" : 20
      },
      {
        "center" : [
          32,
          96
        ],
        "size" : 20
      },
      {
        "center" : [
          96,
          96
        ],
        "size" : 20
      }
    ],
    "seed" : 64
  },
  "interventions" : [

  ],
  "parameter_embedding" : {
    "enabled" : true,
    "mix" : "stoch_gene_wise",
    "mix_seed" : 42
  },
  "params" : {
    "R" : 17.3269,
    "a" : [
      [
        0.510519,
        0.8964692,
        0.5602041
      ],
      [
        0.89421475,
        0.4828593,
        0.9141298
      ],
      [
        0.6473454,
        0.84713143,
        0.16685921
      ]
    ],
    "b" : [
      [
        0.86182785,
        0.98015934,
        0.5315267
      ],
      [
        0.7579517,
        0.26684606,
        0.80700284
      ],
      [
        0.3990776,
        0.15813673,
        0.83587325
      ]
    ],
    "h" : [
      0.7873876,
      0.6809151,
      0.9236522
    ],
    "m" : [
      0.19961755,
      0.12732278,
      0.4565824
    ],
    "mode" : "explicit",
    "r" : [
      0.98718935,
      0.5385841,
      0.27990294
    ],
    "s" : [
      0.15910015,
      0.19134808,
      0.06327027
    ],
    "w" : [
      [
        0.048254028,
        0.14832771,
        0.41996822
      ],
      [
        0.48983493,
        0.4279467,
        0.41480213
      ],
      [
        0.28090903,
        0.35165375,
        0.2562185
      ]
    ]
  },
  "profile" : "experimental",
  "reintegration" : {
    "border" : "wall",
    "dd" : 5,
    "sigma" : 0.65
  },
  "run" : {
    "steps" : 500
  }
}