{
  "centroids" : [
    [
      63.524406,
      64.14229
    ],
    [
      63.418,
      64.19941
    ],
    [
      63.770477,
      64.52798
    ],
    [
      63.91446,
      64.58935
    ],
    [
      64.01559,
      64.89712
    ],
    [
      64.348,
      65.08764
    ],
    [
      64.22245,
      65.33659
    ],
    [
      64.36765,
      65.56231
    ],
    [
      64.69239,
      65.70534
    ],
    [
      65.00806,
      66.018585
    ],
    [
      65.41865,
      66.01377
    ],
    [
      65.44581,
      66.20224
    ],
    [
      65.72861,
      66.31756
    ],
    [
      65.804596,
      66.47018
    ],
    [
      65.900116,
      66.575966
    ],
    [
      66.057976,
      66.7108
    ],
    [
      66.24641,
      66.77428
    ],
    [
      66.405045,
      66.80947
    ],
    [
      66.655495,
      67.09083
    ],
    [
      66.83246,
      67.19143
    ],
    [
      66.85537,
      67.28876
    ],
    [
      67.00073,
      67.23234
    ],
    [
      67.1299,
      67.45409
    ],
    [
      67.13956,
      67.55578
    ],
    [
      67.32164,
      67.653725
    ],
    [
      67.283264,
      67.65709
    ],
    [
      67.38434,
      67.636215
    ],
    [
      67.61325,
      67.684166
    ],
    [
      67.64304,
      67.58266
    ],
    [
      67.613304,
      67.939674
    ],
    [
      67.683716,
      67.989784
    ],
    [
      67.64861,
      68.061554
    ],
    [
      67.69226,
      68.20488
    ],
    [
      67.87421,
      68.26716
    ],
    [
      67.91321,
      68.198586
    ],
    [
      67.94865,
      68.17937
    ]
  ],
  "fps" : 12,
  "frameCount" : 36,
  "framesPath" : "releases\/discovery-20260306-movers\/runs\/crossmap-motion-c002-s64\/7812ebab-4a74-4c7f-a5af-2616f28bc7ae\/frames.bin",
  "height" : 128,
  "palette" : "lenia-spectrum",
  "velocities" : [
    [
      0,
      0
    ],
    [
      -0.106407166,
      0.057121277
    ],
    [
      0.35247803,
      0.3285675
    ],
    [
      0.14398193,
      0.06137085
    ],
    [
      0.101127625,
      0.30776978
    ],
    [
      0.33241272,
      0.19052124
    ],
    [
      -0.12554932,
      0.24895477
    ],
    [
      0.14520264,
      0.22571564
    ],
    [
      0.32473755,
      0.14302826
    ],
    [
      0.3156662,
      0.31324768
    ],
    [
      0.41059113,
      -0.004814148
    ],
    [
      0.027160645,
      0.18846893
    ],
    [
      0.28279877,
      0.1153183
    ],
    [
      0.07598877,
      0.15261841
    ],
    [
      0.09552002,
      0.105789185
    ],
    [
      0.1578598,
      0.13483429
    ],
    [
      0.18843079,
      0.06347656
    ],
    [
      0.158638,
      0.035194397
    ],
    [
      0.25045013,
      0.2813568
    ],
    [
      0.1769638,
      0.1006012
    ],
    [
      0.022911072,
      0.097328186
    ],
    [
      0.14536285,
      -0.056419373
    ],
    [
      0.12916565,
      0.22174835
    ],
    [
      0.0096588135,
      0.1016922
    ],
    [
      0.18208313,
      0.09794617
    ],
    [
      -0.038375854,
      0.003364563
    ],
    [
      0.10107422,
      -0.020874023
    ],
    [
      0.22891235,
      0.047950745
    ],
    [
      0.029792786,
      -0.101509094
    ],
    [
      -0.02973938,
      0.35701752
    ],
    [
      0.07041168,
      0.050109863
    ],
    [
      -0.035102844,
      0.071769714
    ],
    [
      0.043647766,
      0.1433258
    ],
    [
      0.1819458,
      0.062278748
    ],
    [
      0.039001465,
      -0.068573
    ],
    [
      0.035438538,
      -0.019218445
    ]
  ],
  "width" : 128
}