{
  "centroids" : [
    [
      63.916744,
      63.747814
    ],
    [
      63.999645,
      63.69995
    ],
    [
      64.02964,
      63.850376
    ],
    [
      64.0099,
      63.87958
    ],
    [
      64.01206,
      63.88813
    ],
    [
      64.02256,
      63.8607
    ],
    [
      64.02711,
      63.8902
    ],
    [
      63.944595,
      63.80013
    ],
    [
      63.872524,
      63.708553
    ],
    [
      63.79472,
      63.526814
    ],
    [
      63.78927,
      63.68279
    ],
    [
      63.951687,
      63.90049
    ],
    [
      64.040405,
      63.948128
    ],
    [
      64.13554,
      63.919952
    ],
    [
      64.10383,
      63.92919
    ],
    [
      64.067215,
      63.96039
    ],
    [
      64.10506,
      63.94626
    ],
    [
      64.02618,
      63.98759
    ],
    [
      64.066376,
      63.987865
    ],
    [
      64.06375,
      63.96037
    ],
    [
      64.03121,
      63.99529
    ],
    [
      64.08245,
      63.923576
    ],
    [
      64.08653,
      63.91291
    ],
    [
      64.07779,
      63.92799
    ],
    [
      64.04975,
      63.93118
    ],
    [
      64.08512,
      63.830105
    ],
    [
      64.0706,
      63.718647
    ],
    [
      63.896038,
      63.781303
    ],
    [
      63.84484,
      63.75058
    ],
    [
      64.047806,
      63.76171
    ],
    [
      64.096596,
      63.831337
    ],
    [
      64.15834,
      63.83403
    ],
    [
      64.24951,
      63.86383
    ],
    [
      64.341866,
      63.829395
    ],
    [
      64.238884,
      64.02212
    ],
    [
      64.32358,
      64.08495
    ]
  ],
  "fps" : 12,
  "frameCount" : 36,
  "framesPath" : "releases\/glider-candidates-20260307\/runs\/open-glider-c001-s32\/8c927711-c590-48d0-872c-06acab2bf6d8\/frames.bin",
  "height" : 128,
  "palette" : "lenia-spectrum",
  "velocities" : [
    [
      0,
      0
    ],
    [
      0.082901,
      -0.047863007
    ],
    [
      0.029994965,
      0.15042496
    ],
    [
      -0.019737244,
      0.029205322
    ],
    [
      0.0021591187,
      0.008548737
    ],
    [
      0.010498047,
      -0.027431488
    ],
    [
      0.004547119,
      0.029502869
    ],
    [
      -0.0825119,
      -0.09007263
    ],
    [
      -0.072071075,
      -0.09157562
    ],
    [
      -0.077804565,
      -0.1817398
    ],
    [
      -0.0054512024,
      0.15597534
    ],
    [
      0.16241837,
      0.21770096
    ],
    [
      0.088718414,
      0.04763794
    ],
    [
      0.09513092,
      -0.028175354
    ],
    [
      -0.031707764,
      0.009239197
    ],
    [
      -0.036613464,
      0.031196594
    ],
    [
      0.037841797,
      -0.014129639
    ],
    [
      -0.07888031,
      0.041332245
    ],
    [
      0.04019928,
      0.0002746582
    ],
    [
      -0.0026245117,
      -0.027496338
    ],
    [
      -0.032539368,
      0.03491974
    ],
    [
      0.051239014,
      -0.071712494
    ],
    [
      0.004081726,
      -0.010665894
    ],
    [
      -0.008743286,
      0.015079498
    ],
    [
      -0.028038025,
      0.003189087
    ],
    [
      0.035369873,
      -0.10107422
    ],
    [
      -0.014518738,
      -0.111457825
    ],
    [
      -0.17456436,
      0.0626564
    ],
    [
      -0.051197052,
      -0.030723572
    ],
    [
      0.20296478,
      0.011131287
    ],
    [
      0.048789978,
      0.069625854
    ],
    [
      0.06174469,
      0.0026931763
    ],
    [
      0.091171265,
      0.029800415
    ],
    [
      0.09235382,
      -0.034435272
    ],
    [
      -0.10298157,
      0.19272232
    ],
    [
      0.08469391,
      0.06283569
    ]
  ],
  "width" : 128
}