{
  "backend" : "mlx",
  "channels" : 1,
  "connectivity" : [
    [
      3
    ]
  ],
  "flow" : {
    "dt" : 0.2,
    "n" : 2,
    "theta_A" : 2
  },
  "grid" : {
    "sx" : 128,
    "sy" : 128
  },
  "implementation" : {
    "mode" : "paper"
  },
  "init" : {
    "a_uniform" : {
      "high" : 1,
      "low" : 0
    },
    "p_uniform" : {
      "high" : 1,
      "low" : 0
    },
    "patches" : [
      {
        "center" : [
          32,
          32
        ],
        "size" : 24
      },
      {
        "center" : [
          96,
          96
        ],
        "size" : 24
      }
    ],
    "seed" : 300199
  },
  "interventions" : [

  ],
  "parameter_embedding" : {
    "enabled" : true,
    "mix" : "stoch",
    "mix_seed" : 42
  },
  "params" : {
    "R" : 4.8543854,
    "a" : [
      [
        0.24479318,
        0.432863,
        0.7424707
      ],
      [
        0.28121376,
        0.6099221,
        0.9220763
      ],
      [
        0.044288576,
        0.21108216,
        0.3041461
      ]
    ],
    "b" : [
      [
        0.18415159,
        0.63256645,
        0.738915
      ],
      [
        0.300664,
        0.45888013,
        0.3844821
      ],
      [
        0.8747624,
        0.067892194,
        0.23387164
      ]
    ],
    "h" : [
      0.8547453,
      0.5307215,
      0.616675
    ],
    "m" : [
      0.26178357,
      0.19405025,
      0.4657881
    ],
    "mode" : "explicit",
    "r" : [
      0.5780005,
      0.94217527,
      0.6714868
    ],
    "s" : [
      0.11165299,
      0.15043199,
      0.1518447
    ],
    "w" : [
      [
        0.48749363,
        0.24824846,
        0.076449215
      ],
      [
        0.47486377,
        0.023366835,
        0.4263875
      ],
      [
        0.3265844,
        0.4242054,
        0.27738917
      ]
    ]
  },
  "profile" : "experimental",
  "reintegration" : {
    "border" : "torus",
    "dd" : 5,
    "sigma" : 0.65
  },
  "run" : {
    "steps" : 500
  }
}