{
  "backend" : "mlx",
  "channels" : 1,
  "connectivity" : [
    [
      3
    ]
  ],
  "flow" : {
    "dt" : 0.2,
    "n" : 2,
    "theta_A" : 2
  },
  "grid" : {
    "sx" : 128,
    "sy" : 128
  },
  "implementation" : {
    "mode" : "paper"
  },
  "init" : {
    "a_uniform" : {
      "high" : 1,
      "low" : 0
    },
    "p_uniform" : {
      "high" : 1,
      "low" : 0
    },
    "patches" : [
      {
        "center" : [
          32,
          32
        ],
        "size" : 24
      },
      {
        "center" : [
          96,
          96
        ],
        "size" : 24
      }
    ],
    "seed" : 300013
  },
  "interventions" : [

  ],
  "parameter_embedding" : {
    "enabled" : true,
    "mix" : "stoch",
    "mix_seed" : 42
  },
  "params" : {
    "R" : 10.899883,
    "a" : [
      [
        0.37772053,
        0.29623073,
        0.30888164
      ],
      [
        0.23258269,
        0.5206524,
        0.85450304
      ],
      [
        0.5341378,
        0.4420274,
        0.4790871
      ]
    ],
    "b" : [
      [
        0.81083757,
        0.72096205,
        0.75707
      ],
      [
        0.026638627,
        0.4734758,
        0.87760186
      ],
      [
        0.39534712,
        0.05967015,
        0.7659511
      ]
    ],
    "h" : [
      0.25810182,
      0.07183951,
      0.26742274
    ],
    "m" : [
      0.46407595,
      0.43611047,
      0.09067173
    ],
    "mode" : "explicit",
    "r" : [
      0.3293087,
      0.35089767,
      0.8365513
    ],
    "s" : [
      0.037348222,
      0.10234704,
      0.042255417
    ],
    "w" : [
      [
        0.2066057,
        0.050537877,
        0.03439711
      ],
      [
        0.24248053,
        0.31866693,
        0.42757562
      ],
      [
        0.38079205,
        0.28128153,
        0.2862352
      ]
    ]
  },
  "profile" : "experimental",
  "reintegration" : {
    "border" : "torus",
    "dd" : 5,
    "sigma" : 0.65
  },
  "run" : {
    "steps" : 500
  }
}