{
  "centroids" : [
    [
      63.677574,
      63.271564
    ],
    [
      63.606895,
      63.225388
    ],
    [
      63.654926,
      63.257465
    ],
    [
      63.619694,
      63.21321
    ],
    [
      63.585182,
      63.191486
    ],
    [
      63.47287,
      63.12168
    ],
    [
      63.451008,
      63.115
    ],
    [
      63.597435,
      63.266586
    ],
    [
      63.58921,
      63.26117
    ],
    [
      63.630653,
      63.299458
    ],
    [
      63.682743,
      63.357307
    ],
    [
      63.69041,
      63.376225
    ]
  ],
  "fps" : 10,
  "frameCount" : 12,
  "framesPath" : "releases\/qg-20260228-real-creatures\/runs\/qg-nnea-s300000\/a22efacb-9427-45a2-b6e4-28c5b45d4d12\/frames.bin",
  "height" : 128,
  "palette" : "lenia-spectrum",
  "velocities" : [
    [
      0,
      0
    ],
    [
      -0.07067871,
      -0.04617691
    ],
    [
      0.048030853,
      0.03207779
    ],
    [
      -0.035232544,
      -0.044254303
    ],
    [
      -0.034511566,
      -0.0217247
    ],
    [
      -0.11231232,
      -0.069805145
    ],
    [
      -0.02186203,
      -0.006679535
    ],
    [
      0.14642715,
      0.15158463
    ],
    [
      -0.008224487,
      -0.00541687
    ],
    [
      0.04144287,
      0.038288116
    ],
    [
      0.05208969,
      0.057849884
    ],
    [
      0.0076675415,
      0.018917084
    ]
  ],
  "width" : 128
}