{
  "backend" : "mlx",
  "channels" : 1,
  "connectivity" : [
    [
      3
    ]
  ],
  "flow" : {
    "dt" : 0.2,
    "n" : 2,
    "theta_A" : 2
  },
  "grid" : {
    "sx" : 128,
    "sy" : 128
  },
  "implementation" : {
    "mode" : "paper"
  },
  "init" : {
    "a_uniform" : {
      "high" : 1,
      "low" : 0
    },
    "p_uniform" : {
      "high" : 1,
      "low" : 0
    },
    "patches" : [
      {
        "center" : [
          32,
          32
        ],
        "size" : 24
      },
      {
        "center" : [
          96,
          96
        ],
        "size" : 24
      }
    ],
    "seed" : 300024
  },
  "interventions" : [

  ],
  "parameter_embedding" : {
    "enabled" : true,
    "mix" : "stoch",
    "mix_seed" : 42
  },
  "params" : {
    "R" : 7.684773,
    "a" : [
      [
        0.97093695,
        0.96631485,
        0.99208003
      ],
      [
        0.2733239,
        0.7076347,
        0.97064364
      ],
      [
        0.5275974,
        0.39398152,
        0.111968815
      ]
    ],
    "b" : [
      [
        0.33331805,
        0.27406764,
        0.093090296
      ],
      [
        0.7101782,
        0.2803312,
        0.44273585
      ],
      [
        0.86597973,
        0.6017698,
        0.9270435
      ]
    ],
    "h" : [
      0.61219114,
      0.94590133,
      0.57045346
    ],
    "m" : [
      0.33750466,
      0.4355861,
      0.24315512
    ],
    "mode" : "explicit",
    "r" : [
      0.5558793,
      0.58749557,
      0.5360941
    ],
    "s" : [
      0.0576828,
      0.10068866,
      0.14501442
    ],
    "w" : [
      [
        0.1513766,
        0.24944915,
        0.108236946
      ],
      [
        0.091196224,
        0.3676962,
        0.028704576
      ],
      [
        0.14695682,
        0.09611999,
        0.02297264
      ]
    ]
  },
  "profile" : "experimental",
  "reintegration" : {
    "border" : "torus",
    "dd" : 5,
    "sigma" : 0.65
  },
  "run" : {
    "steps" : 500
  }
}