{
  "centroids" : [
    [
      62.824287,
      62.84283
    ],
    [
      62.87248,
      62.917744
    ],
    [
      62.901585,
      62.949974
    ],
    [
      62.83438,
      62.901966
    ],
    [
      62.8536,
      62.921417
    ],
    [
      62.849445,
      62.91926
    ],
    [
      62.82231,
      62.88652
    ],
    [
      62.834965,
      62.90347
    ],
    [
      62.843533,
      62.91534
    ],
    [
      62.840252,
      62.913883
    ],
    [
      62.84466,
      62.92271
    ],
    [
      62.828545,
      62.9125
    ]
  ],
  "fps" : 10,
  "frameCount" : 12,
  "framesPath" : "releases\/qg-20260228-real-creatures\/runs\/qg-nnea-s300064\/6987a169-5a5f-452a-807e-253e4343f2ff\/frames.bin",
  "height" : 128,
  "palette" : "lenia-spectrum",
  "velocities" : [
    [
      0,
      0
    ],
    [
      0.04819107,
      0.074913025
    ],
    [
      0.02910614,
      0.032230377
    ],
    [
      -0.06720352,
      -0.048007965
    ],
    [
      0.019218445,
      0.019451141
    ],
    [
      -0.0041542053,
      -0.0021591187
    ],
    [
      -0.027133942,
      -0.032737732
    ],
    [
      0.012653351,
      0.0169487
    ],
    [
      0.00856781,
      0.011871338
    ],
    [
      -0.0032806396,
      -0.0014572144
    ],
    [
      0.00440979,
      0.0088272095
    ],
    [
      -0.016117096,
      -0.010211945
    ]
  ],
  "width" : 128
}