{
  "centroids" : [
    [
      63.778828,
      63.692055
    ],
    [
      64.02224,
      63.821682
    ],
    [
      63.8664,
      63.81892
    ],
    [
      64.26389,
      64.23625
    ],
    [
      63.84513,
      63.788887
    ],
    [
      63.86321,
      63.83851
    ],
    [
      63.551315,
      63.509438
    ],
    [
      63.784077,
      63.780376
    ],
    [
      63.812225,
      63.775486
    ],
    [
      63.933483,
      63.822716
    ],
    [
      63.982826,
      63.88252
    ],
    [
      63.909077,
      63.838814
    ]
  ],
  "fps" : 10,
  "frameCount" : 12,
  "framesPath" : "releases\/qg-20260228-real-creatures\/runs\/qg-nnea-s300128\/710cb853-ff95-4ec6-9a6f-f2784f596b1d\/frames.bin",
  "height" : 128,
  "palette" : "lenia-spectrum",
  "velocities" : [
    [
      0,
      0
    ],
    [
      0.24341202,
      0.12962723
    ],
    [
      -0.15583801,
      -0.0027618408
    ],
    [
      0.39749146,
      0.4173317
    ],
    [
      -0.4187622,
      -0.4473648
    ],
    [
      0.01807785,
      0.049621582
    ],
    [
      -0.31189346,
      -0.32907104
    ],
    [
      0.23276138,
      0.27093887
    ],
    [
      0.028148651,
      -0.004890442
    ],
    [
      0.12125778,
      0.047229767
    ],
    [
      0.04934311,
      0.05980301
    ],
    [
      -0.07374954,
      -0.043704987
    ]
  ],
  "width" : 128
}