{
  "backend" : "mlx",
  "beam_mutation" : {
    "enabled" : true,
    "patch_size" : 10,
    "probability" : 0.02,
    "seed" : 99,
    "std" : 0.1
  },
  "channels" : 1,
  "connectivity" : [
    [
      3
    ]
  ],
  "environment" : {
    "depth" : 2,
    "passage_width" : 6,
    "type" : "cross_map",
    "wall_thickness" : 3,
    "wall_value" : -10
  },
  "flow" : {
    "dt" : 0.2,
    "n" : 2,
    "theta_A" : 2
  },
  "grid" : {
    "sx" : 128,
    "sy" : 128
  },
  "implementation" : {
    "mode" : "paper"
  },
  "init" : {
    "a_uniform" : {
      "high" : 1,
      "low" : 0
    },
    "p_uniform" : {
      "high" : 1,
      "low" : 0
    },
    "patches" : [
      {
        "center" : [
          32,
          32
        ],
        "size" : 20
      },
      {
        "center" : [
          96,
          32
        ],
        "size" : 20
      },
      {
        "center" : [
          32,
          96
        ],
        "size" : 20
      },
      {
        "center" : [
          96,
          96
        ],
        "size" : 20
      }
    ],
    "seed" : 37
  },
  "interventions" : [

  ],
  "parameter_embedding" : {
    "enabled" : true,
    "mix" : "stoch_gene_wise",
    "mix_seed" : 42
  },
  "params" : {
    "R" : 9.401641,
    "a" : [
      [
        0.7901851,
        0.801792,
        0.9912442
      ],
      [
        0.15488517,
        0.8912343,
        0.42978466
      ],
      [
        0.22401565,
        0.124625266,
        0.9225679
      ]
    ],
    "b" : [
      [
        0.56620824,
        0.017059267,
        0.5392914
      ],
      [
        0.09162152,
        0.7509772,
        0.61025923
      ],
      [
        0.06215006,
        0.9915952,
        0.600845
      ]
    ],
    "h" : [
      0.17596644,
      0.92417073,
      0.53960824
    ],
    "m" : [
      0.44697985,
      0.16996136,
      0.34504896
    ],
    "mode" : "explicit",
    "r" : [
      0.5892293,
      0.68408996,
      0.6466412
    ],
    "s" : [
      0.1673474,
      0.025265696,
      0.050919876
    ],
    "w" : [
      [
        0.3651554,
        0.3737355,
        0.29354888
      ],
      [
        0.35958466,
        0.3401885,
        0.32070503
      ],
      [
        0.19859232,
        0.35829693,
        0.25671837
      ]
    ]
  },
  "profile" : "experimental",
  "reintegration" : {
    "border" : "wall",
    "dd" : 5,
    "sigma" : 0.65
  },
  "run" : {
    "steps" : 500
  }
}