{
  "centroids" : [
    [
      62.14486,
      63.240852
    ],
    [
      62.507637,
      63.448277
    ],
    [
      62.438816,
      63.634773
    ],
    [
      62.47029,
      63.839706
    ],
    [
      62.81216,
      64.10394
    ],
    [
      62.94135,
      64.394516
    ],
    [
      63.117622,
      64.60403
    ],
    [
      63.436096,
      64.868095
    ],
    [
      63.799706,
      65.01918
    ],
    [
      64.2289,
      65.27509
    ],
    [
      64.388626,
      65.17118
    ],
    [
      64.54735,
      65.49491
    ],
    [
      64.808334,
      65.59494
    ],
    [
      64.91451,
      65.719345
    ],
    [
      65.18046,
      65.797485
    ],
    [
      65.209366,
      65.96202
    ],
    [
      65.475006,
      66.08935
    ],
    [
      65.48249,
      66.20265
    ],
    [
      65.66135,
      66.4727
    ],
    [
      65.82195,
      66.61908
    ],
    [
      65.92219,
      66.71461
    ],
    [
      66.04973,
      66.623726
    ],
    [
      66.298775,
      66.61149
    ],
    [
      66.33292,
      66.76182
    ],
    [
      66.38964,
      66.829315
    ],
    [
      66.45856,
      66.89511
    ],
    [
      66.477005,
      67.021034
    ],
    [
      66.58983,
      67.119316
    ],
    [
      66.67016,
      67.11369
    ],
    [
      66.73193,
      67.31528
    ],
    [
      66.712456,
      67.31127
    ],
    [
      66.78718,
      67.42615
    ],
    [
      66.79967,
      67.53483
    ],
    [
      66.87981,
      67.60763
    ],
    [
      66.90912,
      67.57931
    ],
    [
      67.02006,
      67.65069
    ]
  ],
  "fps" : 12,
  "frameCount" : 36,
  "framesPath" : "releases\/discovery-20260306-movers\/runs\/crossmap-motion-c000-s0\/a1d7b2c6-ccb2-43e8-81ae-36a63527310e\/frames.bin",
  "height" : 128,
  "palette" : "lenia-spectrum",
  "velocities" : [
    [
      0,
      0
    ],
    [
      0.3627777,
      0.20742416
    ],
    [
      -0.06882095,
      0.18649673
    ],
    [
      0.031475067,
      0.20493317
    ],
    [
      0.34186935,
      0.26423645
    ],
    [
      0.12918854,
      0.29057312
    ],
    [
      0.17627335,
      0.2095108
    ],
    [
      0.31847382,
      0.2640686
    ],
    [
      0.3636093,
      0.1510849
    ],
    [
      0.4291916,
      0.25591278
    ],
    [
      0.159729,
      -0.10391235
    ],
    [
      0.15872192,
      0.32373047
    ],
    [
      0.26098633,
      0.10002899
    ],
    [
      0.10617828,
      0.12440491
    ],
    [
      0.26594543,
      0.07814026
    ],
    [
      0.028907776,
      0.16453552
    ],
    [
      0.26564026,
      0.12732697
    ],
    [
      0.007484436,
      0.11330414
    ],
    [
      0.1788559,
      0.27005005
    ],
    [
      0.16060638,
      0.14637756
    ],
    [
      0.100234985,
      0.09552765
    ],
    [
      0.12754059,
      -0.09088135
    ],
    [
      0.24904633,
      -0.012237549
    ],
    [
      0.03414154,
      0.15032959
    ],
    [
      0.05672455,
      0.06749725
    ],
    [
      0.06891632,
      0.0657959
    ],
    [
      0.018447876,
      0.12592316
    ],
    [
      0.11282349,
      0.09828186
    ],
    [
      0.080329895,
      -0.005622864
    ],
    [
      0.061775208,
      0.20158386
    ],
    [
      -0.019477844,
      -0.004005432
    ],
    [
      0.07472229,
      0.11487579
    ],
    [
      0.012489319,
      0.108680725
    ],
    [
      0.08013916,
      0.07279968
    ],
    [
      0.029312134,
      -0.028320312
    ],
    [
      0.110939026,
      0.071380615
    ]
  ],
  "width" : 128
}