{
  "backend" : "mlx",
  "channels" : 1,
  "connectivity" : [
    [
      3
    ]
  ],
  "flow" : {
    "dt" : 0.2,
    "n" : 2,
    "theta_A" : 2
  },
  "grid" : {
    "sx" : 128,
    "sy" : 128
  },
  "implementation" : {
    "mode" : "paper"
  },
  "init" : {
    "a_uniform" : {
      "high" : 1,
      "low" : 0
    },
    "p_uniform" : {
      "high" : 1,
      "low" : 0
    },
    "patches" : [
      {
        "center" : [
          32,
          32
        ],
        "size" : 24
      },
      {
        "center" : [
          96,
          96
        ],
        "size" : 24
      }
    ],
    "seed" : 300011
  },
  "interventions" : [

  ],
  "parameter_embedding" : {
    "enabled" : true,
    "mix" : "stoch",
    "mix_seed" : 42
  },
  "params" : {
    "R" : 10.239189,
    "a" : [
      [
        0.12555438,
        0.9322771,
        0.16988254
      ],
      [
        0.31924838,
        0.26194447,
        0.18298781
      ],
      [
        0.9873029,
        0.91311765,
        0.040735483
      ]
    ],
    "b" : [
      [
        0.41219938,
        0.34346592,
        0.54539746
      ],
      [
        0.62368506,
        0.94025207,
        0.23401666
      ],
      [
        0.10871309,
        0.7590992,
        0.1932683
      ]
    ],
    "h" : [
      0.19805777,
      0.15036964,
      0.43755192
    ],
    "m" : [
      0.1492722,
      0.16713853,
      0.42479843
    ],
    "mode" : "explicit",
    "r" : [
      0.29260254,
      0.41692477,
      0.20232439
    ],
    "s" : [
      0.15564018,
      0.1894231,
      0.03652826
    ],
    "w" : [
      [
        0.17826277,
        0.22257441,
        0.25055423
      ],
      [
        0.34140754,
        0.44323018,
        0.10895399
      ],
      [
        0.1996557,
        0.45927304,
        0.039228998
      ]
    ]
  },
  "profile" : "experimental",
  "reintegration" : {
    "border" : "torus",
    "dd" : 5,
    "sigma" : 0.65
  },
  "run" : {
    "steps" : 500
  }
}