{
  "centroids" : [
    [
      63.01362,
      62.87601
    ],
    [
      62.788776,
      62.599514
    ],
    [
      62.94578,
      62.745323
    ],
    [
      62.93452,
      62.781776
    ],
    [
      62.87973,
      62.706596
    ],
    [
      62.868454,
      62.685783
    ],
    [
      62.793495,
      62.63278
    ],
    [
      62.890404,
      62.77025
    ],
    [
      62.902687,
      62.767612
    ],
    [
      63.08393,
      62.91556
    ],
    [
      63.254116,
      63.0569
    ],
    [
      63.246758,
      63.07175
    ]
  ],
  "fps" : 10,
  "frameCount" : 12,
  "framesPath" : "releases\/qg-20260228-real-creatures\/runs\/qg-nnea-s300192\/7cee502a-2dcb-46cf-b4de-00d90fe3a8ac\/frames.bin",
  "height" : 128,
  "palette" : "lenia-spectrum",
  "velocities" : [
    [
      0,
      0
    ],
    [
      -0.22484207,
      -0.2764969
    ],
    [
      0.15700531,
      0.14580917
    ],
    [
      -0.011260986,
      0.036453247
    ],
    [
      -0.054790497,
      -0.07518005
    ],
    [
      -0.011276245,
      -0.020812988
    ],
    [
      -0.0749588,
      -0.05300522
    ],
    [
      0.09690857,
      0.13747025
    ],
    [
      0.012283325,
      -0.0026359558
    ],
    [
      0.1812439,
      0.14794922
    ],
    [
      0.17018509,
      0.14133835
    ],
    [
      -0.007358551,
      0.014850616
    ]
  ],
  "width" : 128
}