{
  "centroids" : [
    [
      64.16681,
      63.64287
    ],
    [
      64.32864,
      63.59802
    ],
    [
      64.36467,
      63.58234
    ],
    [
      64.24436,
      63.748363
    ],
    [
      64.25026,
      63.702507
    ],
    [
      64.22229,
      63.70689
    ],
    [
      64.287544,
      63.834385
    ],
    [
      64.20762,
      63.800793
    ],
    [
      64.33211,
      63.746662
    ],
    [
      64.33562,
      63.68977
    ],
    [
      64.3222,
      63.724358
    ],
    [
      64.27993,
      63.86969
    ],
    [
      64.29759,
      64.04223
    ],
    [
      64.46457,
      64.05074
    ],
    [
      64.52061,
      64.131355
    ],
    [
      64.63397,
      64.1259
    ],
    [
      64.650085,
      64.22412
    ],
    [
      64.73335,
      64.28794
    ],
    [
      64.769295,
      64.365234
    ],
    [
      64.77915,
      64.43331
    ],
    [
      64.80171,
      64.4595
    ],
    [
      64.7876,
      64.50889
    ],
    [
      64.78912,
      64.48975
    ],
    [
      64.724014,
      64.49633
    ],
    [
      64.72384,
      64.48462
    ],
    [
      64.73689,
      64.50786
    ],
    [
      64.72533,
      64.592255
    ],
    [
      64.770805,
      64.55966
    ],
    [
      64.716644,
      64.65924
    ],
    [
      64.85635,
      64.65227
    ],
    [
      64.85418,
      64.71551
    ],
    [
      64.995895,
      64.74888
    ],
    [
      65.02029,
      64.81066
    ],
    [
      65.092926,
      64.87997
    ],
    [
      65.037186,
      64.95564
    ],
    [
      64.87627,
      65.053
    ]
  ],
  "fps" : 12,
  "frameCount" : 36,
  "framesPath" : "releases\/orbium-like-20260307\/runs\/glider-family-luminous-spiral-4134-c000-s0\/8e88e288-6e55-454d-8426-269a369ab250\/frames.bin",
  "height" : 128,
  "palette" : "lenia-spectrum",
  "velocities" : [
    [
      0,
      0
    ],
    [
      0.16183472,
      -0.04485321
    ],
    [
      0.036026,
      -0.015678406
    ],
    [
      -0.12030792,
      0.16602325
    ],
    [
      0.005897522,
      -0.045856476
    ],
    [
      -0.02796936,
      0.004383087
    ],
    [
      0.06525421,
      0.12749481
    ],
    [
      -0.07992554,
      -0.033592224
    ],
    [
      0.12448883,
      -0.054130554
    ],
    [
      0.0035095215,
      -0.056892395
    ],
    [
      -0.013420105,
      0.03458786
    ],
    [
      -0.042266846,
      0.14533234
    ],
    [
      0.017662048,
      0.17253876
    ],
    [
      0.16697693,
      0.008514404
    ],
    [
      0.056037903,
      0.08061218
    ],
    [
      0.11336517,
      -0.005455017
    ],
    [
      0.016113281,
      0.098220825
    ],
    [
      0.08326721,
      0.063819885
    ],
    [
      0.035942078,
      0.077293396
    ],
    [
      0.009857178,
      0.06807709
    ],
    [
      0.02256012,
      0.026191711
    ],
    [
      -0.01411438,
      0.04938507
    ],
    [
      0.0015258789,
      -0.019134521
    ],
    [
      -0.06510925,
      0.006576538
    ],
    [
      -0.00017547607,
      -0.011711121
    ],
    [
      0.013053894,
      0.023239136
    ],
    [
      -0.011566162,
      0.08439636
    ],
    [
      0.04547882,
      -0.032592773
    ],
    [
      -0.05416107,
      0.09957886
    ],
    [
      0.13970947,
      -0.0069732666
    ],
    [
      -0.0021743774,
      0.06324005
    ],
    [
      0.141716,
      0.03337097
    ],
    [
      0.024391174,
      0.061782837
    ],
    [
      0.072639465,
      0.06930542
    ],
    [
      -0.055740356,
      0.075675964
    ],
    [
      -0.16091919,
      0.0973587
    ]
  ],
  "width" : 128
}