{
  "backend" : "mlx",
  "channels" : 1,
  "connectivity" : [
    [
      3
    ]
  ],
  "flow" : {
    "dt" : 0.2,
    "n" : 2,
    "theta_A" : 2
  },
  "grid" : {
    "sx" : 128,
    "sy" : 128
  },
  "implementation" : {
    "mode" : "paper"
  },
  "init" : {
    "a_uniform" : {
      "high" : 1,
      "low" : 0
    },
    "p_uniform" : {
      "high" : 1,
      "low" : 0
    },
    "patches" : [
      {
        "center" : [
          32,
          32
        ],
        "size" : 24
      },
      {
        "center" : [
          96,
          96
        ],
        "size" : 24
      }
    ],
    "seed" : 300006
  },
  "interventions" : [

  ],
  "parameter_embedding" : {
    "enabled" : true,
    "mix" : "stoch",
    "mix_seed" : 42
  },
  "params" : {
    "R" : 12.438261,
    "a" : [
      [
        0.114495575,
        0.720721,
        0.24094456
      ],
      [
        0.5350338,
        0.2806319,
        0.8580837
      ],
      [
        0.68753254,
        0.23394531,
        0.9762883
      ]
    ],
    "b" : [
      [
        0.95639163,
        0.02159965,
        0.36934793
      ],
      [
        0.53156465,
        0.91643524,
        0.6625213
      ],
      [
        0.7272977,
        0.40207416,
        0.3705598
      ]
    ],
    "h" : [
      0.35176462,
      0.6426162,
      0.96668833
    ],
    "m" : [
      0.24679925,
      0.2831092,
      0.38994437
    ],
    "mode" : "explicit",
    "r" : [
      0.33017516,
      0.30876726,
      0.8250874
    ],
    "s" : [
      0.14001116,
      0.041247167,
      0.08092105
    ],
    "w" : [
      [
        0.11740664,
        0.3555443,
        0.48871955
      ],
      [
        0.033360202,
        0.44008085,
        0.34906566
      ],
      [
        0.25025874,
        0.3066989,
        0.010116357
      ]
    ]
  },
  "profile" : "experimental",
  "reintegration" : {
    "border" : "torus",
    "dd" : 5,
    "sigma" : 0.65
  },
  "run" : {
    "steps" : 500
  }
}