{
  "backend" : "mlx",
  "channels" : 1,
  "connectivity" : [
    [
      3
    ]
  ],
  "flow" : {
    "dt" : 0.2,
    "n" : 2,
    "theta_A" : 2
  },
  "grid" : {
    "sx" : 128,
    "sy" : 128
  },
  "implementation" : {
    "mode" : "paper"
  },
  "init" : {
    "a_uniform" : {
      "high" : 1,
      "low" : 0
    },
    "p_uniform" : {
      "high" : 1,
      "low" : 0
    },
    "patches" : [
      {
        "center" : [
          32,
          32
        ],
        "size" : 24
      },
      {
        "center" : [
          96,
          96
        ],
        "size" : 24
      }
    ],
    "seed" : 300151
  },
  "interventions" : [

  ],
  "parameter_embedding" : {
    "enabled" : true,
    "mix" : "stoch",
    "mix_seed" : 42
  },
  "params" : {
    "R" : 15.912186,
    "a" : [
      [
        0.9655241,
        0.6272762,
        0.8953749
      ],
      [
        0.16666877,
        0.71427166,
        0.9691034
      ],
      [
        0.16228151,
        0.5595171,
        0.61702013
      ]
    ],
    "b" : [
      [
        0.57007235,
        0.16419274,
        0.29636008
      ],
      [
        0.52422893,
        0.20123458,
        0.30289692
      ],
      [
        0.41699165,
        0.886097,
        0.7778199
      ]
    ],
    "h" : [
      0.24174672,
      0.87847674,
      0.5157788
    ],
    "m" : [
      0.27276245,
      0.33470008,
      0.19545168
    ],
    "mode" : "explicit",
    "r" : [
      0.6747226,
      0.3806728,
      0.36751825
    ],
    "s" : [
      0.05698559,
      0.11042373,
      0.16867097
    ],
    "w" : [
      [
        0.14766406,
        0.3236869,
        0.24287389
      ],
      [
        0.20633695,
        0.4641809,
        0.33197266
      ],
      [
        0.44640547,
        0.48132697,
        0.20220613
      ]
    ]
  },
  "profile" : "experimental",
  "reintegration" : {
    "border" : "torus",
    "dd" : 5,
    "sigma" : 0.65
  },
  "run" : {
    "steps" : 500
  }
}