{
  "centroids" : [
    [
      64.18057,
      64.21147
    ],
    [
      63.833717,
      63.99046
    ],
    [
      64.14125,
      64.264824
    ],
    [
      63.651505,
      63.88421
    ],
    [
      63.849953,
      63.908585
    ],
    [
      63.48054,
      63.599094
    ],
    [
      63.696007,
      63.816322
    ],
    [
      63.630714,
      63.69334
    ],
    [
      63.31461,
      63.43604
    ],
    [
      63.48034,
      63.62341
    ],
    [
      63.431652,
      63.58953
    ],
    [
      63.396442,
      63.591717
    ]
  ],
  "fps" : 10,
  "frameCount" : 12,
  "framesPath" : "releases\/qg-20260228-real-creatures\/runs\/qg-nnea-s300128\/f80755d8-0e6f-442f-a358-52bf997b5fd9\/frames.bin",
  "height" : 128,
  "palette" : "lenia-spectrum",
  "velocities" : [
    [
      0,
      0
    ],
    [
      -0.34685516,
      -0.22101212
    ],
    [
      0.30753326,
      0.27436447
    ],
    [
      -0.4897461,
      -0.38061523
    ],
    [
      0.19844818,
      0.024375916
    ],
    [
      -0.36941147,
      -0.3094902
    ],
    [
      0.21546555,
      0.21722794
    ],
    [
      -0.06529236,
      -0.122982025
    ],
    [
      -0.3161049,
      -0.25730133
    ],
    [
      0.16572952,
      0.1873703
    ],
    [
      -0.04868698,
      -0.033878326
    ],
    [
      -0.035209656,
      0.0021858215
    ]
  ],
  "width" : 128
}