{
  "backend" : "mlx",
  "channels" : 1,
  "connectivity" : [
    [
      3
    ]
  ],
  "flow" : {
    "dt" : 0.2,
    "n" : 2,
    "theta_A" : 2
  },
  "grid" : {
    "sx" : 128,
    "sy" : 128
  },
  "implementation" : {
    "mode" : "paper"
  },
  "init" : {
    "a_uniform" : {
      "high" : 1,
      "low" : 0
    },
    "p_uniform" : {
      "high" : 1,
      "low" : 0
    },
    "patches" : [
      {
        "center" : [
          32,
          32
        ],
        "size" : 24
      },
      {
        "center" : [
          96,
          96
        ],
        "size" : 24
      }
    ],
    "seed" : 300180
  },
  "interventions" : [

  ],
  "parameter_embedding" : {
    "enabled" : true,
    "mix" : "stoch",
    "mix_seed" : 42
  },
  "params" : {
    "R" : 7.4036674,
    "a" : [
      [
        0.8538684,
        0.74232775,
        0.9006345
      ],
      [
        0.20041764,
        0.102687955,
        0.93654686
      ],
      [
        0.2404362,
        0.45472324,
        0.59583694
      ]
    ],
    "b" : [
      [
        0.25330454,
        0.38852662,
        0.439233
      ],
      [
        1.2755394e-05,
        0.6215577,
        0.2532335
      ],
      [
        0.66072184,
        0.41034305,
        0.90187806
      ]
    ],
    "h" : [
      0.100049615,
      0.6815534,
      0.5531856
    ],
    "m" : [
      0.21623081,
      0.27162862,
      0.0827672
    ],
    "mode" : "explicit",
    "r" : [
      0.3721713,
      0.72501326,
      0.8495275
    ],
    "s" : [
      0.05539645,
      0.12876517,
      0.1494666
    ],
    "w" : [
      [
        0.42378795,
        0.4473963,
        0.4498652
      ],
      [
        0.3349648,
        0.3124576,
        0.4213677
      ],
      [
        0.35013548,
        0.27515274,
        0.08251676
      ]
    ]
  },
  "profile" : "experimental",
  "reintegration" : {
    "border" : "torus",
    "dd" : 5,
    "sigma" : 0.65
  },
  "run" : {
    "steps" : 500
  }
}