{
  "centroids" : [
    [
      64.87921,
      64.42073
    ],
    [
      64.4751,
      64.26268
    ],
    [
      64.63413,
      64.51514
    ],
    [
      64.84652,
      64.65567
    ],
    [
      64.85598,
      64.67705
    ],
    [
      64.21902,
      64.1199
    ],
    [
      63.464756,
      63.192184
    ],
    [
      63.610138,
      63.263947
    ],
    [
      63.95691,
      63.79149
    ],
    [
      63.32494,
      63.034893
    ],
    [
      63.135124,
      63.059177
    ],
    [
      63.270653,
      63.136192
    ]
  ],
  "fps" : 10,
  "frameCount" : 12,
  "framesPath" : "releases\/qg-20260228-real-creatures\/runs\/qg-nnea-s300160\/43adb8ad-0f47-461d-bc2d-9ed64d4a8c66\/frames.bin",
  "height" : 128,
  "palette" : "lenia-spectrum",
  "velocities" : [
    [
      0,
      0
    ],
    [
      -0.40411377,
      -0.15805054
    ],
    [
      0.15903473,
      0.25245667
    ],
    [
      0.21238708,
      0.14053345
    ],
    [
      0.009460449,
      0.021377563
    ],
    [
      -0.6369629,
      -0.55714417
    ],
    [
      -0.754261,
      -0.9277191
    ],
    [
      0.14538193,
      0.071762085
    ],
    [
      0.34677124,
      0.5275421
    ],
    [
      -0.63196945,
      -0.7565956
    ],
    [
      -0.18981552,
      0.024284363
    ],
    [
      0.13552856,
      0.07701492
    ]
  ],
  "width" : 128
}