{
  "backend" : "mlx",
  "channels" : 1,
  "connectivity" : [
    [
      3
    ]
  ],
  "flow" : {
    "dt" : 0.2,
    "n" : 2,
    "theta_A" : 2
  },
  "grid" : {
    "sx" : 128,
    "sy" : 128
  },
  "implementation" : {
    "mode" : "paper"
  },
  "init" : {
    "a_uniform" : {
      "high" : 1,
      "low" : 0
    },
    "p_uniform" : {
      "high" : 1,
      "low" : 0
    },
    "patches" : [
      {
        "center" : [
          32,
          32
        ],
        "size" : 24
      },
      {
        "center" : [
          96,
          96
        ],
        "size" : 24
      }
    ],
    "seed" : 300129
  },
  "interventions" : [

  ],
  "parameter_embedding" : {
    "enabled" : true,
    "mix" : "stoch",
    "mix_seed" : 42
  },
  "params" : {
    "R" : 14.785976,
    "a" : [
      [
        0.41710114,
        0.7025521,
        0.8615307
      ],
      [
        0.5473303,
        0.55999225,
        0.32889992
      ],
      [
        0.991202,
        0.7035871,
        0.9200614
      ]
    ],
    "b" : [
      [
        0.9331905,
        0.22777236,
        0.06486595
      ],
      [
        0.69294417,
        0.9235956,
        0.29852915
      ],
      [
        0.95143646,
        0.13932204,
        0.96993107
      ]
    ],
    "h" : [
      0.49977344,
      0.6627662,
      0.36910945
    ],
    "m" : [
      0.43033218,
      0.3228613,
      0.13291821
    ],
    "mode" : "explicit",
    "r" : [
      0.8819939,
      0.2438149,
      0.22757383
    ],
    "s" : [
      0.047955424,
      0.098364584,
      0.19810987
    ],
    "w" : [
      [
        0.48705998,
        0.40240365,
        0.23172003
      ],
      [
        0.119161755,
        0.049919456,
        0.11282285
      ],
      [
        0.21599403,
        0.45684,
        0.21595
      ]
    ]
  },
  "profile" : "experimental",
  "reintegration" : {
    "border" : "torus",
    "dd" : 5,
    "sigma" : 0.65
  },
  "run" : {
    "steps" : 500
  }
}