{
  "centroids" : [
    [
      62.6624,
      62.580597
    ],
    [
      62.353687,
      62.35191
    ],
    [
      62.653385,
      62.532875
    ],
    [
      62.65429,
      62.43844
    ],
    [
      62.63646,
      62.447083
    ],
    [
      62.432247,
      62.25382
    ],
    [
      62.267654,
      61.99885
    ],
    [
      62.107243,
      61.834766
    ],
    [
      61.96694,
      61.681805
    ],
    [
      61.963943,
      61.68687
    ],
    [
      61.930557,
      61.65984
    ],
    [
      61.9454,
      61.682686
    ]
  ],
  "fps" : 10,
  "frameCount" : 12,
  "framesPath" : "releases\/qg-20260228-real-creatures\/runs\/qg-nnea-s300128\/9fe10844-c0dd-4fc9-867b-1754fb0105a8\/frames.bin",
  "height" : 128,
  "palette" : "lenia-spectrum",
  "velocities" : [
    [
      0,
      0
    ],
    [
      -0.308712,
      -0.22868729
    ],
    [
      0.29969788,
      0.18096542
    ],
    [
      0.00090408325,
      -0.094436646
    ],
    [
      -0.017829895,
      0.008644104
    ],
    [
      -0.20421219,
      -0.19326401
    ],
    [
      -0.16459274,
      -0.25496674
    ],
    [
      -0.16041183,
      -0.16408539
    ],
    [
      -0.14030075,
      -0.15296173
    ],
    [
      -0.002998352,
      0.005065918
    ],
    [
      -0.03338623,
      -0.027030945
    ],
    [
      0.014842987,
      0.022846222
    ]
  ],
  "width" : 128
}