{
  "backend" : "mlx",
  "channels" : 1,
  "connectivity" : [
    [
      3
    ]
  ],
  "flow" : {
    "dt" : 0.2,
    "n" : 2,
    "theta_A" : 2
  },
  "grid" : {
    "sx" : 128,
    "sy" : 128
  },
  "implementation" : {
    "mode" : "paper"
  },
  "init" : {
    "a_uniform" : {
      "high" : 1,
      "low" : 0
    },
    "p_uniform" : {
      "high" : 1,
      "low" : 0
    },
    "patches" : [
      {
        "center" : [
          32,
          32
        ],
        "size" : 24
      },
      {
        "center" : [
          96,
          96
        ],
        "size" : 24
      }
    ],
    "seed" : 300109
  },
  "interventions" : [

  ],
  "parameter_embedding" : {
    "enabled" : true,
    "mix" : "stoch",
    "mix_seed" : 42
  },
  "params" : {
    "R" : 8.176186,
    "a" : [
      [
        0.40849882,
        0.7493271,
        0.9271233
      ],
      [
        0.55685806,
        0.4484257,
        0.023297846
      ],
      [
        0.8802765,
        0.822415,
        0.83947486
      ]
    ],
    "b" : [
      [
        0.94523513,
        0.9542224,
        0.442801
      ],
      [
        0.557112,
        0.6242365,
        0.019329011
      ],
      [
        0.25468403,
        0.73470974,
        0.7390513
      ]
    ],
    "h" : [
      0.18145305,
      0.27844572,
      0.92290586
    ],
    "m" : [
      0.20103736,
      0.2111894,
      0.44806534
    ],
    "mode" : "explicit",
    "r" : [
      0.6941337,
      0.24310361,
      0.28920445
    ],
    "s" : [
      0.119911805,
      0.057902627,
      0.19405195
    ],
    "w" : [
      [
        0.19455786,
        0.4876533,
        0.07893335
      ],
      [
        0.238389,
        0.4622422,
        0.48294327
      ],
      [
        0.44775584,
        0.34046605,
        0.22607239
      ]
    ]
  },
  "profile" : "experimental",
  "reintegration" : {
    "border" : "torus",
    "dd" : 5,
    "sigma" : 0.65
  },
  "run" : {
    "steps" : 500
  }
}