{
  "centroids" : [
    [
      63.11993,
      63.400024
    ],
    [
      63.16589,
      63.402016
    ],
    [
      63.204655,
      63.340538
    ],
    [
      63.263626,
      63.340275
    ],
    [
      63.261497,
      63.36481
    ],
    [
      63.357994,
      63.38259
    ],
    [
      63.37113,
      63.409336
    ],
    [
      63.598846,
      63.42211
    ],
    [
      63.573956,
      63.67467
    ],
    [
      63.821106,
      63.84655
    ],
    [
      64.08394,
      64.031075
    ],
    [
      64.2893,
      64.18365
    ],
    [
      64.30237,
      64.31649
    ],
    [
      64.48185,
      64.21553
    ],
    [
      64.50851,
      64.15652
    ],
    [
      64.584816,
      64.168365
    ],
    [
      64.65348,
      64.16018
    ],
    [
      64.74779,
      64.15978
    ],
    [
      64.77181,
      64.28063
    ],
    [
      64.86552,
      64.410736
    ],
    [
      64.93851,
      64.36776
    ],
    [
      64.987,
      64.482605
    ],
    [
      65.045685,
      64.55135
    ],
    [
      65.14722,
      64.636635
    ],
    [
      65.12222,
      64.73016
    ],
    [
      65.237015,
      64.739975
    ],
    [
      65.275955,
      64.719025
    ],
    [
      65.34485,
      64.822075
    ],
    [
      65.36416,
      64.87121
    ],
    [
      65.40631,
      64.9107
    ],
    [
      65.41486,
      64.94164
    ],
    [
      65.479706,
      64.97717
    ],
    [
      65.532936,
      65.02077
    ],
    [
      65.54916,
      65.04799
    ],
    [
      65.57094,
      65.10047
    ],
    [
      65.61147,
      65.09447
    ]
  ],
  "fps" : 12,
  "frameCount" : 36,
  "framesPath" : "releases\/orbium-like-20260307\/runs\/glider-family-luminous-spiral-4134-c000-s0\/70c84606-1210-4cba-bdd6-c6d61ff7c19a\/frames.bin",
  "height" : 128,
  "palette" : "lenia-spectrum",
  "velocities" : [
    [
      0,
      0
    ],
    [
      0.045959473,
      0.001991272
    ],
    [
      0.038764954,
      -0.06147766
    ],
    [
      0.058971405,
      -0.0002632141
    ],
    [
      -0.002128601,
      0.024536133
    ],
    [
      0.09649658,
      0.017780304
    ],
    [
      0.013137817,
      0.026744843
    ],
    [
      0.22771454,
      0.012775421
    ],
    [
      -0.0248909,
      0.25255966
    ],
    [
      0.24715042,
      0.17187881
    ],
    [
      0.26283264,
      0.18452454
    ],
    [
      0.20536041,
      0.15257263
    ],
    [
      0.013069153,
      0.13284302
    ],
    [
      0.1794815,
      -0.10095978
    ],
    [
      0.026657104,
      -0.059013367
    ],
    [
      0.076309204,
      0.01184845
    ],
    [
      0.06866455,
      -0.00818634
    ],
    [
      0.094306946,
      -0.00039672852
    ],
    [
      0.024024963,
      0.12084961
    ],
    [
      0.09370422,
      0.13010406
    ],
    [
      0.07299042,
      -0.04297638
    ],
    [
      0.04849243,
      0.114845276
    ],
    [
      0.058685303,
      0.068748474
    ],
    [
      0.10153198,
      0.08528137
    ],
    [
      -0.024993896,
      0.09352875
    ],
    [
      0.11479187,
      0.009811401
    ],
    [
      0.03894043,
      -0.020950317
    ],
    [
      0.06889343,
      0.10305023
    ],
    [
      0.019309998,
      0.0491333
    ],
    [
      0.042152405,
      0.039489746
    ],
    [
      0.008552551,
      0.030944824
    ],
    [
      0.064842224,
      0.03553009
    ],
    [
      0.053230286,
      0.04359436
    ],
    [
      0.016220093,
      0.02722168
    ],
    [
      0.021781921,
      0.052482605
    ],
    [
      0.040534973,
      -0.0060043335
    ]
  ],
  "width" : 128
}