{
  "backend" : "mlx",
  "channels" : 1,
  "connectivity" : [
    [
      3
    ]
  ],
  "flow" : {
    "dt" : 0.2,
    "n" : 2,
    "theta_A" : 2
  },
  "grid" : {
    "sx" : 128,
    "sy" : 128
  },
  "implementation" : {
    "mode" : "paper"
  },
  "init" : {
    "a_uniform" : {
      "high" : 1,
      "low" : 0
    },
    "p_uniform" : {
      "high" : 1,
      "low" : 0
    },
    "patches" : [
      {
        "center" : [
          32,
          32
        ],
        "size" : 24
      },
      {
        "center" : [
          96,
          96
        ],
        "size" : 24
      }
    ],
    "seed" : 300222
  },
  "interventions" : [

  ],
  "parameter_embedding" : {
    "enabled" : true,
    "mix" : "stoch",
    "mix_seed" : 42
  },
  "params" : {
    "R" : 5.5844965,
    "a" : [
      [
        0.065404415,
        0.8742984,
        0.61864984
      ],
      [
        0.41939265,
        0.30887246,
        0.24274069
      ],
      [
        0.96967345,
        0.8186612,
        0.6750148
      ]
    ],
    "b" : [
      [
        0.4589997,
        0.3160159,
        0.6663556
      ],
      [
        0.56443197,
        0.09739262,
        0.5338638
      ],
      [
        0.9948938,
        0.254529,
        0.30656588
      ]
    ],
    "h" : [
      0.3557114,
      0.36578727,
      0.5390254
    ],
    "m" : [
      0.12681812,
      0.054268844,
      0.49111095
    ],
    "mode" : "explicit",
    "r" : [
      0.8545579,
      0.7735297,
      0.4097526
    ],
    "s" : [
      0.069341965,
      0.057578694,
      0.19748403
    ],
    "w" : [
      [
        0.27846885,
        0.12989612,
        0.43551052
      ],
      [
        0.33940437,
        0.47924727,
        0.048066996
      ],
      [
        0.18183546,
        0.4315763,
        0.26916185
      ]
    ]
  },
  "profile" : "experimental",
  "reintegration" : {
    "border" : "torus",
    "dd" : 5,
    "sigma" : 0.65
  },
  "run" : {
    "steps" : 500
  }
}