{
  "centroids" : [
    [
      63.314587,
      63.172874
    ],
    [
      63.321716,
      63.167328
    ],
    [
      63.345284,
      63.170628
    ],
    [
      63.321274,
      63.13726
    ],
    [
      63.346245,
      63.16129
    ],
    [
      63.32643,
      63.149826
    ],
    [
      63.325584,
      63.150085
    ],
    [
      63.31524,
      63.144634
    ],
    [
      63.30798,
      63.13278
    ],
    [
      63.30859,
      63.12774
    ],
    [
      63.305424,
      63.124855
    ],
    [
      63.311653,
      63.12851
    ]
  ],
  "fps" : 10,
  "frameCount" : 12,
  "framesPath" : "releases\/qg-20260228-real-creatures\/runs\/qg-nnea-s300192\/36445d60-f70d-42c6-9f8a-ef1ae7f912a7\/frames.bin",
  "height" : 128,
  "palette" : "lenia-spectrum",
  "velocities" : [
    [
      0,
      0
    ],
    [
      0.007129669,
      -0.00554657
    ],
    [
      0.0235672,
      0.0032997131
    ],
    [
      -0.024009705,
      -0.033367157
    ],
    [
      0.024971008,
      0.024028778
    ],
    [
      -0.019813538,
      -0.011463165
    ],
    [
      -0.0008468628,
      0.0002593994
    ],
    [
      -0.010345459,
      -0.0054512024
    ],
    [
      -0.007259369,
      -0.011856079
    ],
    [
      0.00061035156,
      -0.005039215
    ],
    [
      -0.0031661987,
      -0.0028839111
    ],
    [
      0.0062294006,
      0.00365448
    ]
  ],
  "width" : 128
}