{
  "centroids" : [
    [
      63.556072,
      63.430916
    ],
    [
      63.534473,
      63.494873
    ],
    [
      63.402042,
      63.62934
    ],
    [
      63.28066,
      63.677414
    ],
    [
      63.352505,
      63.484177
    ],
    [
      63.25526,
      63.54054
    ],
    [
      63.155704,
      63.480114
    ],
    [
      63.193157,
      63.335186
    ],
    [
      63.07664,
      63.153965
    ],
    [
      63.052025,
      63.09393
    ],
    [
      62.93089,
      62.960484
    ],
    [
      62.868717,
      62.956364
    ],
    [
      63.066517,
      62.986526
    ],
    [
      63.01355,
      62.98546
    ],
    [
      62.967525,
      62.913277
    ],
    [
      62.899555,
      62.9546
    ],
    [
      62.98917,
      62.814255
    ],
    [
      62.9596,
      62.818165
    ],
    [
      62.843822,
      62.821964
    ],
    [
      62.782475,
      62.835716
    ],
    [
      62.811394,
      62.73716
    ],
    [
      62.746475,
      62.756863
    ],
    [
      62.75051,
      62.68818
    ],
    [
      62.72108,
      62.678886
    ],
    [
      62.81154,
      62.584206
    ],
    [
      62.7348,
      62.618332
    ],
    [
      62.75732,
      62.56559
    ],
    [
      62.751762,
      62.60935
    ],
    [
      62.806293,
      62.490643
    ],
    [
      62.746914,
      62.508205
    ],
    [
      62.770638,
      62.44162
    ],
    [
      62.754898,
      62.419743
    ],
    [
      62.7375,
      62.449764
    ],
    [
      62.780594,
      62.38778
    ],
    [
      62.762474,
      62.376556
    ],
    [
      62.614906,
      62.55725
    ]
  ],
  "fps" : 12,
  "frameCount" : 36,
  "framesPath" : "releases\/orbium-like-20260307\/runs\/glider-family-luminous-spiral-4134-c000-s0\/e1e2145f-e6d1-4190-9ae9-cff411750961\/frames.bin",
  "height" : 128,
  "palette" : "lenia-spectrum",
  "velocities" : [
    [
      0,
      0
    ],
    [
      -0.021598816,
      0.063957214
    ],
    [
      -0.13243103,
      0.13446808
    ],
    [
      -0.12138367,
      0.048072815
    ],
    [
      0.07184601,
      -0.1932373
    ],
    [
      -0.09724426,
      0.056362152
    ],
    [
      -0.09955597,
      -0.060424805
    ],
    [
      0.037452698,
      -0.14492798
    ],
    [
      -0.11651611,
      -0.18122101
    ],
    [
      -0.024616241,
      -0.060035706
    ],
    [
      -0.12113571,
      -0.13344574
    ],
    [
      -0.062171936,
      -0.004119873
    ],
    [
      0.19779968,
      0.030162811
    ],
    [
      -0.05296707,
      -0.0010681152
    ],
    [
      -0.046024323,
      -0.0721817
    ],
    [
      -0.067970276,
      0.041324615
    ],
    [
      0.08961487,
      -0.14034653
    ],
    [
      -0.029571533,
      0.0039100647
    ],
    [
      -0.11577606,
      0.0037994385
    ],
    [
      -0.06134796,
      0.013751984
    ],
    [
      0.02891922,
      -0.09855652
    ],
    [
      -0.06491852,
      0.019702911
    ],
    [
      0.0040359497,
      -0.068683624
    ],
    [
      -0.02943039,
      -0.009292603
    ],
    [
      0.090457916,
      -0.094680786
    ],
    [
      -0.076740265,
      0.03412628
    ],
    [
      0.022521973,
      -0.052742004
    ],
    [
      -0.005558014,
      0.043758392
    ],
    [
      0.054531097,
      -0.11870575
    ],
    [
      -0.059379578,
      0.017562866
    ],
    [
      0.023723602,
      -0.06658554
    ],
    [
      -0.01573944,
      -0.021877289
    ],
    [
      -0.017398834,
      0.030021667
    ],
    [
      0.043094635,
      -0.061985016
    ],
    [
      -0.018119812,
      -0.011222839
    ],
    [
      -0.14756775,
      0.18069458
    ]
  ],
  "width" : 128
}