{
  "backend" : "mlx",
  "channels" : 1,
  "connectivity" : [
    [
      3
    ]
  ],
  "flow" : {
    "dt" : 0.2,
    "n" : 2,
    "theta_A" : 2
  },
  "grid" : {
    "sx" : 128,
    "sy" : 128
  },
  "implementation" : {
    "mode" : "paper"
  },
  "init" : {
    "a_uniform" : {
      "high" : 1,
      "low" : 0
    },
    "p_uniform" : {
      "high" : 1,
      "low" : 0
    },
    "patches" : [
      {
        "center" : [
          32,
          32
        ],
        "size" : 24
      },
      {
        "center" : [
          96,
          96
        ],
        "size" : 24
      }
    ],
    "seed" : 300133
  },
  "interventions" : [

  ],
  "parameter_embedding" : {
    "enabled" : true,
    "mix" : "stoch",
    "mix_seed" : 42
  },
  "params" : {
    "R" : 8.141404,
    "a" : [
      [
        0.870223,
        0.67121565,
        0.4854167
      ],
      [
        0.17192006,
        0.4417522,
        0.18616468
      ],
      [
        0.85834336,
        0.0051213503,
        0.7415353
      ]
    ],
    "b" : [
      [
        0.49643934,
        0.60494006,
        0.448627
      ],
      [
        0.9148199,
        0.16366732,
        0.526659
      ],
      [
        0.7839782,
        0.29479355,
        0.5855752
      ]
    ],
    "h" : [
      0.9154242,
      0.119412065,
      0.3886823
    ],
    "m" : [
      0.4531195,
      0.061875347,
      0.19633801
    ],
    "mode" : "explicit",
    "r" : [
      0.6957962,
      0.8269192,
      0.76071584
    ],
    "s" : [
      0.18698686,
      0.08540717,
      0.09779197
    ],
    "w" : [
      [
        0.43965614,
        0.3224114,
        0.2494696
      ],
      [
        0.28180766,
        0.2714946,
        0.34044784
      ],
      [
        0.16991848,
        0.20467517,
        0.40493107
      ]
    ]
  },
  "profile" : "experimental",
  "reintegration" : {
    "border" : "torus",
    "dd" : 5,
    "sigma" : 0.65
  },
  "run" : {
    "steps" : 500
  }
}