{
  "backend" : "mlx",
  "beam_mutation" : {
    "enabled" : true,
    "patch_size" : 10,
    "probability" : 0.02,
    "seed" : 99,
    "std" : 0.1
  },
  "channels" : 1,
  "connectivity" : [
    [
      3
    ]
  ],
  "environment" : {
    "depth" : 2,
    "passage_width" : 6,
    "type" : "cross_map",
    "wall_thickness" : 3,
    "wall_value" : -10
  },
  "flow" : {
    "dt" : 0.2,
    "n" : 2,
    "theta_A" : 2
  },
  "grid" : {
    "sx" : 128,
    "sy" : 128
  },
  "implementation" : {
    "mode" : "paper"
  },
  "init" : {
    "a_uniform" : {
      "high" : 1,
      "low" : 0
    },
    "p_uniform" : {
      "high" : 1,
      "low" : 0
    },
    "patches" : [
      {
        "center" : [
          32,
          32
        ],
        "size" : 20
      },
      {
        "center" : [
          96,
          32
        ],
        "size" : 20
      },
      {
        "center" : [
          32,
          96
        ],
        "size" : 20
      },
      {
        "center" : [
          96,
          96
        ],
        "size" : 20
      }
    ],
    "seed" : 44
  },
  "interventions" : [

  ],
  "parameter_embedding" : {
    "enabled" : true,
    "mix" : "stoch_gene_wise",
    "mix_seed" : 42
  },
  "params" : {
    "R" : 6.7432103,
    "a" : [
      [
        0.14825821,
        0.90648943,
        0.41296405
      ],
      [
        0.9649065,
        0.24972576,
        0.5226037
      ],
      [
        0.03967315,
        0.68287,
        0.8698969
      ]
    ],
    "b" : [
      [
        0.92213297,
        0.3325134,
        0.02453953
      ],
      [
        0.30476928,
        0.5718098,
        0.082200825
      ],
      [
        0.45948434,
        0.59701616,
        0.1978845
      ]
    ],
    "h" : [
      0.44340134,
      0.4809441,
      0.40753168
    ],
    "m" : [
      0.42677107,
      0.07560045,
      0.25414002
    ],
    "mode" : "explicit",
    "r" : [
      0.3300089,
      0.2702561,
      0.55739504
    ],
    "s" : [
      0.12500376,
      0.107318185,
      0.055100292
    ],
    "w" : [
      [
        0.24257922,
        0.29002598,
        0.27691603
      ],
      [
        0.1953928,
        0.051555037,
        0.24123494
      ],
      [
        0.36596268,
        0.24569869,
        0.4461394
      ]
    ]
  },
  "profile" : "experimental",
  "reintegration" : {
    "border" : "wall",
    "dd" : 5,
    "sigma" : 0.65
  },
  "run" : {
    "steps" : 500
  }
}