{
  "backend" : "mlx",
  "channels" : 1,
  "connectivity" : [
    [
      3
    ]
  ],
  "flow" : {
    "dt" : 0.2,
    "n" : 2,
    "theta_A" : 2
  },
  "grid" : {
    "sx" : 128,
    "sy" : 128
  },
  "implementation" : {
    "mode" : "paper"
  },
  "init" : {
    "a_uniform" : {
      "high" : 1,
      "low" : 0
    },
    "p_uniform" : {
      "high" : 1,
      "low" : 0
    },
    "patches" : [
      {
        "center" : [
          32,
          32
        ],
        "size" : 24
      },
      {
        "center" : [
          96,
          96
        ],
        "size" : 24
      }
    ],
    "seed" : 300039
  },
  "interventions" : [

  ],
  "parameter_embedding" : {
    "enabled" : true,
    "mix" : "stoch",
    "mix_seed" : 42
  },
  "params" : {
    "R" : 12.358034,
    "a" : [
      [
        0.42517114,
        0.4102431,
        0.52500623
      ],
      [
        0.88365686,
        0.062473595,
        0.2886545
      ],
      [
        0.9944612,
        0.8371281,
        0.77357054
      ]
    ],
    "b" : [
      [
        0.21516186,
        0.9841112,
        0.7079614
      ],
      [
        0.770688,
        0.92757696,
        0.27230537
      ],
      [
        0.038618505,
        0.3131137,
        0.2497158
      ]
    ],
    "h" : [
      0.8294924,
      0.39707494,
      0.02400899
    ],
    "m" : [
      0.16564663,
      0.4497187,
      0.1240748
    ],
    "mode" : "explicit",
    "r" : [
      0.9153425,
      0.81747663,
      0.80366963
    ],
    "s" : [
      0.12394194,
      0.14339976,
      0.08765639
    ],
    "w" : [
      [
        0.21250607,
        0.3196782,
        0.0835407
      ],
      [
        0.22135326,
        0.30877078,
        0.3911719
      ],
      [
        0.14848363,
        0.01437621,
        0.39220124
      ]
    ]
  },
  "profile" : "experimental",
  "reintegration" : {
    "border" : "torus",
    "dd" : 5,
    "sigma" : 0.65
  },
  "run" : {
    "steps" : 500
  }
}