{
  "backend" : "mlx",
  "channels" : 1,
  "connectivity" : [
    [
      3
    ]
  ],
  "flow" : {
    "dt" : 0.2,
    "n" : 2,
    "theta_A" : 2
  },
  "grid" : {
    "sx" : 128,
    "sy" : 128
  },
  "implementation" : {
    "mode" : "paper"
  },
  "init" : {
    "a_uniform" : {
      "high" : 1,
      "low" : 0
    },
    "p_uniform" : {
      "high" : 1,
      "low" : 0
    },
    "patches" : [
      {
        "center" : [
          32,
          32
        ],
        "size" : 24
      },
      {
        "center" : [
          96,
          96
        ],
        "size" : 24
      }
    ],
    "seed" : 300174
  },
  "interventions" : [

  ],
  "parameter_embedding" : {
    "enabled" : true,
    "mix" : "stoch",
    "mix_seed" : 42
  },
  "params" : {
    "R" : 17.45257,
    "a" : [
      [
        0.8153024,
        0.24567366,
        0.9028533
      ],
      [
        0.51206774,
        0.26062185,
        0.44558972
      ],
      [
        0.9476489,
        0.390015,
        0.8022814
      ]
    ],
    "b" : [
      [
        0.21260148,
        0.14853817,
        0.050016463
      ],
      [
        0.44103485,
        0.8266472,
        0.7928357
      ],
      [
        0.9353132,
        0.31046307,
        0.5789187
      ]
    ],
    "h" : [
      0.43512863,
      0.39848214,
      0.120550334
    ],
    "m" : [
      0.3619683,
      0.16616103,
      0.12534244
    ],
    "mode" : "explicit",
    "r" : [
      0.3931257,
      0.7990395,
      0.88022316
    ],
    "s" : [
      0.070571154,
      0.15227808,
      0.12241807
    ],
    "w" : [
      [
        0.23651354,
        0.08204613,
        0.37733886
      ],
      [
        0.46751767,
        0.30622384,
        0.36373648
      ],
      [
        0.35184014,
        0.26415983,
        0.49445632
      ]
    ]
  },
  "profile" : "experimental",
  "reintegration" : {
    "border" : "torus",
    "dd" : 5,
    "sigma" : 0.65
  },
  "run" : {
    "steps" : 500
  }
}