{
  "backend" : "mlx",
  "beam_mutation" : {
    "enabled" : true,
    "patch_size" : 10,
    "probability" : 0.02,
    "seed" : 99,
    "std" : 0.1
  },
  "channels" : 1,
  "connectivity" : [
    [
      3
    ]
  ],
  "environment" : {
    "depth" : 2,
    "passage_width" : 6,
    "type" : "cross_map",
    "wall_thickness" : 3,
    "wall_value" : -10
  },
  "flow" : {
    "dt" : 0.2,
    "n" : 2,
    "theta_A" : 2
  },
  "grid" : {
    "sx" : 128,
    "sy" : 128
  },
  "implementation" : {
    "mode" : "paper"
  },
  "init" : {
    "a_uniform" : {
      "high" : 1,
      "low" : 0
    },
    "p_uniform" : {
      "high" : 1,
      "low" : 0
    },
    "patches" : [
      {
        "center" : [
          32,
          32
        ],
        "size" : 20
      },
      {
        "center" : [
          96,
          32
        ],
        "size" : 20
      },
      {
        "center" : [
          32,
          96
        ],
        "size" : 20
      },
      {
        "center" : [
          96,
          96
        ],
        "size" : 20
      }
    ],
    "seed" : 52
  },
  "interventions" : [

  ],
  "parameter_embedding" : {
    "enabled" : true,
    "mix" : "stoch_gene_wise",
    "mix_seed" : 42
  },
  "params" : {
    "R" : 16.021809,
    "a" : [
      [
        0.6252621,
        0.4634865,
        0.06482172
      ],
      [
        0.07531828,
        0.13494301,
        0.81666577
      ],
      [
        0.4752984,
        0.87139827,
        0.65409356
      ]
    ],
    "b" : [
      [
        0.06028664,
        0.58579564,
        0.6563197
      ],
      [
        0.49667835,
        0.6900677,
        0.02138263
      ],
      [
        0.33582848,
        0.5016128,
        0.27516198
      ]
    ],
    "h" : [
      0.48840523,
      0.0584352,
      0.7395439
    ],
    "m" : [
      0.38217553,
      0.2524744,
      0.10249354
    ],
    "mode" : "explicit",
    "r" : [
      0.22407532,
      0.3564312,
      0.4253571
    ],
    "s" : [
      0.15151238,
      0.17707343,
      0.09674986
    ],
    "w" : [
      [
        0.3553156,
        0.2492582,
        0.36383477
      ],
      [
        0.11504972,
        0.16920207,
        0.2687413
      ],
      [
        0.21926899,
        0.33161858,
        0.35395473
      ]
    ]
  },
  "profile" : "experimental",
  "reintegration" : {
    "border" : "wall",
    "dd" : 5,
    "sigma" : 0.65
  },
  "run" : {
    "steps" : 500
  }
}