{
  "centroids" : [
    [
      64.54099,
      63.47604
    ],
    [
      64.610405,
      63.718616
    ],
    [
      64.8948,
      63.819733
    ],
    [
      65.123856,
      63.89869
    ],
    [
      65.30393,
      64.106125
    ],
    [
      65.39839,
      64.13919
    ],
    [
      65.682076,
      64.37107
    ],
    [
      65.72456,
      64.47987
    ],
    [
      65.93749,
      64.61221
    ],
    [
      66.14661,
      64.86745
    ],
    [
      66.364914,
      65.02523
    ],
    [
      66.547615,
      65.2739
    ],
    [
      66.71881,
      65.49197
    ],
    [
      66.843994,
      65.65571
    ],
    [
      66.986786,
      65.76946
    ],
    [
      67.211555,
      65.88479
    ],
    [
      67.27741,
      65.957275
    ],
    [
      67.25459,
      66.181984
    ],
    [
      67.547195,
      66.46113
    ],
    [
      67.68547,
      66.45492
    ],
    [
      67.70571,
      66.61423
    ],
    [
      67.78517,
      66.685326
    ],
    [
      67.85724,
      66.856575
    ],
    [
      67.98626,
      66.868576
    ],
    [
      67.99368,
      66.94689
    ],
    [
      68.10818,
      67.10275
    ],
    [
      68.239716,
      67.08029
    ],
    [
      68.34612,
      67.12359
    ],
    [
      68.44748,
      67.18416
    ],
    [
      68.47212,
      67.24364
    ],
    [
      68.61707,
      67.30511
    ],
    [
      68.58568,
      67.35131
    ],
    [
      68.71151,
      67.38709
    ],
    [
      68.76369,
      67.43448
    ],
    [
      68.95048,
      67.34609
    ],
    [
      68.94382,
      67.42598
    ]
  ],
  "fps" : 12,
  "frameCount" : 36,
  "framesPath" : "releases\/discovery-20260306-movers\/runs\/crossmap-motion-c000-s0\/ab6335f6-a108-4e9c-a233-216c6f6b2524\/frames.bin",
  "height" : 128,
  "palette" : "lenia-spectrum",
  "velocities" : [
    [
      0,
      0
    ],
    [
      0.06941223,
      0.2425766
    ],
    [
      0.2843933,
      0.10111618
    ],
    [
      0.22905731,
      0.078956604
    ],
    [
      0.1800766,
      0.20743561
    ],
    [
      0.09445953,
      0.033065796
    ],
    [
      0.28368378,
      0.23188019
    ],
    [
      0.0424881,
      0.108802795
    ],
    [
      0.21292877,
      0.13233948
    ],
    [
      0.20911407,
      0.25523376
    ],
    [
      0.2183075,
      0.15778351
    ],
    [
      0.18270111,
      0.24867249
    ],
    [
      0.17119598,
      0.21806335
    ],
    [
      0.1251831,
      0.16374207
    ],
    [
      0.14279175,
      0.11375427
    ],
    [
      0.22476959,
      0.11532593
    ],
    [
      0.06585693,
      0.07248688
    ],
    [
      -0.022819519,
      0.22470856
    ],
    [
      0.29260254,
      0.2791443
    ],
    [
      0.13827515,
      -0.006210327
    ],
    [
      0.020240784,
      0.15930939
    ],
    [
      0.079460144,
      0.07109833
    ],
    [
      0.07206726,
      0.17124939
    ],
    [
      0.12902069,
      0.012001038
    ],
    [
      0.007423401,
      0.078315735
    ],
    [
      0.114494324,
      0.1558609
    ],
    [
      0.13153839,
      -0.022460938
    ],
    [
      0.106407166,
      0.043296814
    ],
    [
      0.10135651,
      0.060569763
    ],
    [
      0.024642944,
      0.05947876
    ],
    [
      0.14495087,
      0.06147003
    ],
    [
      -0.03139496,
      0.046203613
    ],
    [
      0.1258316,
      0.03578186
    ],
    [
      0.05217743,
      0.04738617
    ],
    [
      0.18679047,
      -0.088386536
    ],
    [
      -0.0066604614,
      0.07988739
    ]
  ],
  "width" : 128
}