{
  "centroids" : [
    [
      64.276375,
      64.69682
    ],
    [
      64.21697,
      64.654625
    ],
    [
      63.847824,
      64.34506
    ],
    [
      63.78404,
      64.221146
    ],
    [
      63.426426,
      63.602577
    ],
    [
      63.33524,
      63.51922
    ],
    [
      63.63643,
      63.735413
    ],
    [
      63.629242,
      63.847683
    ],
    [
      63.751175,
      64.08429
    ],
    [
      63.29785,
      63.497784
    ],
    [
      63.702473,
      63.924965
    ],
    [
      63.58752,
      63.90252
    ]
  ],
  "fps" : 10,
  "frameCount" : 12,
  "framesPath" : "releases\/qg-20260228-real-creatures\/runs\/qg-nnea-s300096\/1d84604f-8c01-40a9-9a00-0eb3fa47c2e2\/frames.bin",
  "height" : 128,
  "palette" : "lenia-spectrum",
  "velocities" : [
    [
      0,
      0
    ],
    [
      -0.059402466,
      -0.04219818
    ],
    [
      -0.36914825,
      -0.30956268
    ],
    [
      -0.06378555,
      -0.123916626
    ],
    [
      -0.3576126,
      -0.6185684
    ],
    [
      -0.09118652,
      -0.083358765
    ],
    [
      0.30118942,
      0.21619415
    ],
    [
      -0.0071868896,
      0.112270355
    ],
    [
      0.12193298,
      0.2366066
    ],
    [
      -0.45332336,
      -0.5865059
    ],
    [
      0.40462112,
      0.42718124
    ],
    [
      -0.11495209,
      -0.022445679
    ]
  ],
  "width" : 128
}