{
  "backend" : "mlx",
  "channels" : 1,
  "connectivity" : [
    [
      3
    ]
  ],
  "flow" : {
    "dt" : 0.2,
    "n" : 2,
    "theta_A" : 2
  },
  "grid" : {
    "sx" : 128,
    "sy" : 128
  },
  "implementation" : {
    "mode" : "paper"
  },
  "init" : {
    "a_uniform" : {
      "high" : 1,
      "low" : 0
    },
    "p_uniform" : {
      "high" : 1,
      "low" : 0
    },
    "patches" : [
      {
        "center" : [
          32,
          32
        ],
        "size" : 24
      },
      {
        "center" : [
          96,
          96
        ],
        "size" : 24
      }
    ],
    "seed" : 300114
  },
  "interventions" : [

  ],
  "parameter_embedding" : {
    "enabled" : true,
    "mix" : "stoch",
    "mix_seed" : 42
  },
  "params" : {
    "R" : 14.457378,
    "a" : [
      [
        0.6422677,
        0.09556252,
        0.102100134
      ],
      [
        0.45116186,
        0.10697919,
        0.24116307
      ],
      [
        0.59644985,
        0.41226065,
        0.75596
      ]
    ],
    "b" : [
      [
        0.9866296,
        0.8948023,
        0.037370265
      ],
      [
        0.67035246,
        0.38033998,
        0.7094415
      ],
      [
        0.3045724,
        0.40439993,
        0.7812566
      ]
    ],
    "h" : [
      0.7537416,
      0.24297863,
      0.071795166
    ],
    "m" : [
      0.39794075,
      0.49885383,
      0.24866867
    ],
    "mode" : "explicit",
    "r" : [
      0.89144933,
      0.37007666,
      0.37080204
    ],
    "s" : [
      0.19107188,
      0.115288764,
      0.0746999
    ],
    "w" : [
      [
        0.19725424,
        0.032697544,
        0.2764394
      ],
      [
        0.46397796,
        0.47348258,
        0.2543218
      ],
      [
        0.19668357,
        0.33247998,
        0.011311858
      ]
    ]
  },
  "profile" : "experimental",
  "reintegration" : {
    "border" : "torus",
    "dd" : 5,
    "sigma" : 0.65
  },
  "run" : {
    "steps" : 500
  }
}