{
  "backend" : "mlx",
  "channels" : 1,
  "connectivity" : [
    [
      3
    ]
  ],
  "flow" : {
    "dt" : 0.2,
    "n" : 2,
    "theta_A" : 2
  },
  "grid" : {
    "sx" : 128,
    "sy" : 128
  },
  "implementation" : {
    "mode" : "paper"
  },
  "init" : {
    "a_uniform" : {
      "high" : 1,
      "low" : 0
    },
    "p_uniform" : {
      "high" : 1,
      "low" : 0
    },
    "patches" : [
      {
        "center" : [
          32,
          32
        ],
        "size" : 24
      },
      {
        "center" : [
          96,
          96
        ],
        "size" : 24
      }
    ],
    "seed" : 300148
  },
  "interventions" : [

  ],
  "parameter_embedding" : {
    "enabled" : true,
    "mix" : "stoch",
    "mix_seed" : 42
  },
  "params" : {
    "R" : 15.31101,
    "a" : [
      [
        0.14507586,
        0.17737567,
        0.86055094
      ],
      [
        0.30367118,
        0.86287516,
        0.049685657
      ],
      [
        0.065194786,
        0.1669957,
        0.26078206
      ]
    ],
    "b" : [
      [
        0.6704579,
        0.025186956,
        0.6234724
      ],
      [
        0.46301532,
        0.6357053,
        0.5931198
      ],
      [
        0.73577267,
        0.053760767,
        0.017936528
      ]
    ],
    "h" : [
      0.9665499,
      0.19556057,
      0.3557778
    ],
    "m" : [
      0.19421306,
      0.3186504,
      0.24781644
    ],
    "mode" : "explicit",
    "r" : [
      0.53407925,
      0.71857536,
      0.64779633
    ],
    "s" : [
      0.14514896,
      0.14345163,
      0.052577566
    ],
    "w" : [
      [
        0.12758785,
        0.1543973,
        0.2641457
      ],
      [
        0.14078492,
        0.37961397,
        0.48164007
      ],
      [
        0.055589482,
        0.31915474,
        0.2855468
      ]
    ]
  },
  "profile" : "experimental",
  "reintegration" : {
    "border" : "torus",
    "dd" : 5,
    "sigma" : 0.65
  },
  "run" : {
    "steps" : 500
  }
}