{
  "centroids" : [
    [
      64.39094,
      64.14037
    ],
    [
      64.007416,
      63.655235
    ],
    [
      63.634396,
      63.182724
    ],
    [
      63.614674,
      63.100224
    ],
    [
      63.313004,
      62.747807
    ],
    [
      63.143585,
      62.544384
    ],
    [
      63.035316,
      62.41345
    ],
    [
      62.989174,
      62.367706
    ],
    [
      62.988804,
      62.36885
    ],
    [
      63.13564,
      62.542645
    ],
    [
      63.10022,
      62.452076
    ],
    [
      63.19429,
      62.552315
    ]
  ],
  "fps" : 10,
  "frameCount" : 12,
  "framesPath" : "releases\/qg-20260228-real-creatures\/runs\/qg-nnea-s300128\/1735bc40-05cc-41cf-9f46-4b74a72c43ac\/frames.bin",
  "height" : 128,
  "palette" : "lenia-spectrum",
  "velocities" : [
    [
      0,
      0
    ],
    [
      -0.38352203,
      -0.48513794
    ],
    [
      -0.37302017,
      -0.4725113
    ],
    [
      -0.019721985,
      -0.08250046
    ],
    [
      -0.30167007,
      -0.352417
    ],
    [
      -0.16941833,
      -0.20342255
    ],
    [
      -0.10826874,
      -0.13093567
    ],
    [
      -0.046142578,
      -0.045742035
    ],
    [
      -0.00037002563,
      0.0011444092
    ],
    [
      0.14683533,
      0.1737938
    ],
    [
      -0.035419464,
      -0.09056854
    ],
    [
      0.094070435,
      0.1002388
    ]
  ],
  "width" : 128
}