{
  "backend" : "mlx",
  "beam_mutation" : {
    "enabled" : true,
    "patch_size" : 10,
    "probability" : 0.02,
    "seed" : 99,
    "std" : 0.1
  },
  "channels" : 1,
  "connectivity" : [
    [
      3
    ]
  ],
  "environment" : {
    "depth" : 2,
    "passage_width" : 6,
    "type" : "cross_map",
    "wall_thickness" : 3,
    "wall_value" : -10
  },
  "flow" : {
    "dt" : 0.2,
    "n" : 2,
    "theta_A" : 2
  },
  "grid" : {
    "sx" : 128,
    "sy" : 128
  },
  "implementation" : {
    "mode" : "paper"
  },
  "init" : {
    "a_uniform" : {
      "high" : 1,
      "low" : 0
    },
    "p_uniform" : {
      "high" : 1,
      "low" : 0
    },
    "patches" : [
      {
        "center" : [
          32,
          32
        ],
        "size" : 20
      },
      {
        "center" : [
          96,
          32
        ],
        "size" : 20
      },
      {
        "center" : [
          32,
          96
        ],
        "size" : 20
      },
      {
        "center" : [
          96,
          96
        ],
        "size" : 20
      }
    ],
    "seed" : 74
  },
  "interventions" : [

  ],
  "parameter_embedding" : {
    "enabled" : true,
    "mix" : "stoch_gene_wise",
    "mix_seed" : 42
  },
  "params" : {
    "R" : 13.726354,
    "a" : [
      [
        0.88655156,
        0.5717474,
        0.70872176
      ],
      [
        0.8720952,
        0.2844302,
        0.94354725
      ],
      [
        0.87061554,
        0.12038511,
        0.82321846
      ]
    ],
    "b" : [
      [
        0.28294563,
        0.7911181,
        0.08991289
      ],
      [
        0.3052199,
        0.3147223,
        0.25310838
      ],
      [
        0.29383326,
        0.14238977,
        0.5979319
      ]
    ],
    "h" : [
      0.4725889,
      0.93522334,
      0.43212295
    ],
    "m" : [
      0.49936897,
      0.32050025,
      0.10753923
    ],
    "mode" : "explicit",
    "r" : [
      0.6858224,
      0.81953853,
      0.5340163
    ],
    "s" : [
      0.0801052,
      0.18723592,
      0.18605365
    ],
    "w" : [
      [
        0.37764132,
        0.38884935,
        0.4279982
      ],
      [
        0.4782011,
        0.42066264,
        0.17974314
      ],
      [
        0.31219843,
        0.087605774,
        0.3508022
      ]
    ]
  },
  "profile" : "experimental",
  "reintegration" : {
    "border" : "wall",
    "dd" : 5,
    "sigma" : 0.65
  },
  "run" : {
    "steps" : 500
  }
}