{
  "backend" : "mlx",
  "channels" : 1,
  "connectivity" : [
    [
      3
    ]
  ],
  "flow" : {
    "dt" : 0.2,
    "n" : 2,
    "theta_A" : 2
  },
  "grid" : {
    "sx" : 128,
    "sy" : 128
  },
  "implementation" : {
    "mode" : "paper"
  },
  "init" : {
    "a_uniform" : {
      "high" : 1,
      "low" : 0
    },
    "p_uniform" : {
      "high" : 1,
      "low" : 0
    },
    "patches" : [
      {
        "center" : [
          32,
          32
        ],
        "size" : 24
      },
      {
        "center" : [
          96,
          96
        ],
        "size" : 24
      }
    ],
    "seed" : 300055
  },
  "interventions" : [

  ],
  "parameter_embedding" : {
    "enabled" : true,
    "mix" : "stoch",
    "mix_seed" : 42
  },
  "params" : {
    "R" : 12.262725,
    "a" : [
      [
        0.058063805,
        0.4993648,
        0.26214486
      ],
      [
        0.26545918,
        0.94942224,
        0.7139519
      ],
      [
        0.10821998,
        0.8889307,
        0.6853953
      ]
    ],
    "b" : [
      [
        0.6481216,
        0.015850663,
        0.4185846
      ],
      [
        0.04144305,
        0.823592,
        0.59559745
      ],
      [
        0.7213466,
        0.1400755,
        0.74149585
      ]
    ],
    "h" : [
      0.87650156,
      0.24652064,
      0.3186369
    ],
    "m" : [
      0.23850887,
      0.445498,
      0.18708673
    ],
    "mode" : "explicit",
    "r" : [
      0.63919777,
      0.39181817,
      0.6317589
    ],
    "s" : [
      0.09577483,
      0.0027863511,
      0.053950813
    ],
    "w" : [
      [
        0.38542208,
        0.3772399,
        0.4942756
      ],
      [
        0.26120868,
        0.07711783,
        0.089987636
      ],
      [
        0.084922746,
        0.49518618,
        0.033731267
      ]
    ]
  },
  "profile" : "experimental",
  "reintegration" : {
    "border" : "torus",
    "dd" : 5,
    "sigma" : 0.65
  },
  "run" : {
    "steps" : 500
  }
}