{
  "centroids" : [
    [
      64.82649,
      64.5827
    ],
    [
      65.16934,
      64.86004
    ],
    [
      65.05201,
      64.70923
    ],
    [
      65.07644,
      64.85872
    ],
    [
      65.2793,
      64.98847
    ],
    [
      64.65088,
      64.40879
    ],
    [
      64.35481,
      64.15437
    ],
    [
      64.178055,
      63.9609
    ],
    [
      64.08653,
      63.891624
    ],
    [
      63.78021,
      63.54054
    ],
    [
      63.8162,
      63.601448
    ],
    [
      63.980946,
      63.797802
    ]
  ],
  "fps" : 10,
  "frameCount" : 12,
  "framesPath" : "releases\/qg-20260228-real-creatures\/runs\/qg-nnea-s300032\/a4ca8036-cd43-4fc5-b113-1575432d1195\/frames.bin",
  "height" : 128,
  "palette" : "lenia-spectrum",
  "velocities" : [
    [
      0,
      0
    ],
    [
      0.34284973,
      0.27733612
    ],
    [
      -0.11733246,
      -0.15081024
    ],
    [
      0.024429321,
      0.14949036
    ],
    [
      0.20285797,
      0.12975311
    ],
    [
      -0.62841797,
      -0.5796814
    ],
    [
      -0.29606628,
      -0.25441742
    ],
    [
      -0.17675781,
      -0.19347382
    ],
    [
      -0.09152222,
      -0.0692749
    ],
    [
      -0.306324,
      -0.35108566
    ],
    [
      0.03599167,
      0.06090927
    ],
    [
      0.16474533,
      0.19635391
    ]
  ],
  "width" : 128
}