{
  "backend" : "mlx",
  "channels" : 1,
  "connectivity" : [
    [
      3
    ]
  ],
  "flow" : {
    "dt" : 0.2,
    "n" : 2,
    "theta_A" : 2
  },
  "grid" : {
    "sx" : 128,
    "sy" : 128
  },
  "implementation" : {
    "mode" : "paper"
  },
  "init" : {
    "a_uniform" : {
      "high" : 1,
      "low" : 0
    },
    "p_uniform" : {
      "high" : 1,
      "low" : 0
    },
    "patches" : [
      {
        "center" : [
          32,
          32
        ],
        "size" : 24
      },
      {
        "center" : [
          96,
          96
        ],
        "size" : 24
      }
    ],
    "seed" : 300104
  },
  "interventions" : [

  ],
  "parameter_embedding" : {
    "enabled" : true,
    "mix" : "stoch",
    "mix_seed" : 42
  },
  "params" : {
    "R" : 8.144964,
    "a" : [
      [
        0.79829866,
        0.47542477,
        0.6559712
      ],
      [
        0.39057714,
        0.2551567,
        0.05497563
      ],
      [
        0.09928429,
        0.86217296,
        0.4118678
      ]
    ],
    "b" : [
      [
        0.9350591,
        0.8706908,
        0.8773961
      ],
      [
        0.71203697,
        0.9657479,
        0.818141
      ],
      [
        0.6125686,
        0.47117674,
        0.5123627
      ]
    ],
    "h" : [
      0.4318455,
      0.8727299,
      0.44449258
    ],
    "m" : [
      0.10057125,
      0.16552925,
      0.37884083
    ],
    "mode" : "explicit",
    "r" : [
      0.9351036,
      0.728351,
      0.36575547
    ],
    "s" : [
      0.15640582,
      0.007705503,
      0.0015393582
    ],
    "w" : [
      [
        0.07420033,
        0.018863374,
        0.32066903
      ],
      [
        0.081384316,
        0.0771039,
        0.42865908
      ],
      [
        0.463061,
        0.39549688,
        0.43813428
      ]
    ]
  },
  "profile" : "experimental",
  "reintegration" : {
    "border" : "torus",
    "dd" : 5,
    "sigma" : 0.65
  },
  "run" : {
    "steps" : 500
  }
}