{
  "centroids" : [
    [
      63.16977,
      63.014435
    ],
    [
      63.261635,
      63.07821
    ],
    [
      63.40634,
      63.21933
    ],
    [
      63.332726,
      63.14568
    ],
    [
      63.26245,
      63.104153
    ],
    [
      63.216824,
      63.08615
    ],
    [
      63.147232,
      63.022274
    ],
    [
      63.193497,
      63.08822
    ],
    [
      63.22398,
      63.12441
    ],
    [
      63.214863,
      63.109245
    ],
    [
      63.226147,
      63.105362
    ],
    [
      63.214985,
      63.09852
    ]
  ],
  "fps" : 10,
  "frameCount" : 12,
  "framesPath" : "releases\/qg-20260228-real-creatures\/runs\/qg-nnea-s300096\/62da2654-6fcd-4566-af97-3158daa91988\/frames.bin",
  "height" : 128,
  "palette" : "lenia-spectrum",
  "velocities" : [
    [
      0,
      0
    ],
    [
      0.09186554,
      0.06377411
    ],
    [
      0.14470673,
      0.14112091
    ],
    [
      -0.07361603,
      -0.07365036
    ],
    [
      -0.07027435,
      -0.041526794
    ],
    [
      -0.045627594,
      -0.018001556
    ],
    [
      -0.06959152,
      -0.063877106
    ],
    [
      0.04626465,
      0.06594467
    ],
    [
      0.030483246,
      0.036190033
    ],
    [
      -0.009117126,
      -0.015163422
    ],
    [
      0.0112838745,
      -0.0038833618
    ],
    [
      -0.011161804,
      -0.006843567
    ]
  ],
  "width" : 128
}