{
  "backend" : "mlx",
  "channels" : 1,
  "connectivity" : [
    [
      3
    ]
  ],
  "flow" : {
    "dt" : 0.2,
    "n" : 2,
    "theta_A" : 2
  },
  "grid" : {
    "sx" : 128,
    "sy" : 128
  },
  "implementation" : {
    "mode" : "paper"
  },
  "init" : {
    "a_uniform" : {
      "high" : 1,
      "low" : 0
    },
    "p_uniform" : {
      "high" : 1,
      "low" : 0
    },
    "patches" : [
      {
        "center" : [
          32,
          32
        ],
        "size" : 24
      },
      {
        "center" : [
          96,
          96
        ],
        "size" : 24
      }
    ],
    "seed" : 300086
  },
  "interventions" : [

  ],
  "parameter_embedding" : {
    "enabled" : true,
    "mix" : "stoch",
    "mix_seed" : 42
  },
  "params" : {
    "R" : 14.062043,
    "a" : [
      [
        0.8746816,
        0.2719462,
        0.6617793
      ],
      [
        0.0906657,
        0.32690144,
        0.61839014
      ],
      [
        0.37463605,
        0.9404902,
        0.67294157
      ]
    ],
    "b" : [
      [
        0.6776453,
        0.683029,
        0.8560824
      ],
      [
        0.9302973,
        0.626718,
        0.4281798
      ],
      [
        0.54377085,
        0.98676646,
        0.8219574
      ]
    ],
    "h" : [
      0.6394281,
      0.74612343,
      0.18630326
    ],
    "m" : [
      0.32564005,
      0.099794485,
      0.30503792
    ],
    "mode" : "explicit",
    "r" : [
      0.7357027,
      0.8105573,
      0.7352832
    ],
    "s" : [
      0.18642882,
      0.06082082,
      0.05447703
    ],
    "w" : [
      [
        0.25349644,
        0.3103132,
        0.31651646
      ],
      [
        0.13005632,
        0.43959537,
        0.39127165
      ],
      [
        0.44121078,
        0.29612887,
        0.32774603
      ]
    ]
  },
  "profile" : "experimental",
  "reintegration" : {
    "border" : "torus",
    "dd" : 5,
    "sigma" : 0.65
  },
  "run" : {
    "steps" : 500
  }
}