{
  "backend" : "mlx",
  "beam_mutation" : {
    "enabled" : true,
    "patch_size" : 10,
    "probability" : 0.02,
    "seed" : 99,
    "std" : 0.1
  },
  "channels" : 1,
  "connectivity" : [
    [
      3
    ]
  ],
  "environment" : {
    "depth" : 2,
    "passage_width" : 6,
    "type" : "cross_map",
    "wall_thickness" : 3,
    "wall_value" : -10
  },
  "flow" : {
    "dt" : 0.2,
    "n" : 2,
    "theta_A" : 2
  },
  "grid" : {
    "sx" : 128,
    "sy" : 128
  },
  "implementation" : {
    "mode" : "paper"
  },
  "init" : {
    "a_uniform" : {
      "high" : 1,
      "low" : 0
    },
    "p_uniform" : {
      "high" : 1,
      "low" : 0
    },
    "patches" : [
      {
        "center" : [
          32,
          32
        ],
        "size" : 20
      },
      {
        "center" : [
          96,
          32
        ],
        "size" : 20
      },
      {
        "center" : [
          32,
          96
        ],
        "size" : 20
      },
      {
        "center" : [
          96,
          96
        ],
        "size" : 20
      }
    ],
    "seed" : 12
  },
  "interventions" : [

  ],
  "parameter_embedding" : {
    "enabled" : true,
    "mix" : "stoch_gene_wise",
    "mix_seed" : 42
  },
  "params" : {
    "R" : 13.976635,
    "a" : [
      [
        0.3051929,
        0.49212396,
        0.86390656
      ],
      [
        0.6471951,
        0.5994349,
        0.91748154
      ],
      [
        0.3586809,
        0.7440223,
        0.63403606
      ]
    ],
    "b" : [
      [
        0.56601584,
        0.9481354,
        0.884117
      ],
      [
        0.3823737,
        0.29216105,
        0.43588638
      ],
      [
        0.5541808,
        0.4053498,
        0.062278688
      ]
    ],
    "h" : [
      0.45730114,
      0.900866,
      0.15563416
    ],
    "m" : [
      0.34887534,
      0.47948608,
      0.391888
    ],
    "mode" : "explicit",
    "r" : [
      0.6808418,
      0.69268364,
      0.348431
    ],
    "s" : [
      0.04393728,
      0.078131504,
      0.030419216
    ],
    "w" : [
      [
        0.47212765,
        0.33872843,
        0.37422627
      ],
      [
        0.07436497,
        0.10582734,
        0.4350149
      ],
      [
        0.19781528,
        0.46324605,
        0.23014769
      ]
    ]
  },
  "profile" : "experimental",
  "reintegration" : {
    "border" : "wall",
    "dd" : 5,
    "sigma" : 0.65
  },
  "run" : {
    "steps" : 500
  }
}