{
  "centroids" : [
    [
      64.1508,
      63.913788
    ],
    [
      64.24997,
      64.21487
    ],
    [
      64.571594,
      64.27974
    ],
    [
      64.81571,
      64.52136
    ],
    [
      64.910126,
      64.81012
    ],
    [
      65.002846,
      64.88242
    ],
    [
      65.48028,
      64.95339
    ],
    [
      65.5689,
      65.023094
    ],
    [
      65.709915,
      65.216866
    ],
    [
      65.86822,
      65.26268
    ],
    [
      66.05124,
      65.464905
    ],
    [
      66.3556,
      65.713875
    ],
    [
      66.423355,
      65.83088
    ],
    [
      66.65069,
      65.952255
    ],
    [
      66.799866,
      66.14368
    ],
    [
      67.005066,
      66.2915
    ],
    [
      67.08458,
      66.48462
    ],
    [
      67.22323,
      66.54721
    ],
    [
      67.474236,
      66.80289
    ],
    [
      67.52963,
      66.87132
    ],
    [
      67.607346,
      67.02421
    ],
    [
      67.60369,
      67.17822
    ],
    [
      67.7318,
      67.23228
    ],
    [
      67.74654,
      67.30782
    ],
    [
      67.8891,
      67.404305
    ],
    [
      67.92599,
      67.48862
    ],
    [
      68.00002,
      67.54841
    ],
    [
      68.11441,
      67.60371
    ],
    [
      68.17629,
      67.68708
    ],
    [
      68.27602,
      67.69351
    ],
    [
      68.31763,
      67.76776
    ],
    [
      68.40342,
      67.86011
    ],
    [
      68.42301,
      67.908875
    ],
    [
      68.5028,
      67.89404
    ],
    [
      68.52961,
      67.99261
    ],
    [
      68.598335,
      67.99263
    ]
  ],
  "fps" : 12,
  "frameCount" : 36,
  "framesPath" : "releases\/discovery-20260306-movers\/runs\/crossmap-motion-c000-s0\/4df6e0f2-ddf6-4285-9eba-0cba8580cdbf\/frames.bin",
  "height" : 128,
  "palette" : "lenia-spectrum",
  "velocities" : [
    [
      0,
      0
    ],
    [
      0.09916687,
      0.3010788
    ],
    [
      0.32162476,
      0.06487274
    ],
    [
      0.24411774,
      0.24162292
    ],
    [
      0.09441376,
      0.28875732
    ],
    [
      0.09272003,
      0.07230377
    ],
    [
      0.47743225,
      0.07096863
    ],
    [
      0.08862305,
      0.06970215
    ],
    [
      0.1410141,
      0.19377136
    ],
    [
      0.1583023,
      0.045814514
    ],
    [
      0.18302155,
      0.20222473
    ],
    [
      0.30435944,
      0.24897003
    ],
    [
      0.06775665,
      0.117004395
    ],
    [
      0.22733307,
      0.12137604
    ],
    [
      0.14917755,
      0.19142151
    ],
    [
      0.2052002,
      0.14781952
    ],
    [
      0.07951355,
      0.19312286
    ],
    [
      0.13864899,
      0.06259155
    ],
    [
      0.25100708,
      0.25567627
    ],
    [
      0.055397034,
      0.06843567
    ],
    [
      0.07771301,
      0.15288544
    ],
    [
      -0.00365448,
      0.15401459
    ],
    [
      0.12810516,
      0.05405426
    ],
    [
      0.01473999,
      0.075546265
    ],
    [
      0.14256287,
      0.09648132
    ],
    [
      0.036888123,
      0.08431244
    ],
    [
      0.074035645,
      0.059791565
    ],
    [
      0.11438751,
      0.05529785
    ],
    [
      0.06188202,
      0.08337402
    ],
    [
      0.099723816,
      0.0064315796
    ],
    [
      0.041610718,
      0.07424927
    ],
    [
      0.08579254,
      0.09234619
    ],
    [
      0.019592285,
      0.04876709
    ],
    [
      0.07978821,
      -0.014831543
    ],
    [
      0.026809692,
      0.09856415
    ],
    [
      0.068725586,
      2.2888184e-05
    ]
  ],
  "width" : 128
}