{
  "centroids" : [
    [
      63.710022,
      63.641064
    ],
    [
      63.635113,
      63.59408
    ],
    [
      63.448097,
      63.574207
    ],
    [
      63.486607,
      63.528683
    ],
    [
      63.438545,
      63.393642
    ],
    [
      63.37684,
      63.4709
    ],
    [
      63.424503,
      63.471363
    ],
    [
      63.340298,
      63.497524
    ],
    [
      63.370136,
      63.548264
    ],
    [
      63.354042,
      63.469883
    ],
    [
      63.36567,
      63.478695
    ],
    [
      63.335968,
      63.575405
    ],
    [
      63.42315,
      63.542824
    ],
    [
      63.33755,
      63.617134
    ],
    [
      63.229332,
      63.713062
    ],
    [
      63.22446,
      63.500896
    ],
    [
      63.13292,
      63.480274
    ],
    [
      63.00202,
      63.34754
    ],
    [
      63.015736,
      63.254078
    ],
    [
      62.952663,
      63.21455
    ],
    [
      62.904545,
      63.14808
    ],
    [
      62.90905,
      63.067657
    ],
    [
      62.83273,
      62.97762
    ],
    [
      62.856747,
      62.90219
    ],
    [
      62.774384,
      62.85512
    ],
    [
      62.74697,
      62.832138
    ],
    [
      62.644463,
      62.821987
    ],
    [
      62.704723,
      62.773743
    ],
    [
      62.655853,
      62.80293
    ],
    [
      62.67503,
      62.72186
    ],
    [
      62.727783,
      62.728065
    ],
    [
      62.703804,
      62.671303
    ],
    [
      62.69705,
      62.66821
    ],
    [
      62.694374,
      62.678493
    ],
    [
      62.685844,
      62.66036
    ],
    [
      62.64649,
      62.67404
    ]
  ],
  "fps" : 12,
  "frameCount" : 36,
  "framesPath" : "releases\/orbium-like-20260307\/runs\/glider-family-luminous-spiral-4134-c000-s0\/6dc166d0-8989-4d60-a7e5-e44096c94947\/frames.bin",
  "height" : 128,
  "palette" : "lenia-spectrum",
  "velocities" : [
    [
      0,
      0
    ],
    [
      -0.07490921,
      -0.04698181
    ],
    [
      -0.18701553,
      -0.019874573
    ],
    [
      0.03850937,
      -0.045524597
    ],
    [
      -0.04806137,
      -0.13504028
    ],
    [
      -0.061706543,
      0.07725906
    ],
    [
      0.047664642,
      0.00046157837
    ],
    [
      -0.08420563,
      0.026161194
    ],
    [
      0.029838562,
      0.05073929
    ],
    [
      -0.016094208,
      -0.078380585
    ],
    [
      0.011627197,
      0.008811951
    ],
    [
      -0.029701233,
      0.096710205
    ],
    [
      0.08718109,
      -0.03258133
    ],
    [
      -0.08559799,
      0.0743103
    ],
    [
      -0.10821915,
      0.09592819
    ],
    [
      -0.0048713684,
      -0.21216583
    ],
    [
      -0.09154129,
      -0.020622253
    ],
    [
      -0.13089752,
      -0.13273239
    ],
    [
      0.013713837,
      -0.0934639
    ],
    [
      -0.063072205,
      -0.039527893
    ],
    [
      -0.04811859,
      -0.0664711
    ],
    [
      0.0045051575,
      -0.08042145
    ],
    [
      -0.07632065,
      -0.0900383
    ],
    [
      0.024017334,
      -0.07542801
    ],
    [
      -0.08236313,
      -0.04706955
    ],
    [
      -0.027412415,
      -0.022983551
    ],
    [
      -0.102508545,
      -0.010150909
    ],
    [
      0.060260773,
      -0.048244476
    ],
    [
      -0.048870087,
      0.029186249
    ],
    [
      0.019176483,
      -0.08106995
    ],
    [
      0.05275345,
      0.0062065125
    ],
    [
      -0.023979187,
      -0.056762695
    ],
    [
      -0.006755829,
      -0.0030937195
    ],
    [
      -0.0026741028,
      0.010284424
    ],
    [
      -0.008529663,
      -0.01813507
    ],
    [
      -0.03935623,
      0.013683319
    ]
  ],
  "width" : 128
}