{
  "backend" : "mlx",
  "channels" : 1,
  "connectivity" : [
    [
      3
    ]
  ],
  "flow" : {
    "dt" : 0.2,
    "n" : 2,
    "theta_A" : 2
  },
  "grid" : {
    "sx" : 128,
    "sy" : 128
  },
  "implementation" : {
    "mode" : "paper"
  },
  "init" : {
    "a_uniform" : {
      "high" : 1,
      "low" : 0
    },
    "p_uniform" : {
      "high" : 1,
      "low" : 0
    },
    "patches" : [
      {
        "center" : [
          32,
          32
        ],
        "size" : 24
      },
      {
        "center" : [
          96,
          96
        ],
        "size" : 24
      }
    ],
    "seed" : 300194
  },
  "interventions" : [

  ],
  "parameter_embedding" : {
    "enabled" : true,
    "mix" : "stoch",
    "mix_seed" : 42
  },
  "params" : {
    "R" : 14.555541,
    "a" : [
      [
        0.22571582,
        0.23676163,
        0.04158944
      ],
      [
        0.88619524,
        0.5583865,
        0.020068884
      ],
      [
        0.1823898,
        0.12206191,
        0.15317488
      ]
    ],
    "b" : [
      [
        0.8357846,
        0.674493,
        0.044790864
      ],
      [
        0.5613624,
        0.17963684,
        0.3315438
      ],
      [
        0.10939556,
        0.060658514,
        0.30566877
      ]
    ],
    "h" : [
      0.0835284,
      0.5993685,
      0.9323708
    ],
    "m" : [
      0.13276967,
      0.27909416,
      0.3639149
    ],
    "mode" : "explicit",
    "r" : [
      0.6944355,
      0.7058848,
      0.4781369
    ],
    "s" : [
      0.07374893,
      0.111177355,
      0.16162634
    ],
    "w" : [
      [
        0.49336374,
        0.19270498,
        0.19598228
      ],
      [
        0.4719677,
        0.04356987,
        0.44661403
      ],
      [
        0.44580477,
        0.24581963,
        0.39902526
      ]
    ]
  },
  "profile" : "experimental",
  "reintegration" : {
    "border" : "torus",
    "dd" : 5,
    "sigma" : 0.65
  },
  "run" : {
    "steps" : 500
  }
}