{
  "centroids" : [
    [
      64.35126,
      64.700096
    ],
    [
      64.09193,
      64.45455
    ],
    [
      64.10927,
      64.42426
    ],
    [
      64.17755,
      64.46262
    ],
    [
      63.87658,
      64.06845
    ],
    [
      63.956326,
      64.1447
    ],
    [
      64.0021,
      64.201004
    ],
    [
      63.781204,
      63.96618
    ],
    [
      63.69773,
      63.879917
    ],
    [
      63.67976,
      63.856026
    ],
    [
      63.70485,
      63.898678
    ],
    [
      63.61419,
      63.79939
    ]
  ],
  "fps" : 10,
  "frameCount" : 12,
  "framesPath" : "releases\/qg-20260228-real-creatures\/runs\/qg-nnea-s300192\/a844ea61-025a-4aa8-b501-f80e9640d0ee\/frames.bin",
  "height" : 128,
  "palette" : "lenia-spectrum",
  "velocities" : [
    [
      0,
      0
    ],
    [
      -0.25933075,
      -0.24554443
    ],
    [
      0.017341614,
      -0.030288696
    ],
    [
      0.06828308,
      0.038360596
    ],
    [
      -0.30097198,
      -0.39417267
    ],
    [
      0.07974625,
      0.07624817
    ],
    [
      0.045772552,
      0.05630493
    ],
    [
      -0.22089386,
      -0.23482513
    ],
    [
      -0.083473206,
      -0.08626175
    ],
    [
      -0.017971039,
      -0.023891449
    ],
    [
      0.025089264,
      0.04265213
    ],
    [
      -0.090660095,
      -0.09928894
    ]
  ],
  "width" : 128
}