{
  "centroids" : [
    [
      64.679184,
      64.62943
    ],
    [
      64.39901,
      64.46411
    ],
    [
      63.903126,
      63.880352
    ],
    [
      63.88548,
      63.81201
    ],
    [
      63.91796,
      63.872
    ],
    [
      63.589783,
      63.476765
    ],
    [
      63.883347,
      63.759434
    ],
    [
      63.46488,
      63.356865
    ],
    [
      63.36793,
      63.27783
    ],
    [
      63.220413,
      63.07778
    ],
    [
      62.996254,
      62.943066
    ],
    [
      62.957134,
      62.935802
    ]
  ],
  "fps" : 10,
  "frameCount" : 12,
  "framesPath" : "releases\/qg-20260228-real-creatures\/runs\/qg-nnea-s300032\/13f3a055-6da7-4680-90ec-1562f04324a7\/frames.bin",
  "height" : 128,
  "palette" : "lenia-spectrum",
  "velocities" : [
    [
      0,
      0
    ],
    [
      -0.28017426,
      -0.16532135
    ],
    [
      -0.49588394,
      -0.5837593
    ],
    [
      -0.01764679,
      -0.0683403
    ],
    [
      0.032482147,
      0.05998993
    ],
    [
      -0.3281784,
      -0.39523697
    ],
    [
      0.29356384,
      0.28266907
    ],
    [
      -0.41846466,
      -0.40256882
    ],
    [
      -0.09695053,
      -0.07903671
    ],
    [
      -0.14751816,
      -0.20004654
    ],
    [
      -0.22415924,
      -0.13471603
    ],
    [
      -0.03911972,
      -0.0072631836
    ]
  ],
  "width" : 128
}