{
  "backend" : "mlx",
  "channels" : 1,
  "connectivity" : [
    [
      3
    ]
  ],
  "flow" : {
    "dt" : 0.2,
    "n" : 2,
    "theta_A" : 2
  },
  "grid" : {
    "sx" : 128,
    "sy" : 128
  },
  "implementation" : {
    "mode" : "paper"
  },
  "init" : {
    "a_uniform" : {
      "high" : 1,
      "low" : 0
    },
    "p_uniform" : {
      "high" : 1,
      "low" : 0
    },
    "patches" : [
      {
        "center" : [
          32,
          32
        ],
        "size" : 24
      },
      {
        "center" : [
          96,
          96
        ],
        "size" : 24
      }
    ],
    "seed" : 300100
  },
  "interventions" : [

  ],
  "parameter_embedding" : {
    "enabled" : true,
    "mix" : "stoch",
    "mix_seed" : 42
  },
  "params" : {
    "R" : 9.919325,
    "a" : [
      [
        0.35785168,
        0.29793113,
        0.29256862
      ],
      [
        0.13988799,
        0.5058585,
        0.8957647
      ],
      [
        0.53448564,
        0.30699068,
        0.63018036
      ]
    ],
    "b" : [
      [
        0.8359375,
        0.4222409,
        0.55525905
      ],
      [
        0.35675377,
        0.9678727,
        0.06255555
      ],
      [
        0.9024414,
        0.46289998,
        0.7259059
      ]
    ],
    "h" : [
      0.16016132,
      0.96996176,
      0.6584871
    ],
    "m" : [
      0.13340245,
      0.28631467,
      0.16232844
    ],
    "mode" : "explicit",
    "r" : [
      0.36053282,
      0.39991796,
      0.3713553
    ],
    "s" : [
      0.055886935,
      0.15987489,
      0.076925725
    ],
    "w" : [
      [
        0.32667446,
        0.3372905,
        0.31843457
      ],
      [
        0.4063217,
        0.3244735,
        0.37886348
      ],
      [
        0.30452648,
        0.19720295,
        0.3097304
      ]
    ]
  },
  "profile" : "experimental",
  "reintegration" : {
    "border" : "torus",
    "dd" : 5,
    "sigma" : 0.65
  },
  "run" : {
    "steps" : 500
  }
}