{
  "centroids" : [
    [
      64.14204,
      64.395226
    ],
    [
      64.61184,
      64.78129
    ],
    [
      64.561295,
      64.68528
    ],
    [
      64.84962,
      64.9272
    ],
    [
      65.32345,
      65.310356
    ],
    [
      65.05983,
      65.09117
    ],
    [
      64.99543,
      64.78857
    ],
    [
      64.86881,
      64.50688
    ],
    [
      65.23435,
      64.926895
    ],
    [
      65.26948,
      64.89441
    ],
    [
      64.94257,
      64.49445
    ],
    [
      65.02726,
      64.55933
    ]
  ],
  "fps" : 10,
  "frameCount" : 12,
  "framesPath" : "releases\/qg-20260228-real-creatures\/runs\/qg-nnea-s300096\/4c106ca4-1373-4d43-b274-e6af0166d24e\/frames.bin",
  "height" : 128,
  "palette" : "lenia-spectrum",
  "velocities" : [
    [
      0,
      0
    ],
    [
      0.46980286,
      0.38606262
    ],
    [
      -0.05054474,
      -0.0960083
    ],
    [
      0.28832245,
      0.24192047
    ],
    [
      0.47383118,
      0.38315582
    ],
    [
      -0.26361847,
      -0.21918488
    ],
    [
      -0.06439972,
      -0.30260468
    ],
    [
      -0.12661743,
      -0.28168488
    ],
    [
      0.36553955,
      0.42001343
    ],
    [
      0.035125732,
      -0.032485962
    ],
    [
      -0.3269043,
      -0.39995575
    ],
    [
      0.08468628,
      0.06488037
    ]
  ],
  "width" : 128
}