{
  "centroids" : [
    [
      62.809784,
      62.581688
    ],
    [
      62.202435,
      62.0104
    ],
    [
      62.55411,
      62.35632
    ],
    [
      62.443417,
      62.1739
    ],
    [
      62.425266,
      62.064995
    ],
    [
      62.538876,
      62.13497
    ],
    [
      62.32975,
      62.06348
    ],
    [
      62.456528,
      62.226803
    ],
    [
      62.63388,
      62.342194
    ],
    [
      62.69709,
      62.3744
    ],
    [
      63.04216,
      62.75045
    ],
    [
      63.12275,
      62.863068
    ]
  ],
  "fps" : 10,
  "frameCount" : 12,
  "framesPath" : "releases\/qg-20260228-real-creatures\/runs\/qg-nnea-s300192\/176206b3-1a08-4f48-801e-e119bb63020e\/frames.bin",
  "height" : 128,
  "palette" : "lenia-spectrum",
  "velocities" : [
    [
      0,
      0
    ],
    [
      -0.6073494,
      -0.57128906
    ],
    [
      0.35167694,
      0.34592056
    ],
    [
      -0.110694885,
      -0.18241882
    ],
    [
      -0.01815033,
      -0.10890579
    ],
    [
      0.113609314,
      0.06997681
    ],
    [
      -0.20912552,
      -0.07149124
    ],
    [
      0.12677765,
      0.16332245
    ],
    [
      0.1773529,
      0.11539078
    ],
    [
      0.06320953,
      0.03220749
    ],
    [
      0.3450699,
      0.37604904
    ],
    [
      0.080589294,
      0.11261749
    ]
  ],
  "width" : 128
}