{
  "backend" : "mlx",
  "channels" : 1,
  "connectivity" : [
    [
      3
    ]
  ],
  "flow" : {
    "dt" : 0.2,
    "n" : 2,
    "theta_A" : 2
  },
  "grid" : {
    "sx" : 128,
    "sy" : 128
  },
  "implementation" : {
    "mode" : "paper"
  },
  "init" : {
    "a_uniform" : {
      "high" : 1,
      "low" : 0
    },
    "p_uniform" : {
      "high" : 1,
      "low" : 0
    },
    "patches" : [
      {
        "center" : [
          32,
          32
        ],
        "size" : 24
      },
      {
        "center" : [
          96,
          96
        ],
        "size" : 24
      }
    ],
    "seed" : 300159
  },
  "interventions" : [

  ],
  "parameter_embedding" : {
    "enabled" : true,
    "mix" : "stoch",
    "mix_seed" : 42
  },
  "params" : {
    "R" : 7.1162148,
    "a" : [
      [
        0.60201424,
        0.63440704,
        0.13397503
      ],
      [
        0.08289492,
        0.5124922,
        0.3598072
      ],
      [
        0.95550406,
        0.8852182,
        0.7459716
      ]
    ],
    "b" : [
      [
        0.08119434,
        0.1790207,
        0.6991055
      ],
      [
        0.4526633,
        0.20614958,
        0.33355737
      ],
      [
        0.7085598,
        0.166206,
        0.69845825
      ]
    ],
    "h" : [
      0.23321742,
      0.6315559,
      0.7207565
    ],
    "m" : [
      0.3684545,
      0.16448057,
      0.21074623
    ],
    "mode" : "explicit",
    "r" : [
      0.43182078,
      0.80866003,
      0.8083888
    ],
    "s" : [
      0.111554034,
      0.1110762,
      0.016585056
    ],
    "w" : [
      [
        0.26635388,
        0.3266998,
        0.16614315
      ],
      [
        0.2430686,
        0.1958831,
        0.47135118
      ],
      [
        0.42825764,
        0.31797677,
        0.07604176
      ]
    ]
  },
  "profile" : "experimental",
  "reintegration" : {
    "border" : "torus",
    "dd" : 5,
    "sigma" : 0.65
  },
  "run" : {
    "steps" : 500
  }
}