{
  "backend" : "mlx",
  "channels" : 1,
  "connectivity" : [
    [
      3
    ]
  ],
  "flow" : {
    "dt" : 0.2,
    "n" : 2,
    "theta_A" : 2
  },
  "grid" : {
    "sx" : 128,
    "sy" : 128
  },
  "implementation" : {
    "mode" : "paper"
  },
  "init" : {
    "a_uniform" : {
      "high" : 1,
      "low" : 0
    },
    "p_uniform" : {
      "high" : 1,
      "low" : 0
    },
    "patches" : [
      {
        "center" : [
          32,
          32
        ],
        "size" : 24
      },
      {
        "center" : [
          96,
          96
        ],
        "size" : 24
      }
    ],
    "seed" : 300179
  },
  "interventions" : [

  ],
  "parameter_embedding" : {
    "enabled" : true,
    "mix" : "stoch",
    "mix_seed" : 42
  },
  "params" : {
    "R" : 12.837137,
    "a" : [
      [
        0.19802791,
        0.5357014,
        0.14444119
      ],
      [
        0.7887412,
        0.12881476,
        0.5930349
      ],
      [
        0.8018452,
        0.24623454,
        0.62774503
      ]
    ],
    "b" : [
      [
        0.16168767,
        0.8596145,
        0.657163
      ],
      [
        0.56865704,
        0.29808748,
        0.28048265
      ],
      [
        0.8451575,
        0.73326254,
        0.60906035
      ]
    ],
    "h" : [
      0.15905851,
      0.6313948,
      0.8884045
    ],
    "m" : [
      0.15676674,
      0.32408723,
      0.056044627
    ],
    "mode" : "explicit",
    "r" : [
      0.63541305,
      0.9420868,
      0.27670565
    ],
    "s" : [
      0.058294572,
      0.13007304,
      0.11594672
    ],
    "w" : [
      [
        0.22398487,
        0.052286223,
        0.32482722
      ],
      [
        0.083791554,
        0.09554877,
        0.49512434
      ],
      [
        0.12074088,
        0.37560397,
        0.21418981
      ]
    ]
  },
  "profile" : "experimental",
  "reintegration" : {
    "border" : "torus",
    "dd" : 5,
    "sigma" : 0.65
  },
  "run" : {
    "steps" : 500
  }
}