{
  "centroids" : [
    [
      63.7515,
      63.34844
    ],
    [
      63.588184,
      63.216614
    ],
    [
      63.888863,
      63.48421
    ],
    [
      63.93946,
      63.508373
    ],
    [
      63.86988,
      63.458477
    ],
    [
      63.76738,
      63.345337
    ],
    [
      63.513298,
      63.08987
    ],
    [
      63.52968,
      63.078293
    ],
    [
      63.61359,
      63.131836
    ],
    [
      63.729107,
      63.27364
    ],
    [
      63.793617,
      63.36663
    ],
    [
      63.76812,
      63.347248
    ]
  ],
  "fps" : 10,
  "frameCount" : 12,
  "framesPath" : "releases\/qg-20260228-real-creatures\/runs\/qg-nnea-s300064\/03494a3d-1553-4ae8-beae-04388f83558a\/frames.bin",
  "height" : 128,
  "palette" : "lenia-spectrum",
  "velocities" : [
    [
      0,
      0
    ],
    [
      -0.16331482,
      -0.1318245
    ],
    [
      0.30067825,
      0.2675972
    ],
    [
      0.050598145,
      0.024162292
    ],
    [
      -0.06958008,
      -0.04989624
    ],
    [
      -0.102500916,
      -0.113140106
    ],
    [
      -0.25408173,
      -0.25546646
    ],
    [
      0.01638031,
      -0.011577606
    ],
    [
      0.083911896,
      0.05354309
    ],
    [
      0.11551666,
      0.14180374
    ],
    [
      0.064510345,
      0.092990875
    ],
    [
      -0.025497437,
      -0.019382477
    ]
  ],
  "width" : 128
}