{
  "backend" : "mlx",
  "beam_mutation" : {
    "enabled" : true,
    "patch_size" : 10,
    "probability" : 0.02,
    "seed" : 99,
    "std" : 0.1
  },
  "channels" : 1,
  "connectivity" : [
    [
      3
    ]
  ],
  "environment" : {
    "depth" : 2,
    "passage_width" : 6,
    "type" : "cross_map",
    "wall_thickness" : 3,
    "wall_value" : -10
  },
  "flow" : {
    "dt" : 0.2,
    "n" : 2,
    "theta_A" : 2
  },
  "grid" : {
    "sx" : 128,
    "sy" : 128
  },
  "implementation" : {
    "mode" : "paper"
  },
  "init" : {
    "a_uniform" : {
      "high" : 1,
      "low" : 0
    },
    "p_uniform" : {
      "high" : 1,
      "low" : 0
    },
    "patches" : [
      {
        "center" : [
          32,
          32
        ],
        "size" : 20
      },
      {
        "center" : [
          96,
          32
        ],
        "size" : 20
      },
      {
        "center" : [
          32,
          96
        ],
        "size" : 20
      },
      {
        "center" : [
          96,
          96
        ],
        "size" : 20
      }
    ],
    "seed" : 80
  },
  "interventions" : [

  ],
  "parameter_embedding" : {
    "enabled" : true,
    "mix" : "stoch_gene_wise",
    "mix_seed" : 42
  },
  "params" : {
    "R" : 11.195012,
    "a" : [
      [
        0.7482387,
        0.18675333,
        0.761797
      ],
      [
        0.3884322,
        0.11215091,
        0.60051566
      ],
      [
        0.2063753,
        0.45916075,
        0.5725373
      ]
    ],
    "b" : [
      [
        0.16704708,
        0.0744586,
        0.93516
      ],
      [
        0.07934785,
        0.45636594,
        0.741111
      ],
      [
        0.20791692,
        0.62141,
        0.32566702
      ]
    ],
    "h" : [
      0.1299308,
      0.12512147,
      0.73216736
    ],
    "m" : [
      0.3238558,
      0.47123104,
      0.1587164
    ],
    "mode" : "explicit",
    "r" : [
      0.95930874,
      0.86477125,
      0.877206
    ],
    "s" : [
      0.012964862,
      0.044339914,
      0.1866259
    ],
    "w" : [
      [
        0.31805262,
        0.46960473,
        0.18975012
      ],
      [
        0.29609594,
        0.1292657,
        0.28600016
      ],
      [
        0.18008588,
        0.13265646,
        0.031209014
      ]
    ]
  },
  "profile" : "experimental",
  "reintegration" : {
    "border" : "wall",
    "dd" : 5,
    "sigma" : 0.65
  },
  "run" : {
    "steps" : 500
  }
}