{
  "centroids" : [
    [
      62.74554,
      64.10615
    ],
    [
      62.83836,
      63.945633
    ],
    [
      62.71632,
      64.1487
    ],
    [
      62.911037,
      64.26742
    ],
    [
      62.89331,
      64.35624
    ],
    [
      63.003162,
      64.38234
    ],
    [
      63.170357,
      64.520805
    ],
    [
      63.283867,
      64.61072
    ],
    [
      63.058025,
      64.81562
    ],
    [
      63.285152,
      64.81783
    ],
    [
      63.47513,
      64.95951
    ],
    [
      63.723904,
      65.11535
    ],
    [
      63.82232,
      65.24729
    ],
    [
      64.07595,
      65.38381
    ],
    [
      64.22668,
      65.48696
    ],
    [
      64.35443,
      65.67894
    ],
    [
      64.536896,
      65.88876
    ],
    [
      64.67381,
      66.049965
    ],
    [
      65.03679,
      66.2763
    ],
    [
      65.12743,
      66.39766
    ],
    [
      65.217354,
      66.46506
    ],
    [
      65.24328,
      66.65658
    ],
    [
      65.341736,
      66.73332
    ],
    [
      65.450005,
      66.824005
    ],
    [
      65.5729,
      66.88481
    ],
    [
      65.58022,
      67.025566
    ],
    [
      65.66442,
      67.02631
    ],
    [
      65.72688,
      67.130325
    ],
    [
      65.82358,
      67.180275
    ],
    [
      65.93102,
      67.22655
    ],
    [
      65.91082,
      67.29203
    ],
    [
      66.02287,
      67.362076
    ],
    [
      66.08633,
      67.409325
    ],
    [
      66.11279,
      67.43871
    ],
    [
      66.155014,
      67.55146
    ],
    [
      66.20981,
      67.58527
    ]
  ],
  "fps" : 12,
  "frameCount" : 36,
  "framesPath" : "releases\/discovery-20260306-movers\/runs\/crossmap-motion-c002-s64\/295b6eb1-ce85-436e-95e0-68258880b762\/frames.bin",
  "height" : 128,
  "palette" : "lenia-spectrum",
  "velocities" : [
    [
      0,
      0
    ],
    [
      0.092819214,
      -0.16051483
    ],
    [
      -0.122039795,
      0.20306396
    ],
    [
      0.1947174,
      0.11872101
    ],
    [
      -0.017726898,
      0.08882141
    ],
    [
      0.10985184,
      0.026100159
    ],
    [
      0.16719437,
      0.13846588
    ],
    [
      0.11351013,
      0.089912415
    ],
    [
      -0.22584152,
      0.20490265
    ],
    [
      0.22712708,
      0.0022125244
    ],
    [
      0.18997574,
      0.14167786
    ],
    [
      0.24877548,
      0.15583801
    ],
    [
      0.098415375,
      0.13194275
    ],
    [
      0.2536316,
      0.13652039
    ],
    [
      0.15072632,
      0.103149414
    ],
    [
      0.12775421,
      0.19197845
    ],
    [
      0.1824646,
      0.20982361
    ],
    [
      0.13691711,
      0.16120148
    ],
    [
      0.36297607,
      0.22633362
    ],
    [
      0.09064484,
      0.12136078
    ],
    [
      0.089920044,
      0.06739807
    ],
    [
      0.025924683,
      0.19152069
    ],
    [
      0.09845734,
      0.07674408
    ],
    [
      0.10826874,
      0.09068298
    ],
    [
      0.12289429,
      0.060806274
    ],
    [
      0.0073242188,
      0.1407547
    ],
    [
      0.084198,
      0.00074768066
    ],
    [
      0.062461853,
      0.104011536
    ],
    [
      0.09669495,
      0.049949646
    ],
    [
      0.10744476,
      0.046272278
    ],
    [
      -0.020202637,
      0.06548309
    ],
    [
      0.11205292,
      0.07004547
    ],
    [
      0.063453674,
      0.04724884
    ],
    [
      0.02646637,
      0.029388428
    ],
    [
      0.04222107,
      0.11274719
    ],
    [
      0.05479431,
      0.033813477
    ]
  ],
  "width" : 128
}