{
  "centroids" : [
    [
      63.257393,
      63.0339
    ],
    [
      63.27443,
      63.07317
    ],
    [
      63.27904,
      63.061817
    ],
    [
      63.296303,
      63.055286
    ],
    [
      63.256954,
      63.01806
    ],
    [
      63.17975,
      62.96007
    ],
    [
      63.153862,
      62.928032
    ],
    [
      63.156025,
      62.957115
    ],
    [
      63.13506,
      62.930317
    ],
    [
      63.14546,
      62.91289
    ],
    [
      63.147717,
      62.896378
    ],
    [
      63.141747,
      62.89176
    ]
  ],
  "fps" : 10,
  "frameCount" : 12,
  "framesPath" : "releases\/qg-20260228-real-creatures\/runs\/qg-nnea-s300096\/d4f2dcbf-43bf-45bb-a82f-5899887562e2\/frames.bin",
  "height" : 128,
  "palette" : "lenia-spectrum",
  "velocities" : [
    [
      0,
      0
    ],
    [
      0.017036438,
      0.039268494
    ],
    [
      0.004611969,
      -0.011352539
    ],
    [
      0.017261505,
      -0.0065307617
    ],
    [
      -0.039348602,
      -0.03722763
    ],
    [
      -0.07720566,
      -0.057987213
    ],
    [
      -0.025886536,
      -0.032039642
    ],
    [
      0.0021629333,
      0.029083252
    ],
    [
      -0.020965576,
      -0.026798248
    ],
    [
      0.010398865,
      -0.017425537
    ],
    [
      0.0022583008,
      -0.016513824
    ],
    [
      -0.005970001,
      -0.0046157837
    ]
  ],
  "width" : 128
}