{
  "backend" : "mlx",
  "channels" : 1,
  "connectivity" : [
    [
      3
    ]
  ],
  "flow" : {
    "dt" : 0.2,
    "n" : 2,
    "theta_A" : 2
  },
  "grid" : {
    "sx" : 128,
    "sy" : 128
  },
  "implementation" : {
    "mode" : "paper"
  },
  "init" : {
    "a_uniform" : {
      "high" : 1,
      "low" : 0
    },
    "p_uniform" : {
      "high" : 1,
      "low" : 0
    },
    "patches" : [
      {
        "center" : [
          32,
          32
        ],
        "size" : 24
      },
      {
        "center" : [
          96,
          96
        ],
        "size" : 24
      }
    ],
    "seed" : 300156
  },
  "interventions" : [

  ],
  "parameter_embedding" : {
    "enabled" : true,
    "mix" : "stoch",
    "mix_seed" : 42
  },
  "params" : {
    "R" : 5.6513686,
    "a" : [
      [
        0.85518974,
        0.5941335,
        0.83884865
      ],
      [
        0.74604493,
        0.4062463,
        0.9214817
      ],
      [
        0.40193683,
        0.11768079,
        0.1254468
      ]
    ],
    "b" : [
      [
        0.9247003,
        0.657813,
        0.15338314
      ],
      [
        0.29280156,
        0.76764405,
        0.7221069
      ],
      [
        0.53742355,
        0.8183797,
        0.33045655
      ]
    ],
    "h" : [
      0.1073764,
      0.4524967,
      0.9354914
    ],
    "m" : [
      0.40287486,
      0.2975495,
      0.39532813
    ],
    "mode" : "explicit",
    "r" : [
      0.9849333,
      0.32449895,
      0.301552
    ],
    "s" : [
      0.0020112847,
      0.010219914,
      0.16403416
    ],
    "w" : [
      [
        0.29252976,
        0.30228335,
        0.32450342
      ],
      [
        0.18543735,
        0.1696862,
        0.22233604
      ],
      [
        0.28933868,
        0.3162139,
        0.49203104
      ]
    ]
  },
  "profile" : "experimental",
  "reintegration" : {
    "border" : "torus",
    "dd" : 5,
    "sigma" : 0.65
  },
  "run" : {
    "steps" : 500
  }
}