{
  "centroids" : [
    [
      63.95751,
      63.891384
    ],
    [
      63.64529,
      63.598606
    ],
    [
      63.59053,
      63.464916
    ],
    [
      63.600216,
      63.47181
    ],
    [
      63.57692,
      63.43217
    ],
    [
      63.4647,
      63.36514
    ],
    [
      63.399876,
      63.29693
    ],
    [
      63.30024,
      63.248657
    ],
    [
      63.27626,
      63.258595
    ],
    [
      63.329594,
      63.28756
    ],
    [
      63.476013,
      63.433006
    ],
    [
      63.491776,
      63.465763
    ]
  ],
  "fps" : 10,
  "frameCount" : 12,
  "framesPath" : "releases\/qg-20260228-real-creatures\/runs\/qg-nnea-s300128\/2205013f-9ccd-4aba-a362-3caf0e231e46\/frames.bin",
  "height" : 128,
  "palette" : "lenia-spectrum",
  "velocities" : [
    [
      0,
      0
    ],
    [
      -0.31222153,
      -0.29277802
    ],
    [
      -0.05475998,
      -0.13368988
    ],
    [
      0.009685516,
      0.006893158
    ],
    [
      -0.023296356,
      -0.03963852
    ],
    [
      -0.112220764,
      -0.06703186
    ],
    [
      -0.06482315,
      -0.0682106
    ],
    [
      -0.09963608,
      -0.04827118
    ],
    [
      -0.023979187,
      0.009937286
    ],
    [
      0.053333282,
      0.028964996
    ],
    [
      0.14641953,
      0.14544678
    ],
    [
      0.01576233,
      0.032756805
    ]
  ],
  "width" : 128
}