{
  "centroids" : [
    [
      63.494423,
      63.47209
    ],
    [
      63.289528,
      63.25879
    ],
    [
      63.435207,
      63.402935
    ],
    [
      63.277206,
      63.23349
    ],
    [
      63.152355,
      63.106106
    ],
    [
      63.03181,
      62.914616
    ],
    [
      62.79601,
      62.772484
    ],
    [
      62.970863,
      62.93237
    ],
    [
      62.794144,
      62.82455
    ],
    [
      62.85204,
      62.78423
    ],
    [
      62.7755,
      62.69369
    ],
    [
      63.08805,
      62.965157
    ]
  ],
  "fps" : 10,
  "frameCount" : 12,
  "framesPath" : "releases\/qg-20260228-real-creatures\/runs\/qg-nnea-s300096\/1cc1cff4-02d9-4c0c-be11-32f8cf615c76\/frames.bin",
  "height" : 128,
  "palette" : "lenia-spectrum",
  "velocities" : [
    [
      0,
      0
    ],
    [
      -0.20489502,
      -0.21330261
    ],
    [
      0.14567947,
      0.14414597
    ],
    [
      -0.15800095,
      -0.16944504
    ],
    [
      -0.12485123,
      -0.12738419
    ],
    [
      -0.12054443,
      -0.19149017
    ],
    [
      -0.2358017,
      -0.1421318
    ],
    [
      0.17485428,
      0.1598854
    ],
    [
      -0.17671967,
      -0.1078186
    ],
    [
      0.05789566,
      -0.04032135
    ],
    [
      -0.076538086,
      -0.090538025
    ],
    [
      0.3125496,
      0.2714653
    ]
  ],
  "width" : 128
}