{
  "artifact_source" : "rendered_stage_media_with_replay",
  "creature" : {
    "config_hash" : "d8692c840d24",
    "genotype" : {
      "R" : 3.154708,
      "a" : [
        [
          0.015993059,
          0.54076946,
          0.25244826
        ]
      ],
      "b" : [
        [
          0.58802426,
          0.68869704,
          0.5743833
        ]
      ],
      "h" : [
        0.7918896
      ],
      "m" : [
        0.25215343
      ],
      "r" : [
        0.7941662
      ],
      "s" : [
        0.12690003
      ],
      "w" : [
        [
          0.2709913,
          0.41478047,
          0.49487942
        ]
      ]
    },
    "id" : "6AE760FB-E241-4E8B-813B-7EC88F6E1FAB",
    "metrics" : {
      "activity_diversity_mean" : 2.040028e-07,
      "activity_eac_mean" : 3855.5598,
      "activity_ean_mean" : 590.60944,
      "activity_species_mean" : 7.888889,
      "center_velocity" : 0.0017720251,
      "displacement" : 0.7531107,
      "energy_mean" : 775.9994,
      "gyration" : 1103.1963,
      "heading_rad" : 0.8481724,
      "is_stable" : true,
      "mass_max" : 801.6746,
      "mass_mean" : 801.6656,
      "mass_min" : 801.6566,
      "mass_std" : 0.25,
      "occupancy_mean" : 0.11176215,
      "path_length" : 0.91039526,
      "sample_count" : 18,
      "speed_count" : 17,
      "speed_mean" : 0.0021421064,
      "variance_mean" : 0.044969115,
      "velocity_x" : 0.0011719378,
      "velocity_y" : 0.0013291482
    },
    "name" : "serene-form-2983",
    "owner_id" : "local-node",
    "phenotype" : {
      "a_uniform" : {
        "high" : 1,
        "low" : 0
      },
      "p_uniform" : {
        "high" : 1,
        "low" : 0
      },
      "patches" : [
        {
          "center" : [
            64,
            64
          ],
          "size" : 40
        }
      ],
      "seed" : 33
    },
    "score" : 303.1936,
    "score_weights" : {
      "activity_diversity_mean" : 2,
      "activity_ean_mean" : 0.5,
      "activity_species_mean" : 1
    },
    "timestamp" : "2026-03-06T19:19:01.082Z"
  },
  "media" : {
    "anatomy" : {
      "deltaPath" : "releases\/glider-candidates-20260307\/runs\/nnea-fast-c001-s32\/6ae760fb-e241-4e8b-813b-7ec88f6e1fab\/delta.png",
      "fieldPath" : "releases\/glider-candidates-20260307\/runs\/nnea-fast-c001-s32\/6ae760fb-e241-4e8b-813b-7ec88f6e1fab\/field.png",
      "kernelPath" : "releases\/glider-candidates-20260307\/runs\/nnea-fast-c001-s32\/6ae760fb-e241-4e8b-813b-7ec88f6e1fab\/kernel.png",
      "neighborPath" : "releases\/glider-candidates-20260307\/runs\/nnea-fast-c001-s32\/6ae760fb-e241-4e8b-813b-7ec88f6e1fab\/neighbor.png"
    },
    "height" : 128,
    "posterPath" : "releases\/glider-candidates-20260307\/runs\/nnea-fast-c001-s32\/6ae760fb-e241-4e8b-813b-7ec88f6e1fab\/poster.png",
    "replayPath" : "releases\/glider-candidates-20260307\/runs\/nnea-fast-c001-s32\/6ae760fb-e241-4e8b-813b-7ec88f6e1fab\/replay.json",
    "width" : 128
  },
  "published_at" : "2026-03-07T01:04:59.322Z",
  "recorded_at" : "2026-03-06T19:19:01.082Z",
  "run_id" : "nnea-fast-c001-s32",
  "run_name" : "nnea-fast-c001-s32",
  "source_db" : "\/Users\/ludwig\/dev\/specter-labs\/dossiers\/lenia-swarm\/artifacts\/discovery-20260306-1936\/compendium.sqlite",
  "telemetry" : {
    "centroid" : {
      "x" : 0.5020261,
      "y" : 0.50088406
    },
    "headingRad" : -1.2857634,
    "speed" : 0.0008718474,
    "trail" : [
      {
        "x" : 0.5014666,
        "y" : 0.4989173
      },
      {
        "x" : 0.5024336,
        "y" : 0.49882376
      },
      {
        "x" : 0.5017809,
        "y" : 0.5000474
      }
    ],
    "vx" : 0.0002451539,
    "vy" : -0.0008366704
  }
}