{
  "artifact_source" : "rendered_stage_media_with_replay",
  "creature" : {
    "config_hash" : "d8692c840d24",
    "genotype" : {
      "R" : 24.52668,
      "a" : [
        [
          0.7856328,
          0.01445061,
          0.32868743
        ]
      ],
      "b" : [
        [
          0.83149344,
          0.48800611,
          0.1801812
        ]
      ],
      "h" : [
        0.5126333
      ],
      "m" : [
        0.23188126
      ],
      "r" : [
        0.36444336
      ],
      "s" : [
        0.1406897
      ],
      "w" : [
        [
          0.42940554,
          0.20951605,
          0.111120336
        ]
      ]
    },
    "id" : "90575E47-F6E7-400A-AE20-AAFEB06D2124",
    "metrics" : {
      "activity_diversity_mean" : 2.4504132e-07,
      "activity_eac_mean" : 3617.1692,
      "activity_ean_mean" : 556.31433,
      "activity_species_mean" : 6.4444447,
      "center_velocity" : 0.0012039747,
      "displacement" : 0.51168925,
      "energy_mean" : 1065.1937,
      "gyration" : 988.5138,
      "heading_rad" : -2.4283297,
      "is_stable" : true,
      "mass_max" : 782.26855,
      "mass_mean" : 782.2598,
      "mass_min" : 782.2509,
      "mass_std" : 0,
      "occupancy_mean" : 0.12336561,
      "path_length" : 0.6663978,
      "sample_count" : 18,
      "speed_count" : 17,
      "speed_mean" : 0.0015679948,
      "variance_mean" : 0.062734656,
      "velocity_x" : -0.00091048295,
      "velocity_y" : -0.0007877664
    },
    "name" : "radiant-amoeba-3637",
    "owner_id" : "local-node",
    "phenotype" : {
      "a_uniform" : {
        "high" : 1,
        "low" : 0
      },
      "p_uniform" : {
        "high" : 1,
        "low" : 0
      },
      "patches" : [
        {
          "center" : [
            64,
            64
          ],
          "size" : 40
        }
      ],
      "seed" : 55
    },
    "score" : 284.60162,
    "score_weights" : {
      "activity_diversity_mean" : 2,
      "activity_ean_mean" : 0.5,
      "activity_species_mean" : 1
    },
    "timestamp" : "2026-03-06T19:19:01.083Z"
  },
  "media" : {
    "anatomy" : {
      "deltaPath" : "releases\/glider-candidates-20260307\/runs\/nnea-fast-c001-s32\/90575e47-f6e7-400a-ae20-aafeb06d2124\/delta.png",
      "fieldPath" : "releases\/glider-candidates-20260307\/runs\/nnea-fast-c001-s32\/90575e47-f6e7-400a-ae20-aafeb06d2124\/field.png",
      "kernelPath" : "releases\/glider-candidates-20260307\/runs\/nnea-fast-c001-s32\/90575e47-f6e7-400a-ae20-aafeb06d2124\/kernel.png",
      "neighborPath" : "releases\/glider-candidates-20260307\/runs\/nnea-fast-c001-s32\/90575e47-f6e7-400a-ae20-aafeb06d2124\/neighbor.png"
    },
    "height" : 128,
    "posterPath" : "releases\/glider-candidates-20260307\/runs\/nnea-fast-c001-s32\/90575e47-f6e7-400a-ae20-aafeb06d2124\/poster.png",
    "replayPath" : "releases\/glider-candidates-20260307\/runs\/nnea-fast-c001-s32\/90575e47-f6e7-400a-ae20-aafeb06d2124\/replay.json",
    "width" : 128
  },
  "published_at" : "2026-03-07T01:04:59.322Z",
  "recorded_at" : "2026-03-06T19:19:01.083Z",
  "run_id" : "nnea-fast-c001-s32",
  "run_name" : "nnea-fast-c001-s32",
  "source_db" : "\/Users\/ludwig\/dev\/specter-labs\/dossiers\/lenia-swarm\/artifacts\/discovery-20260306-1936\/compendium.sqlite",
  "telemetry" : {
    "centroid" : {
      "x" : 0.49036756,
      "y" : 0.49172923
    },
    "headingRad" : -2.4519322,
    "speed" : 0.0014893779,
    "trail" : [
      {
        "x" : 0.4921362,
        "y" : 0.49046707
      },
      {
        "x" : 0.49269944,
        "y" : 0.48944345
      },
      {
        "x" : 0.49151656,
        "y" : 0.49078158
      }
    ],
    "vx" : -0.0011489987,
    "vy" : -0.00094765425
  }
}