{
  "backend" : "mlx",
  "channels" : 1,
  "connectivity" : [
    [
      3
    ]
  ],
  "flow" : {
    "dt" : 0.2,
    "n" : 2,
    "theta_A" : 2
  },
  "grid" : {
    "sx" : 128,
    "sy" : 128
  },
  "implementation" : {
    "mode" : "paper"
  },
  "init" : {
    "a_uniform" : {
      "high" : 1,
      "low" : 0
    },
    "p_uniform" : {
      "high" : 1,
      "low" : 0
    },
    "patches" : [
      {
        "center" : [
          32,
          32
        ],
        "size" : 24
      },
      {
        "center" : [
          96,
          96
        ],
        "size" : 24
      }
    ],
    "seed" : 300125
  },
  "interventions" : [

  ],
  "parameter_embedding" : {
    "enabled" : true,
    "mix" : "stoch",
    "mix_seed" : 42
  },
  "params" : {
    "R" : 4.44578,
    "a" : [
      [
        0.8401601,
        0.57205766,
        0.9422318
      ],
      [
        0.7268101,
        0.09514207,
        0.94527686
      ],
      [
        0.2625066,
        0.19009036,
        0.115403056
      ]
    ],
    "b" : [
      [
        0.8120745,
        0.23666036,
        0.56904024
      ],
      [
        0.9947101,
        0.70629704,
        0.17617548
      ],
      [
        0.6525392,
        0.21004325,
        0.7533058
      ]
    ],
    "h" : [
      0.38826787,
      0.8931351,
      0.08949977
    ],
    "m" : [
      0.23943186,
      0.09489769,
      0.3543033
    ],
    "mode" : "explicit",
    "r" : [
      0.7038828,
      0.64715534,
      0.45087385
    ],
    "s" : [
      0.095675744,
      0.07309684,
      0.008262665
    ],
    "w" : [
      [
        0.19190791,
        0.3684914,
        0.48145774
      ],
      [
        0.26164326,
        0.31716642,
        0.45470092
      ],
      [
        0.0605046,
        0.20686564,
        0.036290646
      ]
    ]
  },
  "profile" : "experimental",
  "reintegration" : {
    "border" : "torus",
    "dd" : 5,
    "sigma" : 0.65
  },
  "run" : {
    "steps" : 500
  }
}