{
  "centroids" : [
    [
      63.764984,
      63.796417
    ],
    [
      63.68477,
      63.75098
    ],
    [
      63.94672,
      63.891186
    ],
    [
      63.839867,
      63.792645
    ],
    [
      63.80741,
      63.83644
    ],
    [
      63.93161,
      63.965717
    ],
    [
      63.700897,
      63.78
    ],
    [
      63.50412,
      63.506622
    ],
    [
      63.725826,
      63.766212
    ],
    [
      63.62405,
      63.624084
    ],
    [
      63.64285,
      63.763927
    ],
    [
      63.663532,
      63.741245
    ]
  ],
  "fps" : 10,
  "frameCount" : 12,
  "framesPath" : "releases\/qg-20260228-real-creatures\/runs\/qg-nnea-s300096\/6230fed3-57ee-4bf6-b7bf-f4accdcad57a\/frames.bin",
  "height" : 128,
  "palette" : "lenia-spectrum",
  "velocities" : [
    [
      0,
      0
    ],
    [
      -0.080215454,
      -0.04543686
    ],
    [
      0.26195145,
      0.14020538
    ],
    [
      -0.106853485,
      -0.09854126
    ],
    [
      -0.032455444,
      0.04379654
    ],
    [
      0.12419891,
      0.12927628
    ],
    [
      -0.23071289,
      -0.18571854
    ],
    [
      -0.19677734,
      -0.27337646
    ],
    [
      0.22170639,
      0.25959015
    ],
    [
      -0.10177612,
      -0.14212799
    ],
    [
      0.018798828,
      0.13984299
    ],
    [
      0.020683289,
      -0.02268219
    ]
  ],
  "width" : 128
}