{
  "backend" : "mlx",
  "channels" : 1,
  "connectivity" : [
    [
      3
    ]
  ],
  "flow" : {
    "dt" : 0.2,
    "n" : 2,
    "theta_A" : 2
  },
  "grid" : {
    "sx" : 128,
    "sy" : 128
  },
  "implementation" : {
    "mode" : "paper"
  },
  "init" : {
    "a_uniform" : {
      "high" : 1,
      "low" : 0
    },
    "p_uniform" : {
      "high" : 1,
      "low" : 0
    },
    "patches" : [
      {
        "center" : [
          32,
          32
        ],
        "size" : 24
      },
      {
        "center" : [
          96,
          96
        ],
        "size" : 24
      }
    ],
    "seed" : 300085
  },
  "interventions" : [

  ],
  "parameter_embedding" : {
    "enabled" : true,
    "mix" : "stoch",
    "mix_seed" : 42
  },
  "params" : {
    "R" : 4.266993,
    "a" : [
      [
        0.37997657,
        0.1692617,
        0.90510887
      ],
      [
        0.67193073,
        0.4334978,
        0.66416365
      ],
      [
        0.3929659,
        0.49131167,
        0.109618425
      ]
    ],
    "b" : [
      [
        0.2623939,
        0.86825854,
        0.63582194
      ],
      [
        0.4031542,
        0.7626663,
        0.97003865
      ],
      [
        0.8453529,
        0.13659418,
        0.77534455
      ]
    ],
    "h" : [
      0.029468894,
      0.5087988,
      0.9416593
    ],
    "m" : [
      0.39773428,
      0.20623496,
      0.12921552
    ],
    "mode" : "explicit",
    "r" : [
      0.53236765,
      0.25102878,
      0.21900216
    ],
    "s" : [
      0.0033097793,
      0.093748964,
      0.12198538
    ],
    "w" : [
      [
        0.36669174,
        0.3379273,
        0.13819906
      ],
      [
        0.37015334,
        0.25359607,
        0.28192753
      ],
      [
        0.09234265,
        0.119167976,
        0.3661789
      ]
    ]
  },
  "profile" : "experimental",
  "reintegration" : {
    "border" : "torus",
    "dd" : 5,
    "sigma" : 0.65
  },
  "run" : {
    "steps" : 500
  }
}