{
  "centroids" : [
    [
      64.1252,
      64.15062
    ],
    [
      64.23284,
      64.298386
    ],
    [
      64.29414,
      64.37966
    ],
    [
      64.239685,
      64.34781
    ],
    [
      64.19018,
      64.327255
    ],
    [
      64.287994,
      64.42339
    ],
    [
      64.23328,
      64.385864
    ],
    [
      64.18702,
      64.33413
    ],
    [
      64.175385,
      64.34331
    ],
    [
      64.1351,
      64.306656
    ],
    [
      64.09232,
      64.26301
    ],
    [
      64.03687,
      64.20761
    ]
  ],
  "fps" : 10,
  "frameCount" : 12,
  "framesPath" : "releases\/qg-20260228-real-creatures\/runs\/qg-nnea-s300096\/f7667550-b4e9-4de4-bf21-507b8a0fbbab\/frames.bin",
  "height" : 128,
  "palette" : "lenia-spectrum",
  "velocities" : [
    [
      0,
      0
    ],
    [
      0.10764313,
      0.14776611
    ],
    [
      0.061302185,
      0.08127594
    ],
    [
      -0.05445862,
      -0.031852722
    ],
    [
      -0.04950714,
      -0.020553589
    ],
    [
      0.09781647,
      0.096138
    ],
    [
      -0.054718018,
      -0.03752899
    ],
    [
      -0.04625702,
      -0.051734924
    ],
    [
      -0.011634827,
      0.009178162
    ],
    [
      -0.040283203,
      -0.03665161
    ],
    [
      -0.042778015,
      -0.043647766
    ],
    [
      -0.05545044,
      -0.055397034
    ]
  ],
  "width" : 128
}