{
  "backend" : "mlx",
  "beam_mutation" : {
    "enabled" : true,
    "patch_size" : 10,
    "probability" : 0.02,
    "seed" : 99,
    "std" : 0.1
  },
  "channels" : 1,
  "connectivity" : [
    [
      3
    ]
  ],
  "environment" : {
    "depth" : 2,
    "passage_width" : 6,
    "type" : "cross_map",
    "wall_thickness" : 3,
    "wall_value" : -10
  },
  "flow" : {
    "dt" : 0.2,
    "n" : 2,
    "theta_A" : 2
  },
  "grid" : {
    "sx" : 128,
    "sy" : 128
  },
  "implementation" : {
    "mode" : "paper"
  },
  "init" : {
    "a_uniform" : {
      "high" : 1,
      "low" : 0
    },
    "p_uniform" : {
      "high" : 1,
      "low" : 0
    },
    "patches" : [
      {
        "center" : [
          32,
          32
        ],
        "size" : 20
      },
      {
        "center" : [
          96,
          32
        ],
        "size" : 20
      },
      {
        "center" : [
          32,
          96
        ],
        "size" : 20
      },
      {
        "center" : [
          96,
          96
        ],
        "size" : 20
      }
    ],
    "seed" : 41
  },
  "interventions" : [

  ],
  "parameter_embedding" : {
    "enabled" : true,
    "mix" : "stoch_gene_wise",
    "mix_seed" : 42
  },
  "params" : {
    "R" : 11.771629,
    "a" : [
      [
        0.71982664,
        0.0074175596,
        0.8851529
      ],
      [
        0.27391273,
        0.52791256,
        0.7010125
      ],
      [
        0.35685933,
        0.9482567,
        0.5651123
      ]
    ],
    "b" : [
      [
        0.32095802,
        0.886964,
        0.847812
      ],
      [
        0.9992377,
        0.41640466,
        0.20694864
      ],
      [
        0.8476291,
        0.9027518,
        0.17605323
      ]
    ],
    "h" : [
      0.91453564,
      0.3687799,
      0.4004292
    ],
    "m" : [
      0.41698658,
      0.37907332,
      0.27353397
    ],
    "mode" : "explicit",
    "r" : [
      0.7288548,
      0.68274903,
      0.7926935
    ],
    "s" : [
      0.1579462,
      0.16930392,
      0.12435195
    ],
    "w" : [
      [
        0.025393022,
        0.32607704,
        0.0325398
      ],
      [
        0.31089747,
        0.18729046,
        0.36751166
      ],
      [
        0.32535022,
        0.30957925,
        0.057882577
      ]
    ]
  },
  "profile" : "experimental",
  "reintegration" : {
    "border" : "wall",
    "dd" : 5,
    "sigma" : 0.65
  },
  "run" : {
    "steps" : 500
  }
}