{
  "backend" : "mlx",
  "channels" : 1,
  "connectivity" : [
    [
      3
    ]
  ],
  "flow" : {
    "dt" : 0.2,
    "n" : 2,
    "theta_A" : 2
  },
  "grid" : {
    "sx" : 128,
    "sy" : 128
  },
  "implementation" : {
    "mode" : "paper"
  },
  "init" : {
    "a_uniform" : {
      "high" : 1,
      "low" : 0
    },
    "p_uniform" : {
      "high" : 1,
      "low" : 0
    },
    "patches" : [
      {
        "center" : [
          32,
          32
        ],
        "size" : 24
      },
      {
        "center" : [
          96,
          96
        ],
        "size" : 24
      }
    ],
    "seed" : 300124
  },
  "interventions" : [

  ],
  "parameter_embedding" : {
    "enabled" : true,
    "mix" : "stoch",
    "mix_seed" : 42
  },
  "params" : {
    "R" : 12.1384945,
    "a" : [
      [
        0.2990893,
        0.013165772,
        0.11296457
      ],
      [
        0.3942058,
        0.5310567,
        0.11431944
      ],
      [
        0.8386027,
        0.083535135,
        0.6010224
      ]
    ],
    "b" : [
      [
        0.33997744,
        0.10895729,
        0.6858193
      ],
      [
        0.32455927,
        0.21650553,
        0.56566155
      ],
      [
        0.45489419,
        0.10452455,
        0.13217354
      ]
    ],
    "h" : [
      0.44819468,
      0.13279164,
      0.43325305
    ],
    "m" : [
      0.064907774,
      0.21831036,
      0.46908608
    ],
    "mode" : "explicit",
    "r" : [
      0.6393575,
      0.5592529,
      0.21987224
    ],
    "s" : [
      0.07295693,
      0.10007636,
      0.071354486
    ],
    "w" : [
      [
        0.14974163,
        0.47930124,
        0.04402963
      ],
      [
        0.24909964,
        0.17874523,
        0.48869318
      ],
      [
        0.045232438,
        0.32041213,
        0.06543743
      ]
    ]
  },
  "profile" : "experimental",
  "reintegration" : {
    "border" : "torus",
    "dd" : 5,
    "sigma" : 0.65
  },
  "run" : {
    "steps" : 500
  }
}