{
  "centroids" : [
    [
      63.79869,
      63.916977
    ],
    [
      63.397438,
      63.444576
    ],
    [
      63.310158,
      63.382977
    ],
    [
      63.424603,
      63.401356
    ],
    [
      63.62225,
      63.671196
    ],
    [
      63.38145,
      63.401237
    ],
    [
      63.33229,
      63.39975
    ],
    [
      63.437572,
      63.49704
    ],
    [
      63.552345,
      63.602974
    ],
    [
      63.452168,
      63.578804
    ],
    [
      63.65559,
      63.776768
    ],
    [
      63.493084,
      63.64013
    ]
  ],
  "fps" : 10,
  "frameCount" : 12,
  "framesPath" : "releases\/qg-20260228-real-creatures\/runs\/qg-nnea-s300096\/2e059a1c-3db0-4427-b67a-28c8b1179801\/frames.bin",
  "height" : 128,
  "palette" : "lenia-spectrum",
  "velocities" : [
    [
      0,
      0
    ],
    [
      -0.40125275,
      -0.47240067
    ],
    [
      -0.08728027,
      -0.06159973
    ],
    [
      0.11444473,
      0.018379211
    ],
    [
      0.1976471,
      0.26984024
    ],
    [
      -0.24079895,
      -0.2699585
    ],
    [
      -0.049160004,
      -0.0014877319
    ],
    [
      0.10528183,
      0.09729004
    ],
    [
      0.1147728,
      0.10593414
    ],
    [
      -0.100177765,
      -0.024169922
    ],
    [
      0.20342255,
      0.19796371
    ],
    [
      -0.1625061,
      -0.13663864
    ]
  ],
  "width" : 128
}