{
  "backend" : "mlx",
  "channels" : 1,
  "connectivity" : [
    [
      3
    ]
  ],
  "flow" : {
    "dt" : 0.2,
    "n" : 2,
    "theta_A" : 2
  },
  "grid" : {
    "sx" : 128,
    "sy" : 128
  },
  "implementation" : {
    "mode" : "paper"
  },
  "init" : {
    "a_uniform" : {
      "high" : 1,
      "low" : 0
    },
    "p_uniform" : {
      "high" : 1,
      "low" : 0
    },
    "patches" : [
      {
        "center" : [
          32,
          32
        ],
        "size" : 24
      },
      {
        "center" : [
          96,
          96
        ],
        "size" : 24
      }
    ],
    "seed" : 300064
  },
  "interventions" : [

  ],
  "parameter_embedding" : {
    "enabled" : true,
    "mix" : "stoch",
    "mix_seed" : 42
  },
  "params" : {
    "R" : 17.737778,
    "a" : [
      [
        0.321824,
        0.8807193,
        0.66028774
      ],
      [
        0.8163968,
        0.8722256,
        0.06018889
      ],
      [
        0.113205135,
        0.11877024,
        0.5960333
      ]
    ],
    "b" : [
      [
        0.5366804,
        0.53991485,
        0.7907571
      ],
      [
        0.32414907,
        0.17767161,
        0.09975958
      ],
      [
        0.27588272,
        0.93012387,
        0.63382936
      ]
    ],
    "h" : [
      0.29723632,
      0.33230674,
      0.9855742
    ],
    "m" : [
      0.10948579,
      0.24823645,
      0.49529418
    ],
    "mode" : "explicit",
    "r" : [
      0.25912985,
      0.882722,
      0.8504232
    ],
    "s" : [
      0.086054854,
      0.031514693,
      0.18499544
    ],
    "w" : [
      [
        0.19177091,
        0.37748432,
        0.093752265
      ],
      [
        0.1428671,
        0.29085445,
        0.10207313
      ],
      [
        0.17363386,
        0.04031153,
        0.3901364
      ]
    ]
  },
  "profile" : "experimental",
  "reintegration" : {
    "border" : "torus",
    "dd" : 5,
    "sigma" : 0.65
  },
  "run" : {
    "steps" : 500
  }
}