{
  "centroids" : [
    [
      63.285065,
      63.259583
    ],
    [
      63.428078,
      63.445362
    ],
    [
      63.350548,
      63.3596
    ],
    [
      63.36683,
      63.386734
    ],
    [
      63.14281,
      63.18527
    ],
    [
      63.05571,
      63.114323
    ],
    [
      63.170948,
      63.25812
    ],
    [
      63.04192,
      63.10112
    ],
    [
      63.033173,
      63.114853
    ],
    [
      63.015644,
      63.09944
    ],
    [
      62.996075,
      63.076527
    ],
    [
      63.000828,
      63.08476
    ]
  ],
  "fps" : 10,
  "frameCount" : 12,
  "framesPath" : "releases\/qg-20260228-real-creatures\/runs\/qg-nnea-s300064\/e607f474-fa6d-4b02-9f23-4a6f88b529f0\/frames.bin",
  "height" : 128,
  "palette" : "lenia-spectrum",
  "velocities" : [
    [
      0,
      0
    ],
    [
      0.143013,
      0.18577957
    ],
    [
      -0.07752991,
      -0.085762024
    ],
    [
      0.016281128,
      0.027133942
    ],
    [
      -0.2240181,
      -0.2014656
    ],
    [
      -0.08710098,
      -0.07094574
    ],
    [
      0.11523819,
      0.14379883
    ],
    [
      -0.12902832,
      -0.1570015
    ],
    [
      -0.008747101,
      0.01373291
    ],
    [
      -0.017528534,
      -0.015411377
    ],
    [
      -0.019569397,
      -0.022914886
    ],
    [
      0.004753113,
      0.008232117
    ]
  ],
  "width" : 128
}