{
  "centroids" : [
    [
      63.37987,
      62.966747
    ],
    [
      63.28805,
      63.02847
    ],
    [
      63.22363,
      62.96295
    ],
    [
      63.2433,
      62.943043
    ],
    [
      63.1435,
      63.007233
    ],
    [
      63.189373,
      62.924004
    ],
    [
      63.18883,
      62.85806
    ],
    [
      63.135624,
      62.83394
    ],
    [
      63.14238,
      62.78282
    ],
    [
      63.063377,
      62.702705
    ],
    [
      62.91628,
      62.686577
    ],
    [
      62.919304,
      62.53816
    ],
    [
      62.753258,
      62.651867
    ],
    [
      62.806664,
      62.497486
    ],
    [
      62.752563,
      62.438858
    ],
    [
      62.6997,
      62.46909
    ],
    [
      62.71935,
      62.424088
    ],
    [
      62.723244,
      62.376526
    ],
    [
      62.6506,
      62.382324
    ],
    [
      62.59859,
      62.232113
    ],
    [
      62.456825,
      62.154293
    ],
    [
      62.355755,
      62.129776
    ],
    [
      62.298267,
      62.104984
    ],
    [
      62.317776,
      62.094456
    ],
    [
      62.251453,
      62.158943
    ],
    [
      62.20642,
      62.3042
    ],
    [
      62.24972,
      62.384724
    ],
    [
      62.5492,
      62.421944
    ],
    [
      62.57063,
      62.5181
    ],
    [
      62.6457,
      62.506596
    ],
    [
      62.733982,
      62.49957
    ],
    [
      62.767345,
      62.517117
    ],
    [
      62.79254,
      62.490124
    ],
    [
      62.8633,
      62.35641
    ],
    [
      62.905952,
      62.297108
    ],
    [
      62.95218,
      62.319904
    ]
  ],
  "fps" : 12,
  "frameCount" : 36,
  "framesPath" : "releases\/orbium-like-20260307\/runs\/glider-family-luminous-spiral-4134-c000-s0\/caf2a66f-3b1a-429f-8657-91ad704cd384\/frames.bin",
  "height" : 128,
  "palette" : "lenia-spectrum",
  "velocities" : [
    [
      0,
      0
    ],
    [
      -0.09181976,
      0.0617218
    ],
    [
      -0.06442261,
      -0.065517426
    ],
    [
      0.019672394,
      -0.019908905
    ],
    [
      -0.09980011,
      0.06418991
    ],
    [
      0.045871735,
      -0.083229065
    ],
    [
      -0.000541687,
      -0.06594467
    ],
    [
      -0.053207397,
      -0.02412033
    ],
    [
      0.006755829,
      -0.051116943
    ],
    [
      -0.07900238,
      -0.08011627
    ],
    [
      -0.14709854,
      -0.01612854
    ],
    [
      0.003025055,
      -0.14841843
    ],
    [
      -0.16604614,
      0.113708496
    ],
    [
      0.05340576,
      -0.1543808
    ],
    [
      -0.054100037,
      -0.058628082
    ],
    [
      -0.052864075,
      0.030231476
    ],
    [
      0.019649506,
      -0.045001984
    ],
    [
      0.003894806,
      -0.047561646
    ],
    [
      -0.07264328,
      0.00579834
    ],
    [
      -0.052009583,
      -0.15021133
    ],
    [
      -0.1417656,
      -0.077819824
    ],
    [
      -0.101070404,
      -0.02451706
    ],
    [
      -0.057487488,
      -0.024791718
    ],
    [
      0.019508362,
      -0.010528564
    ],
    [
      -0.06632233,
      0.06448746
    ],
    [
      -0.0450325,
      0.14525604
    ],
    [
      0.04330063,
      0.080524445
    ],
    [
      0.29947662,
      0.03722
    ],
    [
      0.02143097,
      0.096157074
    ],
    [
      0.07506943,
      -0.011505127
    ],
    [
      0.08828354,
      -0.0070266724
    ],
    [
      0.033363342,
      0.017547607
    ],
    [
      0.025196075,
      -0.026992798
    ],
    [
      0.07075882,
      -0.13371277
    ],
    [
      0.04265213,
      -0.059303284
    ],
    [
      0.0462265,
      0.02279663
    ]
  ],
  "width" : 128
}