{
  "backend" : "mlx",
  "beam_mutation" : {
    "enabled" : true,
    "patch_size" : 10,
    "probability" : 0.02,
    "seed" : 99,
    "std" : 0.1
  },
  "channels" : 1,
  "connectivity" : [
    [
      3
    ]
  ],
  "environment" : {
    "depth" : 2,
    "passage_width" : 6,
    "type" : "cross_map",
    "wall_thickness" : 3,
    "wall_value" : -10
  },
  "flow" : {
    "dt" : 0.2,
    "n" : 2,
    "theta_A" : 2
  },
  "grid" : {
    "sx" : 128,
    "sy" : 128
  },
  "implementation" : {
    "mode" : "paper"
  },
  "init" : {
    "a_uniform" : {
      "high" : 1,
      "low" : 0
    },
    "p_uniform" : {
      "high" : 1,
      "low" : 0
    },
    "patches" : [
      {
        "center" : [
          32,
          32
        ],
        "size" : 20
      },
      {
        "center" : [
          96,
          32
        ],
        "size" : 20
      },
      {
        "center" : [
          32,
          96
        ],
        "size" : 20
      },
      {
        "center" : [
          96,
          96
        ],
        "size" : 20
      }
    ],
    "seed" : 85
  },
  "interventions" : [

  ],
  "parameter_embedding" : {
    "enabled" : true,
    "mix" : "stoch_gene_wise",
    "mix_seed" : 42
  },
  "params" : {
    "R" : 8.533389,
    "a" : [
      [
        0.7650332,
        0.29525214,
        0.53974354
      ],
      [
        0.4795633,
        0.19390893,
        0.9420109
      ],
      [
        0.89784,
        0.9988363,
        0.43767548
      ]
    ],
    "b" : [
      [
        0.71665055,
        0.74238837,
        0.6151213
      ],
      [
        0.050543666,
        0.11166042,
        0.9736049
      ],
      [
        0.81646425,
        0.09378934,
        0.8611457
      ]
    ],
    "h" : [
      0.53517115,
      0.34985775,
      0.617067
    ],
    "m" : [
      0.49029902,
      0.46013466,
      0.12571128
    ],
    "mode" : "explicit",
    "r" : [
      0.35006225,
      0.7041539,
      0.91857827
    ],
    "s" : [
      0.008929473,
      0.19754215,
      0.16284321
    ],
    "w" : [
      [
        0.16673969,
        0.19705823,
        0.459032
      ],
      [
        0.36530915,
        0.2510086,
        0.24787493
      ],
      [
        0.25697738,
        0.16676384,
        0.46581438
      ]
    ]
  },
  "profile" : "experimental",
  "reintegration" : {
    "border" : "wall",
    "dd" : 5,
    "sigma" : 0.65
  },
  "run" : {
    "steps" : 500
  }
}