{
  "centroids" : [
    [
      63.374004,
      64.265396
    ],
    [
      63.558525,
      64.433685
    ],
    [
      63.669327,
      64.252426
    ],
    [
      63.824043,
      64.38838
    ],
    [
      64.00697,
      64.70906
    ],
    [
      64.316086,
      64.74264
    ],
    [
      64.58704,
      64.889175
    ],
    [
      64.59798,
      65.096275
    ],
    [
      64.66212,
      65.38039
    ],
    [
      64.81154,
      65.53233
    ],
    [
      64.99116,
      65.70217
    ],
    [
      65.263535,
      65.75985
    ],
    [
      65.35325,
      65.90808
    ],
    [
      65.67988,
      65.92671
    ],
    [
      65.75142,
      66.14479
    ],
    [
      65.79301,
      66.25972
    ],
    [
      65.95863,
      66.5309
    ],
    [
      66.103455,
      66.69347
    ],
    [
      66.35194,
      67.03183
    ],
    [
      66.40458,
      67.157524
    ],
    [
      66.42956,
      67.263374
    ],
    [
      66.53034,
      67.45273
    ],
    [
      66.61823,
      67.56984
    ],
    [
      66.706665,
      67.64259
    ],
    [
      66.75149,
      67.80391
    ],
    [
      66.7813,
      67.887985
    ],
    [
      66.894455,
      67.927475
    ],
    [
      67.009705,
      67.993805
    ],
    [
      67.12344,
      68.07366
    ],
    [
      67.16788,
      68.16318
    ],
    [
      67.267166,
      68.1672
    ],
    [
      67.37777,
      68.17801
    ],
    [
      67.41907,
      68.236176
    ],
    [
      67.48943,
      68.28709
    ],
    [
      67.59547,
      68.3258
    ],
    [
      67.549324,
      68.441574
    ]
  ],
  "fps" : 12,
  "frameCount" : 36,
  "framesPath" : "releases\/discovery-20260306-movers\/runs\/crossmap-motion-c002-s64\/993bde4b-d3e9-433c-8f18-c3338dbd97dd\/frames.bin",
  "height" : 128,
  "palette" : "lenia-spectrum",
  "velocities" : [
    [
      0,
      0
    ],
    [
      0.18452072,
      0.16828918
    ],
    [
      0.1108017,
      -0.18125916
    ],
    [
      0.15471649,
      0.13595581
    ],
    [
      0.18293,
      0.3206787
    ],
    [
      0.30911255,
      0.033576965
    ],
    [
      0.27095795,
      0.14653778
    ],
    [
      0.010932922,
      0.20709991
    ],
    [
      0.06414032,
      0.28411102
    ],
    [
      0.14942169,
      0.15194702
    ],
    [
      0.17961884,
      0.16983795
    ],
    [
      0.272377,
      0.057678223
    ],
    [
      0.08971405,
      0.1482315
    ],
    [
      0.32662964,
      0.018630981
    ],
    [
      0.07154083,
      0.21807861
    ],
    [
      0.04158783,
      0.1149292
    ],
    [
      0.16562653,
      0.2711792
    ],
    [
      0.14482117,
      0.16256714
    ],
    [
      0.24848175,
      0.33836365
    ],
    [
      0.052642822,
      0.12569427
    ],
    [
      0.024978638,
      0.10585022
    ],
    [
      0.1007843,
      0.18935394
    ],
    [
      0.087890625,
      0.117111206
    ],
    [
      0.08843231,
      0.072753906
    ],
    [
      0.044822693,
      0.16131592
    ],
    [
      0.029815674,
      0.08407593
    ],
    [
      0.11315155,
      0.039489746
    ],
    [
      0.115249634,
      0.066329956
    ],
    [
      0.11373901,
      0.07985687
    ],
    [
      0.044433594,
      0.089515686
    ],
    [
      0.09928894,
      0.004020691
    ],
    [
      0.11060333,
      0.010810852
    ],
    [
      0.041297913,
      0.058166504
    ],
    [
      0.070365906,
      0.05091095
    ],
    [
      0.106033325,
      0.038711548
    ],
    [
      -0.046142578,
      0.11577606
    ]
  ],
  "width" : 128
}