{
  "centroids" : [
    [
      64.18426,
      64.22894
    ],
    [
      64.341934,
      64.400635
    ],
    [
      64.51818,
      64.460846
    ],
    [
      64.601074,
      64.69531
    ],
    [
      64.86732,
      64.9664
    ],
    [
      65.05606,
      64.94427
    ],
    [
      65.218185,
      65.20359
    ],
    [
      65.48815,
      65.3087
    ],
    [
      65.52982,
      65.39432
    ],
    [
      65.41589,
      65.50732
    ],
    [
      65.699234,
      65.69451
    ],
    [
      65.906654,
      65.73621
    ],
    [
      66.063675,
      65.8709
    ],
    [
      66.249916,
      65.87995
    ],
    [
      66.42922,
      65.995316
    ],
    [
      66.59558,
      66.062386
    ],
    [
      66.698715,
      66.14851
    ],
    [
      66.8406,
      66.34167
    ],
    [
      67.14962,
      66.62631
    ],
    [
      67.229225,
      66.740166
    ],
    [
      67.40082,
      66.85485
    ],
    [
      67.545944,
      67.00203
    ],
    [
      67.60909,
      67.112045
    ],
    [
      67.69182,
      67.23029
    ],
    [
      67.78674,
      67.31806
    ],
    [
      67.87727,
      67.433815
    ],
    [
      67.92176,
      67.53283
    ],
    [
      68.01556,
      67.63128
    ],
    [
      68.10543,
      67.720245
    ],
    [
      68.18526,
      67.76857
    ],
    [
      68.24501,
      67.83777
    ],
    [
      68.28163,
      67.967
    ],
    [
      68.34273,
      68.03255
    ],
    [
      68.4213,
      68.04743
    ],
    [
      68.46042,
      68.116356
    ],
    [
      68.49169,
      68.155365
    ]
  ],
  "fps" : 12,
  "frameCount" : 36,
  "framesPath" : "releases\/discovery-20260306-movers\/runs\/crossmap-motion-c001-s32\/a5e06a44-a620-4b45-966c-bb31ccf7046f\/frames.bin",
  "height" : 128,
  "palette" : "lenia-spectrum",
  "velocities" : [
    [
      0,
      0
    ],
    [
      0.1576767,
      0.1716919
    ],
    [
      0.17624664,
      0.06021118
    ],
    [
      0.08289337,
      0.23446655
    ],
    [
      0.26624298,
      0.27108765
    ],
    [
      0.18874359,
      -0.022132874
    ],
    [
      0.16212463,
      0.25932312
    ],
    [
      0.26996613,
      0.10511017
    ],
    [
      0.041671753,
      0.085617065
    ],
    [
      -0.11392975,
      0.11299896
    ],
    [
      0.28334045,
      0.18719482
    ],
    [
      0.20742035,
      0.04170227
    ],
    [
      0.15702057,
      0.13468933
    ],
    [
      0.18624115,
      0.009048462
    ],
    [
      0.17930603,
      0.115364075
    ],
    [
      0.16635895,
      0.06707001
    ],
    [
      0.103134155,
      0.086128235
    ],
    [
      0.14188385,
      0.19315338
    ],
    [
      0.309021,
      0.28464508
    ],
    [
      0.0796051,
      0.113853455
    ],
    [
      0.17159271,
      0.11468506
    ],
    [
      0.14512634,
      0.14717865
    ],
    [
      0.0631485,
      0.11001587
    ],
    [
      0.082725525,
      0.118247986
    ],
    [
      0.09492493,
      0.087768555
    ],
    [
      0.090530396,
      0.115753174
    ],
    [
      0.044487,
      0.09901428
    ],
    [
      0.09379578,
      0.09844971
    ],
    [
      0.08987427,
      0.08896637
    ],
    [
      0.079826355,
      0.048324585
    ],
    [
      0.059753418,
      0.06919861
    ],
    [
      0.036621094,
      0.12923431
    ],
    [
      0.06109619,
      0.06554413
    ],
    [
      0.078575134,
      0.014884949
    ],
    [
      0.039115906,
      0.06892395
    ],
    [
      0.03127289,
      0.039009094
    ]
  ],
  "width" : 128
}