{
  "backend" : "mlx",
  "beam_mutation" : {
    "enabled" : true,
    "patch_size" : 10,
    "probability" : 0.02,
    "seed" : 99,
    "std" : 0.1
  },
  "channels" : 1,
  "connectivity" : [
    [
      3
    ]
  ],
  "environment" : {
    "depth" : 2,
    "passage_width" : 6,
    "type" : "cross_map",
    "wall_thickness" : 3,
    "wall_value" : -10
  },
  "flow" : {
    "dt" : 0.2,
    "n" : 2,
    "theta_A" : 2
  },
  "grid" : {
    "sx" : 128,
    "sy" : 128
  },
  "implementation" : {
    "mode" : "paper"
  },
  "init" : {
    "a_uniform" : {
      "high" : 1,
      "low" : 0
    },
    "p_uniform" : {
      "high" : 1,
      "low" : 0
    },
    "patches" : [
      {
        "center" : [
          32,
          32
        ],
        "size" : 20
      },
      {
        "center" : [
          96,
          32
        ],
        "size" : 20
      },
      {
        "center" : [
          32,
          96
        ],
        "size" : 20
      },
      {
        "center" : [
          96,
          96
        ],
        "size" : 20
      }
    ],
    "seed" : 28
  },
  "interventions" : [

  ],
  "parameter_embedding" : {
    "enabled" : true,
    "mix" : "stoch_gene_wise",
    "mix_seed" : 42
  },
  "params" : {
    "R" : 16.44091,
    "a" : [
      [
        0.122041464,
        0.41970664,
        0.53495604
      ],
      [
        0.14995736,
        0.6158096,
        0.35954857
      ],
      [
        0.011841476,
        0.96663636,
        0.4930756
      ]
    ],
    "b" : [
      [
        0.7032502,
        0.10415822,
        0.43000573
      ],
      [
        0.29889166,
        0.7903428,
        0.40108323
      ],
      [
        0.96637756,
        0.38910264,
        0.89883125
      ]
    ],
    "h" : [
      0.5923741,
      0.6123613,
      0.088077664
    ],
    "m" : [
      0.25389358,
      0.18387173,
      0.12401666
    ],
    "mode" : "explicit",
    "r" : [
      0.86444193,
      0.8980749,
      0.7231325
    ],
    "s" : [
      0.00209843,
      0.019231236,
      0.09833232
    ],
    "w" : [
      [
        0.060012244,
        0.3685789,
        0.45365593
      ],
      [
        0.121815,
        0.22147392,
        0.2338993
      ],
      [
        0.38233352,
        0.22117978,
        0.35835683
      ]
    ]
  },
  "profile" : "experimental",
  "reintegration" : {
    "border" : "wall",
    "dd" : 5,
    "sigma" : 0.65
  },
  "run" : {
    "steps" : 500
  }
}