{
  "backend" : "mlx",
  "channels" : 1,
  "connectivity" : [
    [
      3
    ]
  ],
  "flow" : {
    "dt" : 0.2,
    "n" : 2,
    "theta_A" : 2
  },
  "grid" : {
    "sx" : 128,
    "sy" : 128
  },
  "implementation" : {
    "mode" : "paper"
  },
  "init" : {
    "a_uniform" : {
      "high" : 1,
      "low" : 0
    },
    "p_uniform" : {
      "high" : 1,
      "low" : 0
    },
    "patches" : [
      {
        "center" : [
          32,
          32
        ],
        "size" : 24
      },
      {
        "center" : [
          96,
          96
        ],
        "size" : 24
      }
    ],
    "seed" : 300048
  },
  "interventions" : [

  ],
  "parameter_embedding" : {
    "enabled" : true,
    "mix" : "stoch",
    "mix_seed" : 42
  },
  "params" : {
    "R" : 9.416351,
    "a" : [
      [
        0.472934,
        0.16268867,
        0.12175441
      ],
      [
        0.10006201,
        0.13909423,
        0.28467304
      ],
      [
        0.37932467,
        0.18790227,
        0.6532146
      ]
    ],
    "b" : [
      [
        0.21273494,
        0.95643336,
        0.8959888
      ],
      [
        0.62950444,
        0.7279179,
        0.32339126
      ],
      [
        0.96449006,
        0.3399456,
        0.8451104
      ]
    ],
    "h" : [
      0.7150996,
      0.9581051,
      0.06859577
    ],
    "m" : [
      0.37521964,
      0.24605027,
      0.34129584
    ],
    "mode" : "explicit",
    "r" : [
      0.8291534,
      0.5291551,
      0.6322291
    ],
    "s" : [
      0.1923496,
      0.14986673,
      0.08167907
    ],
    "w" : [
      [
        0.25328767,
        0.16202788,
        0.13780938
      ],
      [
        0.4513546,
        0.22978656,
        0.45817783
      ],
      [
        0.10449325,
        0.31024483,
        0.44842356
      ]
    ]
  },
  "profile" : "experimental",
  "reintegration" : {
    "border" : "torus",
    "dd" : 5,
    "sigma" : 0.65
  },
  "run" : {
    "steps" : 500
  }
}