{
  "centroids" : [
    [
      63.637726,
      63.60149
    ],
    [
      63.758133,
      63.663383
    ],
    [
      63.784847,
      63.660275
    ],
    [
      63.543858,
      63.52082
    ],
    [
      63.48228,
      63.369427
    ],
    [
      63.317825,
      63.27853
    ],
    [
      63.527534,
      63.42108
    ],
    [
      63.45646,
      63.415108
    ],
    [
      63.455784,
      63.347927
    ],
    [
      63.92644,
      63.83815
    ],
    [
      63.883347,
      63.743
    ],
    [
      63.77623,
      63.634346
    ]
  ],
  "fps" : 10,
  "frameCount" : 12,
  "framesPath" : "releases\/qg-20260228-real-creatures\/runs\/qg-nnea-s300032\/4d0a5367-5303-45c9-9159-3da2bbe2abd3\/frames.bin",
  "height" : 128,
  "palette" : "lenia-spectrum",
  "velocities" : [
    [
      0,
      0
    ],
    [
      0.120407104,
      0.061893463
    ],
    [
      0.026714325,
      -0.0031089783
    ],
    [
      -0.24098969,
      -0.13945389
    ],
    [
      -0.061576843,
      -0.15139389
    ],
    [
      -0.16445541,
      -0.09089661
    ],
    [
      0.20970917,
      0.14255142
    ],
    [
      -0.07107544,
      -0.005973816
    ],
    [
      -0.0006752014,
      -0.06718063
    ],
    [
      0.47065735,
      0.49022293
    ],
    [
      -0.043094635,
      -0.095149994
    ],
    [
      -0.1071167,
      -0.10865402
    ]
  ],
  "width" : 128
}