{
  "backend" : "mlx",
  "channels" : 1,
  "connectivity" : [
    [
      3
    ]
  ],
  "flow" : {
    "dt" : 0.2,
    "n" : 2,
    "theta_A" : 2
  },
  "grid" : {
    "sx" : 128,
    "sy" : 128
  },
  "implementation" : {
    "mode" : "paper"
  },
  "init" : {
    "a_uniform" : {
      "high" : 1,
      "low" : 0
    },
    "p_uniform" : {
      "high" : 1,
      "low" : 0
    },
    "patches" : [
      {
        "center" : [
          32,
          32
        ],
        "size" : 24
      },
      {
        "center" : [
          96,
          96
        ],
        "size" : 24
      }
    ],
    "seed" : 300127
  },
  "interventions" : [

  ],
  "parameter_embedding" : {
    "enabled" : true,
    "mix" : "stoch",
    "mix_seed" : 42
  },
  "params" : {
    "R" : 12.757251,
    "a" : [
      [
        0.4538163,
        0.99438894,
        0.9176041
      ],
      [
        0.7629141,
        0.43382013,
        0.22152984
      ],
      [
        0.32599497,
        0.47826636,
        0.67727697
      ]
    ],
    "b" : [
      [
        0.2862,
        0.3525241,
        0.021218538
      ],
      [
        0.72147524,
        0.83701986,
        0.12035
      ],
      [
        0.5350791,
        0.49955767,
        0.17050445
      ]
    ],
    "h" : [
      0.45242518,
      0.14335567,
      0.54414934
    ],
    "m" : [
      0.4004881,
      0.2563108,
      0.05685562
    ],
    "mode" : "explicit",
    "r" : [
      0.8724021,
      0.6839599,
      0.423899
    ],
    "s" : [
      0.0085175885,
      0.00695805,
      0.12502056
    ],
    "w" : [
      [
        0.45193347,
        0.21166398,
        0.11974912
      ],
      [
        0.26837835,
        0.16982533,
        0.19488683
      ],
      [
        0.34261087,
        0.41546643,
        0.15965506
      ]
    ]
  },
  "profile" : "experimental",
  "reintegration" : {
    "border" : "torus",
    "dd" : 5,
    "sigma" : 0.65
  },
  "run" : {
    "steps" : 500
  }
}