{
  "centroids" : [
    [
      63.28565,
      63.56156
    ],
    [
      63.2512,
      63.512493
    ],
    [
      63.397423,
      63.650803
    ],
    [
      63.429657,
      63.675526
    ],
    [
      63.497845,
      63.799915
    ],
    [
      63.36045,
      63.687366
    ],
    [
      63.22361,
      63.564106
    ],
    [
      63.320087,
      63.65146
    ],
    [
      63.344715,
      63.682438
    ],
    [
      63.364532,
      63.678276
    ],
    [
      63.354733,
      63.66923
    ],
    [
      63.36305,
      63.67379
    ]
  ],
  "fps" : 10,
  "frameCount" : 12,
  "framesPath" : "releases\/qg-20260228-real-creatures\/runs\/qg-nnea-s300096\/9e92a3b3-3738-4109-854d-023d47bcbb7b\/frames.bin",
  "height" : 128,
  "palette" : "lenia-spectrum",
  "velocities" : [
    [
      0,
      0
    ],
    [
      -0.034446716,
      -0.04906845
    ],
    [
      0.14622116,
      0.13830948
    ],
    [
      0.032234192,
      0.024723053
    ],
    [
      0.06818771,
      0.12438965
    ],
    [
      -0.13739395,
      -0.11254883
    ],
    [
      -0.13684082,
      -0.1232605
    ],
    [
      0.09647751,
      0.08735275
    ],
    [
      0.024627686,
      0.030979156
    ],
    [
      0.019817352,
      -0.0041618347
    ],
    [
      -0.009799957,
      -0.009044647
    ],
    [
      0.00831604,
      0.004558563
    ]
  ],
  "width" : 128
}