{
  "backend" : "mlx",
  "channels" : 1,
  "connectivity" : [
    [
      3
    ]
  ],
  "flow" : {
    "dt" : 0.2,
    "n" : 2,
    "theta_A" : 2
  },
  "grid" : {
    "sx" : 128,
    "sy" : 128
  },
  "implementation" : {
    "mode" : "paper"
  },
  "init" : {
    "a_uniform" : {
      "high" : 1,
      "low" : 0
    },
    "p_uniform" : {
      "high" : 1,
      "low" : 0
    },
    "patches" : [
      {
        "center" : [
          32,
          32
        ],
        "size" : 24
      },
      {
        "center" : [
          96,
          96
        ],
        "size" : 24
      }
    ],
    "seed" : 300030
  },
  "interventions" : [

  ],
  "parameter_embedding" : {
    "enabled" : true,
    "mix" : "stoch",
    "mix_seed" : 42
  },
  "params" : {
    "R" : 9.928263,
    "a" : [
      [
        0.95634955,
        0.88287526,
        0.11232209
      ],
      [
        0.36753923,
        0.6821868,
        0.13380152
      ],
      [
        0.5407549,
        0.61645734,
        0.5913933
      ]
    ],
    "b" : [
      [
        0.64035845,
        0.05624062,
        0.9589187
      ],
      [
        0.5678232,
        0.35447687,
        0.18811524
      ],
      [
        0.5543561,
        0.03255862,
        0.41017264
      ]
    ],
    "h" : [
      0.9821884,
      0.5146747,
      0.23571259
    ],
    "m" : [
      0.17342257,
      0.45545718,
      0.48175082
    ],
    "mode" : "explicit",
    "r" : [
      0.3590466,
      0.22791047,
      0.6773776
    ],
    "s" : [
      0.06926185,
      0.15336658,
      0.021936115
    ],
    "w" : [
      [
        0.28625745,
        0.15400188,
        0.4112338
      ],
      [
        0.47816464,
        0.13934109,
        0.22785068
      ],
      [
        0.08405143,
        0.14517358,
        0.11658404
      ]
    ]
  },
  "profile" : "experimental",
  "reintegration" : {
    "border" : "torus",
    "dd" : 5,
    "sigma" : 0.65
  },
  "run" : {
    "steps" : 500
  }
}