{
  "centroids" : [
    [
      63.816135,
      63.62315
    ],
    [
      63.873135,
      63.67874
    ],
    [
      63.808403,
      63.62115
    ],
    [
      63.75345,
      63.55883
    ],
    [
      63.61808,
      63.443897
    ],
    [
      63.537228,
      63.36473
    ],
    [
      63.434826,
      63.275505
    ],
    [
      63.350735,
      63.192944
    ],
    [
      63.33512,
      63.18241
    ],
    [
      63.33542,
      63.184284
    ],
    [
      63.324368,
      63.172962
    ],
    [
      63.33095,
      63.1697
    ]
  ],
  "fps" : 10,
  "frameCount" : 12,
  "framesPath" : "releases\/qg-20260228-real-creatures\/runs\/qg-nnea-s300000\/a8250bc3-dc16-485a-8f6e-a61ab0757066\/frames.bin",
  "height" : 128,
  "palette" : "lenia-spectrum",
  "velocities" : [
    [
      0,
      0
    ],
    [
      0.056999207,
      0.055591583
    ],
    [
      -0.0647316,
      -0.057590485
    ],
    [
      -0.05495453,
      -0.06232071
    ],
    [
      -0.13536835,
      -0.114933014
    ],
    [
      -0.08085251,
      -0.07916641
    ],
    [
      -0.10240173,
      -0.08922577
    ],
    [
      -0.08409119,
      -0.08256149
    ],
    [
      -0.015613556,
      -0.010532379
    ],
    [
      0.0002975464,
      0.0018730164
    ],
    [
      -0.011051178,
      -0.0113220215
    ],
    [
      0.0065841675,
      -0.0032615662
    ]
  ],
  "width" : 128
}