{
  "backend" : "mlx",
  "beam_mutation" : {
    "enabled" : true,
    "patch_size" : 10,
    "probability" : 0.02,
    "seed" : 99,
    "std" : 0.1
  },
  "channels" : 1,
  "connectivity" : [
    [
      3
    ]
  ],
  "environment" : {
    "depth" : 2,
    "passage_width" : 6,
    "type" : "cross_map",
    "wall_thickness" : 3,
    "wall_value" : -10
  },
  "flow" : {
    "dt" : 0.2,
    "n" : 2,
    "theta_A" : 2
  },
  "grid" : {
    "sx" : 128,
    "sy" : 128
  },
  "implementation" : {
    "mode" : "paper"
  },
  "init" : {
    "a_uniform" : {
      "high" : 1,
      "low" : 0
    },
    "p_uniform" : {
      "high" : 1,
      "low" : 0
    },
    "patches" : [
      {
        "center" : [
          32,
          32
        ],
        "size" : 20
      },
      {
        "center" : [
          96,
          32
        ],
        "size" : 20
      },
      {
        "center" : [
          32,
          96
        ],
        "size" : 20
      },
      {
        "center" : [
          96,
          96
        ],
        "size" : 20
      }
    ],
    "seed" : 67
  },
  "interventions" : [

  ],
  "parameter_embedding" : {
    "enabled" : true,
    "mix" : "stoch_gene_wise",
    "mix_seed" : 42
  },
  "params" : {
    "R" : 7.960342,
    "a" : [
      [
        0.8865991,
        0.36459243,
        0.0610469
      ],
      [
        0.33123022,
        0.75471544,
        0.5466999
      ],
      [
        0.21610904,
        0.5893199,
        0.6585445
      ]
    ],
    "b" : [
      [
        0.8783724,
        0.91173655,
        0.04857862
      ],
      [
        0.54971087,
        0.3575297,
        0.49172604
      ],
      [
        0.3630541,
        0.9699744,
        0.63179594
      ]
    ],
    "h" : [
      0.6686258,
      0.9782343,
      0.9122697
    ],
    "m" : [
      0.1162637,
      0.3961453,
      0.20586856
    ],
    "mode" : "explicit",
    "r" : [
      0.5677432,
      0.36410594,
      0.56298965
    ],
    "s" : [
      0.15072756,
      0.19206053,
      0.19552694
    ],
    "w" : [
      [
        0.2054118,
        0.48975888,
        0.3197491
      ],
      [
        0.13172486,
        0.19547148,
        0.11494554
      ],
      [
        0.06176144,
        0.25739932,
        0.048480846
      ]
    ]
  },
  "profile" : "experimental",
  "reintegration" : {
    "border" : "wall",
    "dd" : 5,
    "sigma" : 0.65
  },
  "run" : {
    "steps" : 500
  }
}