{
  "backend" : "mlx",
  "channels" : 1,
  "connectivity" : [
    [
      3
    ]
  ],
  "flow" : {
    "dt" : 0.2,
    "n" : 2,
    "theta_A" : 2
  },
  "grid" : {
    "sx" : 128,
    "sy" : 128
  },
  "implementation" : {
    "mode" : "paper"
  },
  "init" : {
    "a_uniform" : {
      "high" : 1,
      "low" : 0
    },
    "p_uniform" : {
      "high" : 1,
      "low" : 0
    },
    "patches" : [
      {
        "center" : [
          32,
          32
        ],
        "size" : 24
      },
      {
        "center" : [
          96,
          96
        ],
        "size" : 24
      }
    ],
    "seed" : 300144
  },
  "interventions" : [

  ],
  "parameter_embedding" : {
    "enabled" : true,
    "mix" : "stoch",
    "mix_seed" : 42
  },
  "params" : {
    "R" : 5.0483,
    "a" : [
      [
        0.24867249,
        0.57363236,
        0.53215945
      ],
      [
        0.25978333,
        0.9826549,
        0.75018513
      ],
      [
        0.129982,
        0.8836938,
        0.5980114
      ]
    ],
    "b" : [
      [
        0.29359245,
        0.21299058,
        0.8539928
      ],
      [
        0.19770122,
        0.19160903,
        0.9548453
      ],
      [
        0.59926116,
        0.08974403,
        0.21058595
      ]
    ],
    "h" : [
      0.492984,
      0.7849252,
      0.11945248
    ],
    "m" : [
      0.051886182,
      0.35616428,
      0.41056088
    ],
    "mode" : "explicit",
    "r" : [
      0.8705339,
      0.98651177,
      0.6269281
    ],
    "s" : [
      0.19210087,
      0.13846794,
      0.15170458
    ],
    "w" : [
      [
        0.35319656,
        0.3706248,
        0.30530658
      ],
      [
        0.47026548,
        0.045929007,
        0.17533137
      ],
      [
        0.4586435,
        0.15081848,
        0.34738064
      ]
    ]
  },
  "profile" : "experimental",
  "reintegration" : {
    "border" : "torus",
    "dd" : 5,
    "sigma" : 0.65
  },
  "run" : {
    "steps" : 500
  }
}