{
  "centroids" : [
    [
      62.958363,
      62.89228
    ],
    [
      63.19119,
      63.191223
    ],
    [
      63.107483,
      63.117134
    ],
    [
      62.93432,
      62.955074
    ],
    [
      63.20521,
      63.246746
    ],
    [
      63.040657,
      63.11165
    ],
    [
      62.984306,
      63.05839
    ],
    [
      62.88279,
      62.92326
    ],
    [
      63.08432,
      63.12049
    ],
    [
      63.095493,
      63.155884
    ],
    [
      63.163555,
      63.21258
    ],
    [
      63.145996,
      63.208496
    ]
  ],
  "fps" : 10,
  "frameCount" : 12,
  "framesPath" : "releases\/qg-20260228-real-creatures\/runs\/qg-nnea-s300128\/25c6591e-d665-406c-95f4-f5661ee92946\/frames.bin",
  "height" : 128,
  "palette" : "lenia-spectrum",
  "velocities" : [
    [
      0,
      0
    ],
    [
      0.23282623,
      0.29894257
    ],
    [
      -0.0837059,
      -0.07408905
    ],
    [
      -0.17316437,
      -0.16205978
    ],
    [
      0.2708931,
      0.29167175
    ],
    [
      -0.1645546,
      -0.1350975
    ],
    [
      -0.056350708,
      -0.05325699
    ],
    [
      -0.10151672,
      -0.13513184
    ],
    [
      0.20153046,
      0.1972313
    ],
    [
      0.011173248,
      0.03539276
    ],
    [
      0.06806183,
      0.056697845
    ],
    [
      -0.017559052,
      -0.004085541
    ]
  ],
  "width" : 128
}