{
  "backend" : "mlx",
  "channels" : 1,
  "connectivity" : [
    [
      3
    ]
  ],
  "flow" : {
    "dt" : 0.2,
    "n" : 2,
    "theta_A" : 2
  },
  "grid" : {
    "sx" : 128,
    "sy" : 128
  },
  "implementation" : {
    "mode" : "paper"
  },
  "init" : {
    "a_uniform" : {
      "high" : 1,
      "low" : 0
    },
    "p_uniform" : {
      "high" : 1,
      "low" : 0
    },
    "patches" : [
      {
        "center" : [
          32,
          32
        ],
        "size" : 24
      },
      {
        "center" : [
          96,
          96
        ],
        "size" : 24
      }
    ],
    "seed" : 300049
  },
  "interventions" : [

  ],
  "parameter_embedding" : {
    "enabled" : true,
    "mix" : "stoch",
    "mix_seed" : 42
  },
  "params" : {
    "R" : 17.186787,
    "a" : [
      [
        0.47724527,
        0.54278773,
        0.519772
      ],
      [
        0.024493217,
        0.4887424,
        0.9840714
      ],
      [
        0.095139265,
        0.91536266,
        0.30386114
      ]
    ],
    "b" : [
      [
        0.06630474,
        0.6837913,
        0.5889793
      ],
      [
        0.5513932,
        0.2888993,
        0.79543
      ],
      [
        0.85216933,
        0.9408796,
        0.23071396
      ]
    ],
    "h" : [
      0.7150061,
      0.37240094,
      0.0414809
    ],
    "m" : [
      0.23340556,
      0.1606732,
      0.072614856
    ],
    "mode" : "explicit",
    "r" : [
      0.79653513,
      0.9703435,
      0.34894314
    ],
    "s" : [
      0.022019263,
      0.08853488,
      0.16987135
    ],
    "w" : [
      [
        0.26175526,
        0.21711838,
        0.068527624
      ],
      [
        0.44614953,
        0.10569062,
        0.1460934
      ],
      [
        0.048907787,
        0.38094208,
        0.11998333
      ]
    ]
  },
  "profile" : "experimental",
  "reintegration" : {
    "border" : "torus",
    "dd" : 5,
    "sigma" : 0.65
  },
  "run" : {
    "steps" : 500
  }
}