{
  "centroids" : [
    [
      64.51323,
      64.33824
    ],
    [
      64.771286,
      64.5437
    ],
    [
      64.7592,
      64.49253
    ],
    [
      65.028885,
      64.66454
    ],
    [
      65.229034,
      64.87833
    ],
    [
      65.14515,
      64.71946
    ],
    [
      65.318115,
      64.90752
    ],
    [
      65.41583,
      65.050865
    ],
    [
      65.458115,
      65.14207
    ],
    [
      65.358696,
      65.04797
    ],
    [
      65.3583,
      65.126
    ],
    [
      65.314476,
      65.07171
    ]
  ],
  "fps" : 10,
  "frameCount" : 12,
  "framesPath" : "releases\/qg-20260228-real-creatures\/runs\/qg-nnea-s300032\/c17014e6-3b5a-4bd3-b7d6-6e5e7de2e75a\/frames.bin",
  "height" : 128,
  "palette" : "lenia-spectrum",
  "velocities" : [
    [
      0,
      0
    ],
    [
      0.25805664,
      0.2054596
    ],
    [
      -0.012084961,
      -0.05117035
    ],
    [
      0.26968384,
      0.17201233
    ],
    [
      0.20014954,
      0.21378326
    ],
    [
      -0.08388519,
      -0.15886688
    ],
    [
      0.172966,
      0.18805695
    ],
    [
      0.097717285,
      0.1433487
    ],
    [
      0.042282104,
      0.09120178
    ],
    [
      -0.09941864,
      -0.09409332
    ],
    [
      -0.00039672852,
      0.07802582
    ],
    [
      -0.043823242,
      -0.05429077
    ]
  ],
  "width" : 128
}