{
  "centroids" : [
    [
      63.21326,
      63.35343
    ],
    [
      62.834114,
      62.984276
    ],
    [
      62.770096,
      62.823555
    ],
    [
      62.659344,
      62.7294
    ],
    [
      62.626522,
      62.69112
    ],
    [
      62.57547,
      62.683033
    ],
    [
      62.458244,
      62.49547
    ],
    [
      62.56682,
      62.627274
    ],
    [
      62.686634,
      62.757442
    ],
    [
      62.863697,
      62.957653
    ],
    [
      62.979275,
      63.111256
    ],
    [
      63.142307,
      63.23741
    ]
  ],
  "fps" : 10,
  "frameCount" : 12,
  "framesPath" : "releases\/qg-20260228-real-creatures\/runs\/qg-nnea-s300192\/04bf970a-b32f-4606-af0e-7dbcfe741294\/frames.bin",
  "height" : 128,
  "palette" : "lenia-spectrum",
  "velocities" : [
    [
      0,
      0
    ],
    [
      -0.37914658,
      -0.36915588
    ],
    [
      -0.06401825,
      -0.16072083
    ],
    [
      -0.110752106,
      -0.09415436
    ],
    [
      -0.032821655,
      -0.038280487
    ],
    [
      -0.051052094,
      -0.008087158
    ],
    [
      -0.11722565,
      -0.18756485
    ],
    [
      0.10857391,
      0.13180542
    ],
    [
      0.11981583,
      0.13016891
    ],
    [
      0.17706299,
      0.20021057
    ],
    [
      0.1155777,
      0.1536026
    ],
    [
      0.16303253,
      0.12615585
    ]
  ],
  "width" : 128
}