{
  "centroids" : [
    [
      63.702885,
      63.767838
    ],
    [
      63.43704,
      63.521065
    ],
    [
      63.487988,
      63.51499
    ],
    [
      63.479313,
      63.504845
    ],
    [
      63.405678,
      63.43668
    ],
    [
      63.323654,
      63.372993
    ],
    [
      63.408783,
      63.41168
    ],
    [
      63.364025,
      63.41551
    ],
    [
      63.480522,
      63.529617
    ],
    [
      63.582806,
      63.658558
    ],
    [
      63.66443,
      63.743942
    ],
    [
      63.71867,
      63.79382
    ]
  ],
  "fps" : 10,
  "frameCount" : 12,
  "framesPath" : "releases\/qg-20260228-real-creatures\/runs\/qg-nnea-s300096\/94576bc4-d7ed-4145-a0a1-902faba08bd2\/frames.bin",
  "height" : 128,
  "palette" : "lenia-spectrum",
  "velocities" : [
    [
      0,
      0
    ],
    [
      -0.26584625,
      -0.24677277
    ],
    [
      0.050949097,
      -0.006072998
    ],
    [
      -0.008674622,
      -0.010147095
    ],
    [
      -0.0736351,
      -0.068164825
    ],
    [
      -0.08202362,
      -0.06368637
    ],
    [
      0.085128784,
      0.038684845
    ],
    [
      -0.044757843,
      0.003829956
    ],
    [
      0.11649704,
      0.11410904
    ],
    [
      0.10228348,
      0.12894058
    ],
    [
      0.08162308,
      0.08538437
    ],
    [
      0.05424118,
      0.049877167
    ]
  ],
  "width" : 128
}