{
  "backend" : "mlx",
  "channels" : 1,
  "connectivity" : [
    [
      3
    ]
  ],
  "flow" : {
    "dt" : 0.2,
    "n" : 2,
    "theta_A" : 2
  },
  "grid" : {
    "sx" : 128,
    "sy" : 128
  },
  "implementation" : {
    "mode" : "paper"
  },
  "init" : {
    "a_uniform" : {
      "high" : 1,
      "low" : 0
    },
    "p_uniform" : {
      "high" : 1,
      "low" : 0
    },
    "patches" : [
      {
        "center" : [
          32,
          32
        ],
        "size" : 24
      },
      {
        "center" : [
          96,
          96
        ],
        "size" : 24
      }
    ],
    "seed" : 300178
  },
  "interventions" : [

  ],
  "parameter_embedding" : {
    "enabled" : true,
    "mix" : "stoch",
    "mix_seed" : 42
  },
  "params" : {
    "R" : 17.857826,
    "a" : [
      [
        0.5530349,
        0.72468275,
        0.94512486
      ],
      [
        0.5234851,
        0.38247377,
        0.67947084
      ],
      [
        0.34405762,
        0.38905263,
        0.69678575
      ]
    ],
    "b" : [
      [
        0.4887117,
        0.02736193,
        0.038669586
      ],
      [
        0.64324933,
        0.52638125,
        0.7280289
      ],
      [
        0.51062566,
        0.92250156,
        0.87747836
      ]
    ],
    "h" : [
      0.8474998,
      0.7642544,
      0.7142756
    ],
    "m" : [
      0.4210034,
      0.16306858,
      0.21392754
    ],
    "mode" : "explicit",
    "r" : [
      0.96360314,
      0.685997,
      0.70457876
    ],
    "s" : [
      0.13585491,
      0.03148244,
      0.02709622
    ],
    "w" : [
      [
        0.12562032,
        0.27966022,
        0.35349303
      ],
      [
        0.06334976,
        0.3231105,
        0.4728698
      ],
      [
        0.13931416,
        0.3768127,
        0.21221966
      ]
    ]
  },
  "profile" : "experimental",
  "reintegration" : {
    "border" : "torus",
    "dd" : 5,
    "sigma" : 0.65
  },
  "run" : {
    "steps" : 500
  }
}