{
  "centroids" : [
    [
      64.58272,
      64.03551
    ],
    [
      64.74229,
      64.11616
    ],
    [
      64.6685,
      64.01186
    ],
    [
      64.58253,
      63.853947
    ],
    [
      64.38069,
      63.68381
    ],
    [
      64.245026,
      63.575146
    ],
    [
      64.12391,
      63.534798
    ],
    [
      64.14963,
      63.575653
    ],
    [
      64.25986,
      63.601852
    ],
    [
      64.25599,
      63.58415
    ],
    [
      64.22455,
      63.580757
    ],
    [
      64.34641,
      63.6193
    ]
  ],
  "fps" : 10,
  "frameCount" : 12,
  "framesPath" : "releases\/qg-20260228-real-creatures\/runs\/qg-nnea-s300160\/a8678673-120b-413a-9124-c5042b562e87\/frames.bin",
  "height" : 128,
  "palette" : "lenia-spectrum",
  "velocities" : [
    [
      0,
      0
    ],
    [
      0.15956879,
      0.08065033
    ],
    [
      -0.073783875,
      -0.10429382
    ],
    [
      -0.08597565,
      -0.15791702
    ],
    [
      -0.20183563,
      -0.1701355
    ],
    [
      -0.1356659,
      -0.10866547
    ],
    [
      -0.12111664,
      -0.040348053
    ],
    [
      0.025718689,
      0.040855408
    ],
    [
      0.11022949,
      0.02619934
    ],
    [
      -0.003868103,
      -0.01770401
    ],
    [
      -0.031440735,
      -0.0033912659
    ],
    [
      0.12186432,
      0.0385437
    ]
  ],
  "width" : 128
}