{
  "centroids" : [
    [
      63.960964,
      64.005264
    ],
    [
      63.882366,
      64.178314
    ],
    [
      63.843952,
      64.095314
    ],
    [
      64.02024,
      64.03057
    ],
    [
      64.00422,
      63.918377
    ],
    [
      64.0246,
      64.043015
    ],
    [
      63.971737,
      64.03578
    ],
    [
      63.886456,
      64.03249
    ],
    [
      63.849083,
      64.08121
    ],
    [
      63.974033,
      64.17848
    ],
    [
      64.09261,
      64.22201
    ],
    [
      64.10822,
      64.210304
    ],
    [
      64.05208,
      64.247986
    ],
    [
      64.00307,
      64.34784
    ],
    [
      63.986824,
      64.49011
    ],
    [
      63.983986,
      64.559296
    ],
    [
      63.97985,
      64.65636
    ],
    [
      64.12812,
      64.70072
    ],
    [
      64.24451,
      64.69929
    ],
    [
      64.4158,
      64.67919
    ],
    [
      64.4615,
      64.638245
    ],
    [
      64.52979,
      64.63279
    ],
    [
      64.57814,
      64.63897
    ],
    [
      64.56992,
      64.649086
    ],
    [
      64.60504,
      64.69074
    ],
    [
      64.62733,
      64.7793
    ],
    [
      64.72601,
      64.75969
    ],
    [
      64.7125,
      64.84834
    ],
    [
      64.694084,
      64.891754
    ],
    [
      64.74306,
      64.95365
    ],
    [
      64.78106,
      65.11473
    ],
    [
      64.74202,
      65.1797
    ],
    [
      64.554634,
      65.28266
    ],
    [
      64.51035,
      65.2399
    ],
    [
      64.39411,
      65.20847
    ],
    [
      64.43873,
      65.08296
    ]
  ],
  "fps" : 12,
  "frameCount" : 36,
  "framesPath" : "releases\/orbium-like-20260307\/runs\/glider-family-luminous-spiral-4134-c000-s0\/69a3326c-cd52-463e-9280-5d1a83669a28\/frames.bin",
  "height" : 128,
  "palette" : "lenia-spectrum",
  "velocities" : [
    [
      0,
      0
    ],
    [
      -0.07859802,
      0.17304993
    ],
    [
      -0.038414,
      -0.08300018
    ],
    [
      0.1762886,
      -0.06474304
    ],
    [
      -0.016021729,
      -0.11219406
    ],
    [
      0.020378113,
      0.124637604
    ],
    [
      -0.05286026,
      -0.007232666
    ],
    [
      -0.08528137,
      -0.003288269
    ],
    [
      -0.03737259,
      0.048713684
    ],
    [
      0.12495041,
      0.09727478
    ],
    [
      0.118579865,
      0.043525696
    ],
    [
      0.015609741,
      -0.011703491
    ],
    [
      -0.056144714,
      0.03768158
    ],
    [
      -0.04901123,
      0.099853516
    ],
    [
      -0.016242981,
      0.14227295
    ],
    [
      -0.0028381348,
      0.06918335
    ],
    [
      -0.004135132,
      0.09706116
    ],
    [
      0.14826965,
      0.04436493
    ],
    [
      0.11638641,
      -0.0014343262
    ],
    [
      0.17129517,
      -0.020095825
    ],
    [
      0.045700073,
      -0.04094696
    ],
    [
      0.06829071,
      -0.005455017
    ],
    [
      0.048347473,
      0.0061798096
    ],
    [
      -0.008216858,
      0.010116577
    ],
    [
      0.035118103,
      0.041656494
    ],
    [
      0.022285461,
      0.08855438
    ],
    [
      0.09868622,
      -0.019607544
    ],
    [
      -0.013511658,
      0.088653564
    ],
    [
      -0.018417358,
      0.043411255
    ],
    [
      0.048973083,
      0.061897278
    ],
    [
      0.038002014,
      0.1610794
    ],
    [
      -0.03903961,
      0.064971924
    ],
    [
      -0.18738556,
      0.10295868
    ],
    [
      -0.044281006,
      -0.042762756
    ],
    [
      -0.116241455,
      -0.031425476
    ],
    [
      0.0446167,
      -0.12551117
    ]
  ],
  "width" : 128
}