{
  "centroids" : [
    [
      63.15513,
      63.44817
    ],
    [
      63.253536,
      63.345795
    ],
    [
      63.160122,
      63.106632
    ],
    [
      63.227024,
      62.972298
    ],
    [
      63.281757,
      62.963284
    ],
    [
      63.26202,
      62.963158
    ],
    [
      63.2795,
      62.95812
    ],
    [
      63.23539,
      63.006332
    ],
    [
      63.255386,
      63.012455
    ],
    [
      63.193146,
      63.07535
    ],
    [
      63.228786,
      63.06786
    ],
    [
      63.309906,
      63.108803
    ],
    [
      63.310802,
      63.137
    ],
    [
      63.347267,
      63.136047
    ],
    [
      63.263557,
      63.251316
    ],
    [
      63.335243,
      63.196922
    ],
    [
      63.33561,
      63.20512
    ],
    [
      63.53341,
      63.175655
    ],
    [
      63.62773,
      63.178837
    ],
    [
      63.535522,
      63.49963
    ],
    [
      63.691853,
      63.446064
    ],
    [
      63.736042,
      63.43845
    ],
    [
      63.553616,
      63.561184
    ],
    [
      63.51831,
      63.443623
    ],
    [
      63.47345,
      63.354603
    ],
    [
      63.450005,
      63.317104
    ],
    [
      63.411106,
      63.30474
    ],
    [
      63.382156,
      63.261074
    ],
    [
      63.347313,
      63.23987
    ],
    [
      63.334667,
      63.213783
    ],
    [
      63.31604,
      63.186905
    ],
    [
      63.305447,
      63.167816
    ],
    [
      63.2709,
      63.156178
    ],
    [
      63.268284,
      63.12235
    ],
    [
      63.270416,
      63.101696
    ],
    [
      63.285473,
      63.080654
    ]
  ],
  "fps" : 12,
  "frameCount" : 36,
  "framesPath" : "releases\/orbium-like-20260307\/runs\/glider-family-luminous-spiral-4134-c000-s0\/4444a506-a85e-4c5b-a3a3-0ba6af199fb2\/frames.bin",
  "height" : 128,
  "palette" : "lenia-spectrum",
  "velocities" : [
    [
      0,
      0
    ],
    [
      0.098407745,
      -0.10237503
    ],
    [
      -0.09341431,
      -0.23916245
    ],
    [
      0.06690216,
      -0.13433456
    ],
    [
      0.054733276,
      -0.00901413
    ],
    [
      -0.019737244,
      -0.00012588501
    ],
    [
      0.017478943,
      -0.005039215
    ],
    [
      -0.044109344,
      0.04821396
    ],
    [
      0.019996643,
      0.006122589
    ],
    [
      -0.0622406,
      0.06289673
    ],
    [
      0.035640717,
      -0.0074920654
    ],
    [
      0.08111954,
      0.040943146
    ],
    [
      0.00089645386,
      0.028198242
    ],
    [
      0.03646469,
      -0.0009536743
    ],
    [
      -0.08370972,
      0.11526871
    ],
    [
      0.07168579,
      -0.05439377
    ],
    [
      0.00036621094,
      0.008197784
    ],
    [
      0.19779968,
      -0.029464722
    ],
    [
      0.094322205,
      0.0031814575
    ],
    [
      -0.09220886,
      0.32079315
    ],
    [
      0.15633011,
      -0.05356598
    ],
    [
      0.044189453,
      -0.0076141357
    ],
    [
      -0.18242645,
      0.12273407
    ],
    [
      -0.035305023,
      -0.11756134
    ],
    [
      -0.04486084,
      -0.089019775
    ],
    [
      -0.02344513,
      -0.037498474
    ],
    [
      -0.038898468,
      -0.012363434
    ],
    [
      -0.028949738,
      -0.04366684
    ],
    [
      -0.034843445,
      -0.021205902
    ],
    [
      -0.012645721,
      -0.0260849
    ],
    [
      -0.018627167,
      -0.026878357
    ],
    [
      -0.010593414,
      -0.019088745
    ],
    [
      -0.0345459,
      -0.011638641
    ],
    [
      -0.0026168823,
      -0.033828735
    ],
    [
      0.0021324158,
      -0.020652771
    ],
    [
      0.01505661,
      -0.02104187
    ]
  ],
  "width" : 128
}