{
  "centroids" : [
    [
      63.801144,
      63.904366
    ],
    [
      63.93187,
      63.92304
    ],
    [
      63.900673,
      63.892075
    ],
    [
      63.897957,
      63.90124
    ],
    [
      63.919376,
      63.93137
    ],
    [
      63.92825,
      63.901413
    ],
    [
      64.09335,
      63.77486
    ],
    [
      63.900482,
      63.99012
    ],
    [
      63.81983,
      64.099014
    ],
    [
      63.89317,
      64.130806
    ],
    [
      63.86916,
      64.08743
    ],
    [
      63.91891,
      64.106995
    ],
    [
      63.9461,
      64.13767
    ],
    [
      63.942013,
      64.12878
    ],
    [
      63.927193,
      64.140114
    ],
    [
      63.966988,
      64.15656
    ],
    [
      63.913136,
      64.1727
    ],
    [
      63.922375,
      64.15362
    ],
    [
      63.90837,
      64.230865
    ],
    [
      63.907635,
      64.211754
    ],
    [
      63.9383,
      64.18774
    ],
    [
      64.12041,
      64.14318
    ],
    [
      64.11897,
      64.265396
    ],
    [
      64.266785,
      64.11587
    ],
    [
      64.01263,
      64.17549
    ],
    [
      64.00578,
      64.07862
    ],
    [
      63.95113,
      64.06878
    ],
    [
      63.966496,
      64.19926
    ],
    [
      64.019844,
      64.32184
    ],
    [
      64.05568,
      64.369385
    ],
    [
      64.07123,
      64.41616
    ],
    [
      64.085594,
      64.4389
    ],
    [
      64.089386,
      64.47784
    ],
    [
      64.10304,
      64.47107
    ],
    [
      64.10254,
      64.46053
    ],
    [
      64.113304,
      64.46156
    ]
  ],
  "fps" : 12,
  "frameCount" : 36,
  "framesPath" : "releases\/orbium-like-20260307\/runs\/glider-family-luminous-spiral-4134-c000-s0\/2e6dbd11-f824-4991-916e-08c263522ef6\/frames.bin",
  "height" : 128,
  "palette" : "lenia-spectrum",
  "velocities" : [
    [
      0,
      0
    ],
    [
      0.13072586,
      0.018672943
    ],
    [
      -0.031196594,
      -0.030963898
    ],
    [
      -0.0027160645,
      0.0091667175
    ],
    [
      0.021419525,
      0.030128479
    ],
    [
      0.008872986,
      -0.029956818
    ],
    [
      0.16510391,
      -0.12655258
    ],
    [
      -0.1928711,
      0.21525955
    ],
    [
      -0.08065033,
      0.10889435
    ],
    [
      0.073337555,
      0.031791687
    ],
    [
      -0.024009705,
      -0.043373108
    ],
    [
      0.04975128,
      0.019561768
    ],
    [
      0.027187347,
      0.030677795
    ],
    [
      -0.004085541,
      -0.008895874
    ],
    [
      -0.014820099,
      0.01133728
    ],
    [
      0.039794922,
      0.016448975
    ],
    [
      -0.05385208,
      0.01613617
    ],
    [
      0.009239197,
      -0.019081116
    ],
    [
      -0.014003754,
      0.07724762
    ],
    [
      -0.0007362366,
      -0.019111633
    ],
    [
      0.030666351,
      -0.024017334
    ],
    [
      0.18210602,
      -0.044555664
    ],
    [
      -0.0014343262,
      0.12221527
    ],
    [
      0.14781189,
      -0.1495285
    ],
    [
      -0.25415802,
      0.05962372
    ],
    [
      -0.006843567,
      -0.09687042
    ],
    [
      -0.054653168,
      -0.009841919
    ],
    [
      0.015365601,
      0.1304779
    ],
    [
      0.05334854,
      0.12258148
    ],
    [
      0.035835266,
      0.047546387
    ],
    [
      0.015548706,
      0.046775818
    ],
    [
      0.01436615,
      0.022743225
    ],
    [
      0.003791809,
      0.0389328
    ],
    [
      0.013656616,
      -0.006767273
    ],
    [
      -0.00050354004,
      -0.010536194
    ],
    [
      0.010765076,
      0.0010299683
    ]
  ],
  "width" : 128
}