{
  "centroids" : [
    [
      64.31835,
      64.46689
    ],
    [
      64.1743,
      64.339615
    ],
    [
      64.15292,
      64.354095
    ],
    [
      64.044235,
      64.31941
    ],
    [
      64.07988,
      64.28131
    ],
    [
      64.20405,
      64.418884
    ],
    [
      64.26429,
      64.4389
    ],
    [
      64.26037,
      64.40159
    ],
    [
      64.12146,
      64.37055
    ],
    [
      64.07227,
      64.312225
    ],
    [
      64.06247,
      64.26864
    ],
    [
      64.062515,
      64.23493
    ]
  ],
  "fps" : 10,
  "frameCount" : 12,
  "framesPath" : "releases\/qg-20260228-real-creatures\/runs\/qg-nnea-s300064\/0e758a2e-dab3-4687-8b51-884de120f6ba\/frames.bin",
  "height" : 128,
  "palette" : "lenia-spectrum",
  "velocities" : [
    [
      0,
      0
    ],
    [
      -0.1440506,
      -0.12727356
    ],
    [
      -0.021377563,
      0.014480591
    ],
    [
      -0.108688354,
      -0.034683228
    ],
    [
      0.03564453,
      -0.038101196
    ],
    [
      0.124168396,
      0.13757324
    ],
    [
      0.0602417,
      0.020019531
    ],
    [
      -0.003921509,
      -0.03731537
    ],
    [
      -0.13890839,
      -0.031036377
    ],
    [
      -0.049186707,
      -0.05832672
    ],
    [
      -0.009803772,
      -0.04358673
    ],
    [
      4.5776367e-05,
      -0.033706665
    ]
  ],
  "width" : 128
}