{
  "backend" : "mlx",
  "beam_mutation" : {
    "enabled" : true,
    "patch_size" : 10,
    "probability" : 0.02,
    "seed" : 99,
    "std" : 0.1
  },
  "channels" : 1,
  "connectivity" : [
    [
      3
    ]
  ],
  "environment" : {
    "depth" : 2,
    "passage_width" : 6,
    "type" : "cross_map",
    "wall_thickness" : 3,
    "wall_value" : -10
  },
  "flow" : {
    "dt" : 0.2,
    "n" : 2,
    "theta_A" : 2
  },
  "grid" : {
    "sx" : 128,
    "sy" : 128
  },
  "implementation" : {
    "mode" : "paper"
  },
  "init" : {
    "a_uniform" : {
      "high" : 1,
      "low" : 0
    },
    "p_uniform" : {
      "high" : 1,
      "low" : 0
    },
    "patches" : [
      {
        "center" : [
          32,
          32
        ],
        "size" : 20
      },
      {
        "center" : [
          96,
          32
        ],
        "size" : 20
      },
      {
        "center" : [
          32,
          96
        ],
        "size" : 20
      },
      {
        "center" : [
          96,
          96
        ],
        "size" : 20
      }
    ],
    "seed" : 43
  },
  "interventions" : [

  ],
  "parameter_embedding" : {
    "enabled" : true,
    "mix" : "stoch_gene_wise",
    "mix_seed" : 42
  },
  "params" : {
    "R" : 4.6009016,
    "a" : [
      [
        0.9633494,
        0.67629486,
        0.76923037
      ],
      [
        0.6950177,
        0.21499884,
        0.2476759
      ],
      [
        0.8811086,
        0.15292674,
        0.8640339
      ]
    ],
    "b" : [
      [
        0.29683942,
        0.44857132,
        0.58469844
      ],
      [
        0.3636197,
        0.39307725,
        0.7233532
      ],
      [
        0.09763318,
        0.27651918,
        0.7067562
      ]
    ],
    "h" : [
      0.71652275,
      0.34963822,
      0.43787116
    ],
    "m" : [
      0.13917413,
      0.23465507,
      0.33645076
    ],
    "mode" : "explicit",
    "r" : [
      0.9353508,
      0.344922,
      0.6168987
    ],
    "s" : [
      0.17181195,
      0.13561161,
      0.14419837
    ],
    "w" : [
      [
        0.21126212,
        0.4220336,
        0.24537402
      ],
      [
        0.04812237,
        0.050985985,
        0.40246162
      ],
      [
        0.48120424,
        0.07615937,
        0.26844448
      ]
    ]
  },
  "profile" : "experimental",
  "reintegration" : {
    "border" : "wall",
    "dd" : 5,
    "sigma" : 0.65
  },
  "run" : {
    "steps" : 500
  }
}