{
  "centroids" : [
    [
      64.76951,
      64.76428
    ],
    [
      64.760475,
      64.748116
    ],
    [
      64.773026,
      64.80773
    ],
    [
      64.61262,
      64.648445
    ],
    [
      64.46432,
      64.45864
    ],
    [
      64.665085,
      64.61741
    ],
    [
      64.70157,
      64.68909
    ],
    [
      64.67105,
      64.62933
    ],
    [
      64.46556,
      64.42186
    ],
    [
      64.56359,
      64.54968
    ],
    [
      64.57244,
      64.59382
    ],
    [
      64.43688,
      64.39485
    ]
  ],
  "fps" : 10,
  "frameCount" : 12,
  "framesPath" : "releases\/qg-20260228-real-creatures\/runs\/qg-nnea-s300064\/a8ed77ba-6402-45cd-a43c-c79051bf072c\/frames.bin",
  "height" : 128,
  "palette" : "lenia-spectrum",
  "velocities" : [
    [
      0,
      0
    ],
    [
      -0.009033203,
      -0.016166687
    ],
    [
      0.012550354,
      0.05961609
    ],
    [
      -0.16040802,
      -0.1592865
    ],
    [
      -0.14830017,
      -0.18980408
    ],
    [
      0.20076752,
      0.1587677
    ],
    [
      0.036483765,
      0.07167816
    ],
    [
      -0.030517578,
      -0.059753418
    ],
    [
      -0.20549011,
      -0.20747375
    ],
    [
      0.09803009,
      0.12782288
    ],
    [
      0.008850098,
      0.044136047
    ],
    [
      -0.13555908,
      -0.19896698
    ]
  ],
  "width" : 128
}