{
  "centroids" : [
    [
      63.539112,
      63.74586
    ],
    [
      63.24533,
      63.548805
    ],
    [
      63.212826,
      63.50819
    ],
    [
      63.001205,
      63.24645
    ],
    [
      62.73941,
      63.06462
    ],
    [
      62.66264,
      63.030388
    ],
    [
      62.854546,
      63.198708
    ],
    [
      62.820305,
      63.188015
    ],
    [
      63.006752,
      63.397835
    ],
    [
      63.164917,
      63.58296
    ],
    [
      63.32239,
      63.652626
    ],
    [
      63.35905,
      63.68561
    ]
  ],
  "fps" : 10,
  "frameCount" : 12,
  "framesPath" : "releases\/qg-20260228-real-creatures\/runs\/qg-nnea-s300192\/4f0fa9d7-0734-4594-a93a-94f4d1cbffcd\/frames.bin",
  "height" : 128,
  "palette" : "lenia-spectrum",
  "velocities" : [
    [
      0,
      0
    ],
    [
      -0.29378128,
      -0.19705582
    ],
    [
      -0.032505035,
      -0.04061508
    ],
    [
      -0.21162033,
      -0.26174164
    ],
    [
      -0.26179504,
      -0.18182755
    ],
    [
      -0.07677078,
      -0.034233093
    ],
    [
      0.19190598,
      0.1683197
    ],
    [
      -0.034240723,
      -0.010692596
    ],
    [
      0.18644714,
      0.2098198
    ],
    [
      0.15816498,
      0.18512344
    ],
    [
      0.15747452,
      0.069667816
    ],
    [
      0.03665924,
      0.032985687
    ]
  ],
  "width" : 128
}