{
  "backend" : "mlx",
  "channels" : 1,
  "connectivity" : [
    [
      3
    ]
  ],
  "flow" : {
    "dt" : 0.2,
    "n" : 2,
    "theta_A" : 2
  },
  "grid" : {
    "sx" : 128,
    "sy" : 128
  },
  "implementation" : {
    "mode" : "paper"
  },
  "init" : {
    "a_uniform" : {
      "high" : 1,
      "low" : 0
    },
    "p_uniform" : {
      "high" : 1,
      "low" : 0
    },
    "patches" : [
      {
        "center" : [
          32,
          32
        ],
        "size" : 24
      },
      {
        "center" : [
          96,
          96
        ],
        "size" : 24
      }
    ],
    "seed" : 300135
  },
  "interventions" : [

  ],
  "parameter_embedding" : {
    "enabled" : true,
    "mix" : "stoch",
    "mix_seed" : 42
  },
  "params" : {
    "R" : 14.555458,
    "a" : [
      [
        0.6871574,
        0.94763595,
        0.3715877
      ],
      [
        0.33708638,
        0.6629426,
        0.20743036
      ],
      [
        0.28780603,
        0.8491688,
        0.53056043
      ]
    ],
    "b" : [
      [
        0.77875674,
        0.3216297,
        0.06499195
      ],
      [
        0.29104418,
        0.9712839,
        0.67318606
      ],
      [
        0.63042814,
        0.6125567,
        0.8861448
      ]
    ],
    "h" : [
      0.819731,
      0.9384222,
      0.8217844
    ],
    "m" : [
      0.4908604,
      0.20795748,
      0.22492623
    ],
    "mode" : "explicit",
    "r" : [
      0.3324281,
      0.37287062,
      0.7664815
    ],
    "s" : [
      0.14054047,
      0.075614005,
      0.1660033
    ],
    "w" : [
      [
        0.24869867,
        0.1129176,
        0.26513645
      ],
      [
        0.44954795,
        0.29147854,
        0.16302525
      ],
      [
        0.49228188,
        0.08838993,
        0.44270584
      ]
    ]
  },
  "profile" : "experimental",
  "reintegration" : {
    "border" : "torus",
    "dd" : 5,
    "sigma" : 0.65
  },
  "run" : {
    "steps" : 500
  }
}