{
  "centroids" : [
    [
      62.70267,
      62.464554
    ],
    [
      62.688953,
      62.44488
    ],
    [
      62.681007,
      62.429188
    ],
    [
      62.704144,
      62.42646
    ],
    [
      62.72518,
      62.42686
    ],
    [
      62.734375,
      62.422413
    ],
    [
      62.73152,
      62.40892
    ],
    [
      62.74665,
      62.411617
    ],
    [
      62.74643,
      62.40979
    ],
    [
      62.746773,
      62.413673
    ],
    [
      62.76545,
      62.42691
    ],
    [
      62.75094,
      62.427837
    ]
  ],
  "fps" : 10,
  "frameCount" : 12,
  "framesPath" : "releases\/qg-20260228-real-creatures\/runs\/qg-nnea-s300128\/aa952ec7-8043-41da-8245-41761d0f02c3\/frames.bin",
  "height" : 128,
  "palette" : "lenia-spectrum",
  "velocities" : [
    [
      0,
      0
    ],
    [
      -0.013717651,
      -0.019672394
    ],
    [
      -0.007946014,
      -0.015693665
    ],
    [
      0.023136139,
      -0.0027275085
    ],
    [
      0.021038055,
      0.0004005432
    ],
    [
      0.00919342,
      -0.004447937
    ],
    [
      -0.0028533936,
      -0.013492584
    ],
    [
      0.015129089,
      0.002696991
    ],
    [
      -0.00022125244,
      -0.00182724
    ],
    [
      0.00034332275,
      0.0038833618
    ],
    [
      0.018676758,
      0.0132369995
    ],
    [
      -0.014511108,
      0.00092697144
    ]
  ],
  "width" : 128
}