{
  "backend" : "mlx",
  "beam_mutation" : {
    "enabled" : true,
    "patch_size" : 10,
    "probability" : 0.02,
    "seed" : 99,
    "std" : 0.1
  },
  "channels" : 1,
  "connectivity" : [
    [
      3
    ]
  ],
  "environment" : {
    "depth" : 2,
    "passage_width" : 6,
    "type" : "cross_map",
    "wall_thickness" : 3,
    "wall_value" : -10
  },
  "flow" : {
    "dt" : 0.2,
    "n" : 2,
    "theta_A" : 2
  },
  "grid" : {
    "sx" : 128,
    "sy" : 128
  },
  "implementation" : {
    "mode" : "paper"
  },
  "init" : {
    "a_uniform" : {
      "high" : 1,
      "low" : 0
    },
    "p_uniform" : {
      "high" : 1,
      "low" : 0
    },
    "patches" : [
      {
        "center" : [
          32,
          32
        ],
        "size" : 20
      },
      {
        "center" : [
          96,
          32
        ],
        "size" : 20
      },
      {
        "center" : [
          32,
          96
        ],
        "size" : 20
      },
      {
        "center" : [
          96,
          96
        ],
        "size" : 20
      }
    ],
    "seed" : 83
  },
  "interventions" : [

  ],
  "parameter_embedding" : {
    "enabled" : true,
    "mix" : "stoch_gene_wise",
    "mix_seed" : 42
  },
  "params" : {
    "R" : 17.156078,
    "a" : [
      [
        0.007329464,
        0.7240001,
        0.42929286
      ],
      [
        0.3083607,
        0.64898044,
        0.504687
      ],
      [
        0.95497423,
        0.2612427,
        0.09199917
      ]
    ],
    "b" : [
      [
        0.6304856,
        0.6831979,
        0.76022583
      ],
      [
        0.5317801,
        0.33307242,
        0.1986605
      ],
      [
        0.6160301,
        0.950718,
        0.3273102
      ]
    ],
    "h" : [
      0.4475599,
      0.059524477,
      0.26548988
    ],
    "m" : [
      0.07880521,
      0.42479995,
      0.34701303
    ],
    "mode" : "explicit",
    "r" : [
      0.90273404,
      0.4184587,
      0.5353972
    ],
    "s" : [
      0.06980678,
      0.042014323,
      0.042103224
    ],
    "w" : [
      [
        0.36646158,
        0.36827135,
        0.3649925
      ],
      [
        0.13556561,
        0.186615,
        0.47285962
      ],
      [
        0.058861546,
        0.27184466,
        0.13097505
      ]
    ]
  },
  "profile" : "experimental",
  "reintegration" : {
    "border" : "wall",
    "dd" : 5,
    "sigma" : 0.65
  },
  "run" : {
    "steps" : 500
  }
}