{
  "backend" : "mlx",
  "channels" : 1,
  "connectivity" : [
    [
      3
    ]
  ],
  "flow" : {
    "dt" : 0.2,
    "n" : 2,
    "theta_A" : 2
  },
  "grid" : {
    "sx" : 128,
    "sy" : 128
  },
  "implementation" : {
    "mode" : "paper"
  },
  "init" : {
    "a_uniform" : {
      "high" : 1,
      "low" : 0
    },
    "p_uniform" : {
      "high" : 1,
      "low" : 0
    },
    "patches" : [
      {
        "center" : [
          32,
          32
        ],
        "size" : 24
      },
      {
        "center" : [
          96,
          96
        ],
        "size" : 24
      }
    ],
    "seed" : 300190
  },
  "interventions" : [

  ],
  "parameter_embedding" : {
    "enabled" : true,
    "mix" : "stoch",
    "mix_seed" : 42
  },
  "params" : {
    "R" : 14.067125,
    "a" : [
      [
        0.7276622,
        0.06507945,
        0.42350572
      ],
      [
        0.16884953,
        0.25035244,
        0.10331547
      ],
      [
        0.8866287,
        0.3982001,
        0.123220146
      ]
    ],
    "b" : [
      [
        0.49731153,
        0.20349509,
        0.20242041
      ],
      [
        0.37730598,
        0.91157687,
        0.6006804
      ],
      [
        0.8954747,
        0.046273828,
        0.4091506
      ]
    ],
    "h" : [
      0.3486457,
      0.69922143,
      0.08701098
    ],
    "m" : [
      0.1299121,
      0.2978164,
      0.49480933
    ],
    "mode" : "explicit",
    "r" : [
      0.8566288,
      0.6054287,
      0.30515784
    ],
    "s" : [
      0.037912287,
      0.054287888,
      0.0059911385
    ],
    "w" : [
      [
        0.1996202,
        0.057974406,
        0.43168774
      ],
      [
        0.37490052,
        0.4268902,
        0.08748828
      ],
      [
        0.112137325,
        0.10910989,
        0.011033464
      ]
    ]
  },
  "profile" : "experimental",
  "reintegration" : {
    "border" : "torus",
    "dd" : 5,
    "sigma" : 0.65
  },
  "run" : {
    "steps" : 500
  }
}