{
  "centroids" : [
    [
      64.09321,
      64.26614
    ],
    [
      64.2412,
      64.385605
    ],
    [
      64.411606,
      64.52987
    ],
    [
      64.43429,
      64.52127
    ],
    [
      64.617226,
      64.72974
    ],
    [
      64.4895,
      64.62254
    ],
    [
      64.32916,
      64.467804
    ],
    [
      64.42329,
      64.561424
    ],
    [
      64.34366,
      64.53126
    ],
    [
      64.25165,
      64.45523
    ],
    [
      64.24372,
      64.47639
    ],
    [
      64.18215,
      64.43013
    ]
  ],
  "fps" : 10,
  "frameCount" : 12,
  "framesPath" : "releases\/qg-20260228-real-creatures\/runs\/qg-nnea-s300160\/f938ec81-df37-4a26-8fc6-760fd87a9499\/frames.bin",
  "height" : 128,
  "palette" : "lenia-spectrum",
  "velocities" : [
    [
      0,
      0
    ],
    [
      0.147995,
      0.11946106
    ],
    [
      0.17040253,
      0.14426422
    ],
    [
      0.02268219,
      -0.008598328
    ],
    [
      0.18293762,
      0.20846558
    ],
    [
      -0.1277237,
      -0.10719299
    ],
    [
      -0.16033936,
      -0.15473938
    ],
    [
      0.09412384,
      0.0936203
    ],
    [
      -0.07962799,
      -0.030166626
    ],
    [
      -0.0920105,
      -0.07602692
    ],
    [
      -0.007926941,
      0.021156311
    ],
    [
      -0.061569214,
      -0.04625702
    ]
  ],
  "width" : 128
}