{
  "centroids" : [
    [
      64.10031,
      63.77572
    ],
    [
      64.12692,
      63.73393
    ],
    [
      63.878613,
      63.487045
    ],
    [
      63.892715,
      63.53621
    ],
    [
      63.691856,
      63.36582
    ],
    [
      63.57088,
      63.226955
    ],
    [
      63.449284,
      63.092022
    ],
    [
      63.423557,
      63.102165
    ],
    [
      63.239086,
      62.914585
    ],
    [
      63.17235,
      62.840034
    ],
    [
      63.14393,
      62.80219
    ],
    [
      63.103607,
      62.75283
    ]
  ],
  "fps" : 10,
  "frameCount" : 12,
  "framesPath" : "releases\/qg-20260228-real-creatures\/runs\/qg-nnea-s300032\/780c7acb-7096-451e-a064-73f8c17c9171\/frames.bin",
  "height" : 128,
  "palette" : "lenia-spectrum",
  "velocities" : [
    [
      0,
      0
    ],
    [
      0.026611328,
      -0.04179001
    ],
    [
      -0.24831009,
      -0.24688339
    ],
    [
      0.014102936,
      0.04916382
    ],
    [
      -0.20085907,
      -0.17038727
    ],
    [
      -0.120975494,
      -0.13886642
    ],
    [
      -0.12159729,
      -0.13493347
    ],
    [
      -0.025726318,
      0.01014328
    ],
    [
      -0.18447113,
      -0.18758011
    ],
    [
      -0.066734314,
      -0.07455063
    ],
    [
      -0.02842331,
      -0.03784561
    ],
    [
      -0.04032135,
      -0.049358368
    ]
  ],
  "width" : 128
}