{
  "backend" : "mlx",
  "channels" : 1,
  "connectivity" : [
    [
      3
    ]
  ],
  "flow" : {
    "dt" : 0.2,
    "n" : 2,
    "theta_A" : 2
  },
  "grid" : {
    "sx" : 128,
    "sy" : 128
  },
  "implementation" : {
    "mode" : "paper"
  },
  "init" : {
    "a_uniform" : {
      "high" : 1,
      "low" : 0
    },
    "p_uniform" : {
      "high" : 1,
      "low" : 0
    },
    "patches" : [
      {
        "center" : [
          32,
          32
        ],
        "size" : 24
      },
      {
        "center" : [
          96,
          96
        ],
        "size" : 24
      }
    ],
    "seed" : 300202
  },
  "interventions" : [

  ],
  "parameter_embedding" : {
    "enabled" : true,
    "mix" : "stoch",
    "mix_seed" : 42
  },
  "params" : {
    "R" : 7.298531,
    "a" : [
      [
        0.04895532,
        0.5624433,
        0.44193703
      ],
      [
        0.9133877,
        0.88971734,
        0.80019975
      ],
      [
        0.19825304,
        0.8106041,
        0.817904
      ]
    ],
    "b" : [
      [
        0.7306882,
        0.15604448,
        0.61404693
      ],
      [
        0.8635899,
        0.654608,
        0.922365
      ],
      [
        0.69902223,
        0.7161924,
        0.5265953
      ]
    ],
    "h" : [
      0.3446163,
      0.7791496,
      0.097849965
    ],
    "m" : [
      0.35087606,
      0.41110137,
      0.18231663
    ],
    "mode" : "explicit",
    "r" : [
      0.3280374,
      0.20538059,
      0.32278213
    ],
    "s" : [
      0.012739651,
      0.03371652,
      0.087949
    ],
    "w" : [
      [
        0.45471737,
        0.1850756,
        0.27291843
      ],
      [
        0.44917616,
        0.46196166,
        0.31589362
      ],
      [
        0.28141478,
        0.06860269,
        0.19624983
      ]
    ]
  },
  "profile" : "experimental",
  "reintegration" : {
    "border" : "torus",
    "dd" : 5,
    "sigma" : 0.65
  },
  "run" : {
    "steps" : 500
  }
}