{
  "backend" : "mlx",
  "channels" : 1,
  "connectivity" : [
    [
      3
    ]
  ],
  "flow" : {
    "dt" : 0.2,
    "n" : 2,
    "theta_A" : 2
  },
  "grid" : {
    "sx" : 128,
    "sy" : 128
  },
  "implementation" : {
    "mode" : "paper"
  },
  "init" : {
    "a_uniform" : {
      "high" : 1,
      "low" : 0
    },
    "p_uniform" : {
      "high" : 1,
      "low" : 0
    },
    "patches" : [
      {
        "center" : [
          32,
          32
        ],
        "size" : 24
      },
      {
        "center" : [
          96,
          96
        ],
        "size" : 24
      }
    ],
    "seed" : 300050
  },
  "interventions" : [

  ],
  "parameter_embedding" : {
    "enabled" : true,
    "mix" : "stoch",
    "mix_seed" : 42
  },
  "params" : {
    "R" : 10.2617445,
    "a" : [
      [
        0.47012144,
        0.68872005,
        0.31970376
      ],
      [
        0.9238643,
        0.2581482,
        0.6873622
      ],
      [
        0.051957548,
        0.4435457,
        0.58559996
      ]
    ],
    "b" : [
      [
        0.7592611,
        0.0035688877,
        0.18738836
      ],
      [
        0.6357332,
        0.8617983,
        0.24310327
      ],
      [
        0.81466806,
        0.15545475,
        0.8459337
      ]
    ],
    "h" : [
      0.70043683,
      0.9591787,
      0.7877033
    ],
    "m" : [
      0.1918498,
      0.44322288,
      0.37770697
    ],
    "mode" : "explicit",
    "r" : [
      0.8270231,
      0.7303572,
      0.6575453
    ],
    "s" : [
      0.17495082,
      0.14300045,
      0.13311437
    ],
    "w" : [
      [
        0.35275695,
        0.25675267,
        0.29185197
      ],
      [
        0.25358117,
        0.2964258,
        0.12110567
      ],
      [
        0.32940257,
        0.49684972,
        0.06600026
      ]
    ]
  },
  "profile" : "experimental",
  "reintegration" : {
    "border" : "torus",
    "dd" : 5,
    "sigma" : 0.65
  },
  "run" : {
    "steps" : 500
  }
}