{
  "centroids" : [
    [
      64.62083,
      64.56776
    ],
    [
      64.36726,
      64.341805
    ],
    [
      64.5277,
      64.49052
    ],
    [
      64.13015,
      64.07043
    ],
    [
      64.4698,
      64.37852
    ],
    [
      64.5189,
      64.37267
    ],
    [
      64.30253,
      64.1603
    ],
    [
      64.263245,
      64.1671
    ],
    [
      64.16118,
      64.10235
    ],
    [
      64.184875,
      64.145706
    ],
    [
      64.40497,
      64.39571
    ],
    [
      64.436844,
      64.41381
    ]
  ],
  "fps" : 10,
  "frameCount" : 12,
  "framesPath" : "releases\/qg-20260228-real-creatures\/runs\/qg-nnea-s300032\/1ae5d096-040f-4663-84a7-34593bcd8552\/frames.bin",
  "height" : 128,
  "palette" : "lenia-spectrum",
  "velocities" : [
    [
      0,
      0
    ],
    [
      -0.25356293,
      -0.22595215
    ],
    [
      0.16043854,
      0.14871216
    ],
    [
      -0.3975525,
      -0.42008972
    ],
    [
      0.33965302,
      0.3080902
    ],
    [
      0.049095154,
      -0.005844116
    ],
    [
      -0.21636963,
      -0.21237183
    ],
    [
      -0.039283752,
      0.0067977905
    ],
    [
      -0.10206604,
      -0.06475067
    ],
    [
      0.0236969,
      0.04335785
    ],
    [
      0.22009277,
      0.25000763
    ],
    [
      0.03187561,
      0.018096924
    ]
  ],
  "width" : 128
}