{
  "centroids" : [
    [
      63.428734,
      63.16984
    ],
    [
      63.54643,
      63.19143
    ],
    [
      63.552402,
      63.175175
    ],
    [
      63.62026,
      63.22327
    ],
    [
      63.901634,
      63.3367
    ],
    [
      63.896965,
      63.455433
    ],
    [
      63.86526,
      63.551918
    ],
    [
      63.887478,
      63.781322
    ],
    [
      63.974575,
      63.857433
    ],
    [
      64.197296,
      63.898808
    ],
    [
      64.33561,
      63.888397
    ],
    [
      64.32577,
      63.91224
    ],
    [
      64.276405,
      63.942104
    ],
    [
      64.301,
      64.02054
    ],
    [
      64.22254,
      64.214096
    ],
    [
      64.30538,
      64.309715
    ],
    [
      64.303764,
      64.372604
    ],
    [
      64.29811,
      64.438484
    ],
    [
      64.29564,
      64.41417
    ],
    [
      64.296936,
      64.45749
    ],
    [
      64.33189,
      64.43338
    ],
    [
      64.38504,
      64.47321
    ],
    [
      64.418816,
      64.53079
    ],
    [
      64.39285,
      64.544464
    ],
    [
      64.46316,
      64.595184
    ],
    [
      64.48018,
      64.62223
    ],
    [
      64.51057,
      64.67049
    ],
    [
      64.54096,
      64.71195
    ],
    [
      64.60689,
      64.71685
    ],
    [
      64.61342,
      64.81379
    ],
    [
      64.67626,
      64.82372
    ],
    [
      64.69974,
      64.84132
    ],
    [
      64.74763,
      64.84901
    ],
    [
      64.738686,
      64.901215
    ],
    [
      64.761955,
      64.898315
    ],
    [
      64.774345,
      64.91234
    ]
  ],
  "fps" : 12,
  "frameCount" : 36,
  "framesPath" : "releases\/orbium-like-20260307\/runs\/glider-family-luminous-spiral-4134-c000-s0\/6be36ff0-0714-4407-b174-c71b8a062a52\/frames.bin",
  "height" : 128,
  "palette" : "lenia-spectrum",
  "velocities" : [
    [
      0,
      0
    ],
    [
      0.117694855,
      0.021587372
    ],
    [
      0.005973816,
      -0.016254425
    ],
    [
      0.067855835,
      0.048095703
    ],
    [
      0.28137589,
      0.11343002
    ],
    [
      -0.0046691895,
      0.11873245
    ],
    [
      -0.03170395,
      0.09648514
    ],
    [
      0.022216797,
      0.22940445
    ],
    [
      0.08709717,
      0.07611084
    ],
    [
      0.2227211,
      0.041374207
    ],
    [
      0.1383133,
      -0.010410309
    ],
    [
      -0.009841919,
      0.023841858
    ],
    [
      -0.049362183,
      0.029865265
    ],
    [
      0.024597168,
      0.07843399
    ],
    [
      -0.07846069,
      0.19355774
    ],
    [
      0.082839966,
      0.0956192
    ],
    [
      -0.0016174316,
      0.0628891
    ],
    [
      -0.0056533813,
      0.06587982
    ],
    [
      -0.0024719238,
      -0.02431488
    ],
    [
      0.0012969971,
      0.043319702
    ],
    [
      0.034950256,
      -0.024108887
    ],
    [
      0.05315399,
      0.03983307
    ],
    [
      0.03377533,
      0.05757904
    ],
    [
      -0.02596283,
      0.013671875
    ],
    [
      0.07030487,
      0.050720215
    ],
    [
      0.01702118,
      0.027046204
    ],
    [
      0.030387878,
      0.04825592
    ],
    [
      0.030395508,
      0.04146576
    ],
    [
      0.0659256,
      0.0048980713
    ],
    [
      0.0065307617,
      0.09693909
    ],
    [
      0.06284332,
      0.009933472
    ],
    [
      0.023475647,
      0.017593384
    ],
    [
      0.04788971,
      0.0076904297
    ],
    [
      -0.00894165,
      0.052207947
    ],
    [
      0.023269653,
      -0.00289917
    ],
    [
      0.012390137,
      0.014022827
    ]
  ],
  "width" : 128
}