{
  "backend" : "mlx",
  "beam_mutation" : {
    "enabled" : true,
    "patch_size" : 10,
    "probability" : 0.02,
    "seed" : 99,
    "std" : 0.1
  },
  "channels" : 1,
  "connectivity" : [
    [
      3
    ]
  ],
  "environment" : {
    "depth" : 2,
    "passage_width" : 6,
    "type" : "cross_map",
    "wall_thickness" : 3,
    "wall_value" : -10
  },
  "flow" : {
    "dt" : 0.2,
    "n" : 2,
    "theta_A" : 2
  },
  "grid" : {
    "sx" : 128,
    "sy" : 128
  },
  "implementation" : {
    "mode" : "paper"
  },
  "init" : {
    "a_uniform" : {
      "high" : 1,
      "low" : 0
    },
    "p_uniform" : {
      "high" : 1,
      "low" : 0
    },
    "patches" : [
      {
        "center" : [
          32,
          32
        ],
        "size" : 20
      },
      {
        "center" : [
          96,
          32
        ],
        "size" : 20
      },
      {
        "center" : [
          32,
          96
        ],
        "size" : 20
      },
      {
        "center" : [
          96,
          96
        ],
        "size" : 20
      }
    ],
    "seed" : 14
  },
  "interventions" : [

  ],
  "parameter_embedding" : {
    "enabled" : true,
    "mix" : "stoch_gene_wise",
    "mix_seed" : 42
  },
  "params" : {
    "R" : 11.317741,
    "a" : [
      [
        0.96531826,
        0.1006971,
        0.4181515
      ],
      [
        0.8306101,
        0.23178077,
        0.5657307
      ],
      [
        0.64801484,
        0.7969138,
        0.41381985
      ]
    ],
    "b" : [
      [
        0.3448075,
        0.7597835,
        0.44255596
      ],
      [
        0.9424653,
        0.36860722,
        0.12760615
      ],
      [
        0.14692348,
        0.91881734,
        0.21282631
      ]
    ],
    "h" : [
      0.903849,
      0.2147448,
      0.0096066
    ],
    "m" : [
      0.47618145,
      0.34623885,
      0.17808661
    ],
    "mode" : "explicit",
    "r" : [
      0.36830932,
      0.9677339,
      0.6886667
    ],
    "s" : [
      0.052118722,
      0.050758053,
      0.06541328
    ],
    "w" : [
      [
        0.34945893,
        0.48836744,
        0.14064287
      ],
      [
        0.25012207,
        0.16031536,
        0.033743154
      ],
      [
        0.19759054,
        0.12311272,
        0.25632295
      ]
    ]
  },
  "profile" : "experimental",
  "reintegration" : {
    "border" : "wall",
    "dd" : 5,
    "sigma" : 0.65
  },
  "run" : {
    "steps" : 500
  }
}