{
  "backend" : "mlx",
  "channels" : 1,
  "connectivity" : [
    [
      3
    ]
  ],
  "flow" : {
    "dt" : 0.2,
    "n" : 2,
    "theta_A" : 2
  },
  "grid" : {
    "sx" : 128,
    "sy" : 128
  },
  "implementation" : {
    "mode" : "paper"
  },
  "init" : {
    "a_uniform" : {
      "high" : 1,
      "low" : 0
    },
    "p_uniform" : {
      "high" : 1,
      "low" : 0
    },
    "patches" : [
      {
        "center" : [
          32,
          32
        ],
        "size" : 24
      },
      {
        "center" : [
          96,
          96
        ],
        "size" : 24
      }
    ],
    "seed" : 300203
  },
  "interventions" : [

  ],
  "parameter_embedding" : {
    "enabled" : true,
    "mix" : "stoch",
    "mix_seed" : 42
  },
  "params" : {
    "R" : 14.1016655,
    "a" : [
      [
        0.6805959,
        0.8819968,
        0.15397412
      ],
      [
        0.09673214,
        0.65151894,
        0.7388241
      ],
      [
        0.559657,
        0.61428624,
        0.32403165
      ]
    ],
    "b" : [
      [
        0.6807027,
        0.8510263,
        0.16354543
      ],
      [
        0.46680492,
        0.5127633,
        0.32054192
      ],
      [
        0.64144474,
        0.78253865,
        0.44573468
      ]
    ],
    "h" : [
      0.9746725,
      0.52036947,
      0.9318391
    ],
    "m" : [
      0.17940979,
      0.47826472,
      0.21951045
    ],
    "mode" : "explicit",
    "r" : [
      0.9648247,
      0.7077315,
      0.6458853
    ],
    "s" : [
      0.037893508,
      0.07193521,
      0.14818965
    ],
    "w" : [
      [
        0.01255441,
        0.038753256,
        0.30628186
      ],
      [
        0.14359781,
        0.107062764,
        0.42618212
      ],
      [
        0.41509074,
        0.4478041,
        0.10512464
      ]
    ]
  },
  "profile" : "experimental",
  "reintegration" : {
    "border" : "torus",
    "dd" : 5,
    "sigma" : 0.65
  },
  "run" : {
    "steps" : 500
  }
}