{
  "centroids" : [
    [
      63.51846,
      63.68324
    ],
    [
      63.50009,
      63.61398
    ],
    [
      63.441544,
      63.55754
    ],
    [
      63.264023,
      63.355595
    ],
    [
      63.189594,
      63.293335
    ],
    [
      63.149574,
      63.264027
    ],
    [
      63.182556,
      63.3023
    ],
    [
      63.159878,
      63.28964
    ],
    [
      63.157078,
      63.309547
    ],
    [
      63.155712,
      63.298534
    ],
    [
      63.14724,
      63.299477
    ],
    [
      63.15627,
      63.30331
    ]
  ],
  "fps" : 10,
  "frameCount" : 12,
  "framesPath" : "releases\/qg-20260228-real-creatures\/runs\/qg-nnea-s300192\/d2dc522e-ac16-4318-8e9d-1aea3bdc50a0\/frames.bin",
  "height" : 128,
  "palette" : "lenia-spectrum",
  "velocities" : [
    [
      0,
      0
    ],
    [
      -0.018367767,
      -0.06925964
    ],
    [
      -0.058547974,
      -0.056438446
    ],
    [
      -0.17752075,
      -0.20194626
    ],
    [
      -0.07442856,
      -0.062259674
    ],
    [
      -0.04001999,
      -0.02930832
    ],
    [
      0.032981873,
      0.038272858
    ],
    [
      -0.022678375,
      -0.01266098
    ],
    [
      -0.0027999878,
      0.019908905
    ],
    [
      -0.0013656616,
      -0.011013031
    ],
    [
      -0.008472443,
      0.0009422302
    ],
    [
      0.009029388,
      0.0038337708
    ]
  ],
  "width" : 128
}