{
  "backend" : "mlx",
  "channels" : 1,
  "connectivity" : [
    [
      3
    ]
  ],
  "flow" : {
    "dt" : 0.2,
    "n" : 2,
    "theta_A" : 2
  },
  "grid" : {
    "sx" : 128,
    "sy" : 128
  },
  "implementation" : {
    "mode" : "paper"
  },
  "init" : {
    "a_uniform" : {
      "high" : 1,
      "low" : 0
    },
    "p_uniform" : {
      "high" : 1,
      "low" : 0
    },
    "patches" : [
      {
        "center" : [
          32,
          32
        ],
        "size" : 24
      },
      {
        "center" : [
          96,
          96
        ],
        "size" : 24
      }
    ],
    "seed" : 300183
  },
  "interventions" : [

  ],
  "parameter_embedding" : {
    "enabled" : true,
    "mix" : "stoch",
    "mix_seed" : 42
  },
  "params" : {
    "R" : 16.298908,
    "a" : [
      [
        0.20516503,
        0.6307888,
        0.7044168
      ],
      [
        0.37107188,
        0.4978391,
        0.77833235
      ],
      [
        0.38616037,
        0.3117689,
        0.19764596
      ]
    ],
    "b" : [
      [
        0.5687921,
        0.6788219,
        0.9409274
      ],
      [
        0.6402355,
        0.13287109,
        0.13038534
      ],
      [
        0.7087317,
        0.48200983,
        0.5469034
      ]
    ],
    "h" : [
      0.91025144,
      0.5713619,
      0.8927378
    ],
    "m" : [
      0.44141078,
      0.48692027,
      0.1679705
    ],
    "mode" : "explicit",
    "r" : [
      0.84434885,
      0.6558066,
      0.6466857
    ],
    "s" : [
      0.029037882,
      0.10825476,
      0.113816485
    ],
    "w" : [
      [
        0.39112052,
        0.18200868,
        0.29648006
      ],
      [
        0.15583524,
        0.14969803,
        0.079290606
      ],
      [
        0.4542855,
        0.26765084,
        0.20952313
      ]
    ]
  },
  "profile" : "experimental",
  "reintegration" : {
    "border" : "torus",
    "dd" : 5,
    "sigma" : 0.65
  },
  "run" : {
    "steps" : 500
  }
}