{
  "centroids" : [
    [
      63.80296,
      63.803993
    ],
    [
      63.796978,
      63.8028
    ],
    [
      63.727795,
      63.725185
    ],
    [
      63.72207,
      63.7134
    ],
    [
      63.68286,
      63.682148
    ],
    [
      63.647526,
      63.660423
    ],
    [
      63.625145,
      63.654827
    ],
    [
      63.600468,
      63.650326
    ],
    [
      63.587414,
      63.642677
    ],
    [
      63.58213,
      63.637306
    ],
    [
      63.58063,
      63.620453
    ],
    [
      63.586246,
      63.619007
    ]
  ],
  "fps" : 10,
  "frameCount" : 12,
  "framesPath" : "releases\/qg-20260228-real-creatures\/runs\/qg-nnea-s300160\/2360bc73-a720-4d9f-964c-633f0af9c1dd\/frames.bin",
  "height" : 128,
  "palette" : "lenia-spectrum",
  "velocities" : [
    [
      0,
      0
    ],
    [
      -0.0059814453,
      -0.0011940002
    ],
    [
      -0.06918335,
      -0.07761383
    ],
    [
      -0.0057258606,
      -0.0117836
    ],
    [
      -0.03920746,
      -0.031253815
    ],
    [
      -0.03533554,
      -0.0217247
    ],
    [
      -0.022380829,
      -0.005596161
    ],
    [
      -0.024677277,
      -0.004501343
    ],
    [
      -0.013053894,
      -0.007648468
    ],
    [
      -0.0052833557,
      -0.0053710938
    ],
    [
      -0.001499176,
      -0.016853333
    ],
    [
      0.0056152344,
      -0.0014457703
    ]
  ],
  "width" : 128
}