{
  "backend" : "mlx",
  "beam_mutation" : {
    "enabled" : true,
    "patch_size" : 10,
    "probability" : 0.02,
    "seed" : 99,
    "std" : 0.1
  },
  "channels" : 1,
  "connectivity" : [
    [
      3
    ]
  ],
  "environment" : {
    "depth" : 2,
    "passage_width" : 6,
    "type" : "cross_map",
    "wall_thickness" : 3,
    "wall_value" : -10
  },
  "flow" : {
    "dt" : 0.2,
    "n" : 2,
    "theta_A" : 2
  },
  "grid" : {
    "sx" : 128,
    "sy" : 128
  },
  "implementation" : {
    "mode" : "paper"
  },
  "init" : {
    "a_uniform" : {
      "high" : 1,
      "low" : 0
    },
    "p_uniform" : {
      "high" : 1,
      "low" : 0
    },
    "patches" : [
      {
        "center" : [
          32,
          32
        ],
        "size" : 20
      },
      {
        "center" : [
          96,
          32
        ],
        "size" : 20
      },
      {
        "center" : [
          32,
          96
        ],
        "size" : 20
      },
      {
        "center" : [
          96,
          96
        ],
        "size" : 20
      }
    ],
    "seed" : 79
  },
  "interventions" : [

  ],
  "parameter_embedding" : {
    "enabled" : true,
    "mix" : "stoch_gene_wise",
    "mix_seed" : 42
  },
  "params" : {
    "R" : 14.950693,
    "a" : [
      [
        0.0017955303,
        0.7657495,
        0.65839106
      ],
      [
        0.108902514,
        0.18574148,
        0.8391523
      ],
      [
        0.08290702,
        0.34794235,
        0.07893115
      ]
    ],
    "b" : [
      [
        0.95821923,
        0.21563083,
        0.95797473
      ],
      [
        0.81569046,
        0.12618446,
        0.50871086
      ],
      [
        0.90258205,
        0.21665478,
        0.8285741
      ]
    ],
    "h" : [
      0.53712225,
      0.16527861,
      0.74867284
    ],
    "m" : [
      0.1124223,
      0.41509855,
      0.42116123
    ],
    "mode" : "explicit",
    "r" : [
      0.3964149,
      0.6370279,
      0.24611159
    ],
    "s" : [
      0.024438286,
      0.04420844,
      0.11908665
    ],
    "w" : [
      [
        0.44847742,
        0.25189623,
        0.38335073
      ],
      [
        0.0456981,
        0.11741706,
        0.032175623
      ],
      [
        0.3538651,
        0.18392201,
        0.45090044
      ]
    ]
  },
  "profile" : "experimental",
  "reintegration" : {
    "border" : "wall",
    "dd" : 5,
    "sigma" : 0.65
  },
  "run" : {
    "steps" : 500
  }
}