{
  "backend" : "mlx",
  "beam_mutation" : {
    "enabled" : true,
    "patch_size" : 10,
    "probability" : 0.02,
    "seed" : 99,
    "std" : 0.1
  },
  "channels" : 1,
  "connectivity" : [
    [
      3
    ]
  ],
  "environment" : {
    "depth" : 2,
    "passage_width" : 6,
    "type" : "cross_map",
    "wall_thickness" : 3,
    "wall_value" : -10
  },
  "flow" : {
    "dt" : 0.2,
    "n" : 2,
    "theta_A" : 2
  },
  "grid" : {
    "sx" : 128,
    "sy" : 128
  },
  "implementation" : {
    "mode" : "paper"
  },
  "init" : {
    "a_uniform" : {
      "high" : 1,
      "low" : 0
    },
    "p_uniform" : {
      "high" : 1,
      "low" : 0
    },
    "patches" : [
      {
        "center" : [
          32,
          32
        ],
        "size" : 20
      },
      {
        "center" : [
          96,
          32
        ],
        "size" : 20
      },
      {
        "center" : [
          32,
          96
        ],
        "size" : 20
      },
      {
        "center" : [
          96,
          96
        ],
        "size" : 20
      }
    ],
    "seed" : 31
  },
  "interventions" : [

  ],
  "parameter_embedding" : {
    "enabled" : true,
    "mix" : "stoch_gene_wise",
    "mix_seed" : 42
  },
  "params" : {
    "R" : 11.257384,
    "a" : [
      [
        0.61454237,
        0.2443077,
        0.8095089
      ],
      [
        0.2126264,
        0.4629212,
        0.16281205
      ],
      [
        0.13199425,
        0.18278962,
        0.38829923
      ]
    ],
    "b" : [
      [
        0.4068008,
        0.20618123,
        0.06022209
      ],
      [
        0.087242365,
        0.49388105,
        0.054214537
      ],
      [
        0.37475997,
        0.4593253,
        0.44957018
      ]
    ],
    "h" : [
      0.8388201,
      0.64588326,
      0.57592696
    ],
    "m" : [
      0.09567094,
      0.3044372,
      0.44362357
    ],
    "mode" : "explicit",
    "r" : [
      0.62382716,
      0.4117096,
      0.31592807
    ],
    "s" : [
      0.16536812,
      0.045397148,
      0.016714001
    ],
    "w" : [
      [
        0.49696454,
        0.14113902,
        0.15639792
      ],
      [
        0.22753489,
        0.07983866,
        0.39694524
      ],
      [
        0.089422844,
        0.021242255,
        0.13649951
      ]
    ]
  },
  "profile" : "experimental",
  "reintegration" : {
    "border" : "wall",
    "dd" : 5,
    "sigma" : 0.65
  },
  "run" : {
    "steps" : 500
  }
}