{
  "backend" : "mlx",
  "beam_mutation" : {
    "enabled" : true,
    "patch_size" : 10,
    "probability" : 0.02,
    "seed" : 99,
    "std" : 0.1
  },
  "channels" : 1,
  "connectivity" : [
    [
      3
    ]
  ],
  "environment" : {
    "depth" : 2,
    "passage_width" : 6,
    "type" : "cross_map",
    "wall_thickness" : 3,
    "wall_value" : -10
  },
  "flow" : {
    "dt" : 0.2,
    "n" : 2,
    "theta_A" : 2
  },
  "grid" : {
    "sx" : 128,
    "sy" : 128
  },
  "implementation" : {
    "mode" : "paper"
  },
  "init" : {
    "a_uniform" : {
      "high" : 1,
      "low" : 0
    },
    "p_uniform" : {
      "high" : 1,
      "low" : 0
    },
    "patches" : [
      {
        "center" : [
          32,
          32
        ],
        "size" : 20
      },
      {
        "center" : [
          96,
          32
        ],
        "size" : 20
      },
      {
        "center" : [
          32,
          96
        ],
        "size" : 20
      },
      {
        "center" : [
          96,
          96
        ],
        "size" : 20
      }
    ],
    "seed" : 66
  },
  "interventions" : [

  ],
  "parameter_embedding" : {
    "enabled" : true,
    "mix" : "stoch_gene_wise",
    "mix_seed" : 42
  },
  "params" : {
    "R" : 15.548565,
    "a" : [
      [
        0.4177854,
        0.840166,
        0.24283856
      ],
      [
        0.28046167,
        0.24893576,
        0.81625795
      ],
      [
        0.8981776,
        0.28475338,
        0.98221004
      ]
    ],
    "b" : [
      [
        0.6442233,
        0.27353388,
        0.48827273
      ],
      [
        0.9960779,
        0.9451099,
        0.41093743
      ],
      [
        0.46786577,
        0.5531789,
        0.1775043
      ]
    ],
    "h" : [
      0.17535079,
      0.151106,
      0.5679241
    ],
    "m" : [
      0.05109539,
      0.1774,
      0.47600946
    ],
    "mode" : "explicit",
    "r" : [
      0.33778948,
      0.88008547,
      0.29707947
    ],
    "s" : [
      0.19717741,
      0.057544947,
      0.1910161
    ],
    "w" : [
      [
        0.28057694,
        0.42009294,
        0.49437046
      ],
      [
        0.4309979,
        0.31919134,
        0.4568042
      ],
      [
        0.06795179,
        0.1894681,
        0.42821524
      ]
    ]
  },
  "profile" : "experimental",
  "reintegration" : {
    "border" : "wall",
    "dd" : 5,
    "sigma" : 0.65
  },
  "run" : {
    "steps" : 500
  }
}