{
  "centroids" : [
    [
      63.880215,
      64.08241
    ],
    [
      64.22676,
      64.17744
    ],
    [
      64.312836,
      64.15055
    ],
    [
      64.43441,
      64.15034
    ],
    [
      64.430046,
      64.13352
    ],
    [
      64.4725,
      64.291115
    ],
    [
      64.6651,
      64.32619
    ],
    [
      64.79954,
      64.534294
    ],
    [
      65.05093,
      64.84859
    ],
    [
      65.118675,
      65.05259
    ],
    [
      65.27584,
      65.213264
    ],
    [
      65.43151,
      65.41722
    ],
    [
      65.58163,
      65.58162
    ],
    [
      65.754234,
      65.80231
    ],
    [
      65.88018,
      65.99613
    ],
    [
      66.03079,
      66.139084
    ],
    [
      66.15464,
      66.28972
    ],
    [
      66.33153,
      66.37528
    ],
    [
      66.618256,
      66.697945
    ],
    [
      66.72915,
      66.91475
    ],
    [
      66.88548,
      67.064835
    ],
    [
      66.97664,
      67.16201
    ],
    [
      66.99769,
      67.18919
    ],
    [
      67.09854,
      67.368004
    ],
    [
      67.18757,
      67.4119
    ],
    [
      67.231926,
      67.53701
    ],
    [
      67.38143,
      67.59918
    ],
    [
      67.4732,
      67.66572
    ],
    [
      67.59667,
      67.78513
    ],
    [
      67.6462,
      67.87223
    ],
    [
      67.7529,
      67.91408
    ],
    [
      67.833496,
      67.95277
    ],
    [
      67.83609,
      67.99917
    ],
    [
      67.910866,
      68.01089
    ],
    [
      68.01269,
      68.01157
    ],
    [
      68.08102,
      68.11128
    ]
  ],
  "fps" : 12,
  "frameCount" : 36,
  "framesPath" : "releases\/discovery-20260306-movers\/runs\/crossmap-motion-c002-s64\/7b4aea89-37ff-4558-9fdf-cee922b9cf8d\/frames.bin",
  "height" : 128,
  "palette" : "lenia-spectrum",
  "velocities" : [
    [
      0,
      0
    ],
    [
      0.34654617,
      0.09502411
    ],
    [
      0.08607483,
      -0.026885986
    ],
    [
      0.1215744,
      -0.00021362305
    ],
    [
      -0.0043640137,
      -0.016815186
    ],
    [
      0.04245758,
      0.15759277
    ],
    [
      0.19259644,
      0.035072327
    ],
    [
      0.13443756,
      0.208107
    ],
    [
      0.25138855,
      0.3142929
    ],
    [
      0.06774902,
      0.20400238
    ],
    [
      0.15716553,
      0.16067505
    ],
    [
      0.15567017,
      0.2039566
    ],
    [
      0.15011597,
      0.1643982
    ],
    [
      0.17260742,
      0.22068787
    ],
    [
      0.12594604,
      0.19382477
    ],
    [
      0.15061188,
      0.14295197
    ],
    [
      0.12384796,
      0.15063477
    ],
    [
      0.17688751,
      0.08556366
    ],
    [
      0.2867279,
      0.32266235
    ],
    [
      0.11089325,
      0.2168045
    ],
    [
      0.15633392,
      0.15008545
    ],
    [
      0.091156006,
      0.0971756
    ],
    [
      0.0210495,
      0.027183533
    ],
    [
      0.10085297,
      0.17881012
    ],
    [
      0.089027405,
      0.043899536
    ],
    [
      0.0443573,
      0.12510681
    ],
    [
      0.14950562,
      0.062171936
    ],
    [
      0.09176636,
      0.06653595
    ],
    [
      0.12347412,
      0.11941528
    ],
    [
      0.04953003,
      0.08709717
    ],
    [
      0.10669708,
      0.04184723
    ],
    [
      0.080596924,
      0.03868866
    ],
    [
      0.0025939941,
      0.046401978
    ],
    [
      0.074775696,
      0.01171875
    ],
    [
      0.1018219,
      0.0006866455
    ],
    [
      0.06832886,
      0.09970856
    ]
  ],
  "width" : 128
}