{
  "backend" : "mlx",
  "beam_mutation" : {
    "enabled" : true,
    "patch_size" : 10,
    "probability" : 0.02,
    "seed" : 99,
    "std" : 0.1
  },
  "channels" : 1,
  "connectivity" : [
    [
      3
    ]
  ],
  "environment" : {
    "depth" : 2,
    "passage_width" : 6,
    "type" : "cross_map",
    "wall_thickness" : 3,
    "wall_value" : -10
  },
  "flow" : {
    "dt" : 0.2,
    "n" : 2,
    "theta_A" : 2
  },
  "grid" : {
    "sx" : 128,
    "sy" : 128
  },
  "implementation" : {
    "mode" : "paper"
  },
  "init" : {
    "a_uniform" : {
      "high" : 1,
      "low" : 0
    },
    "p_uniform" : {
      "high" : 1,
      "low" : 0
    },
    "patches" : [
      {
        "center" : [
          32,
          32
        ],
        "size" : 20
      },
      {
        "center" : [
          96,
          32
        ],
        "size" : 20
      },
      {
        "center" : [
          32,
          96
        ],
        "size" : 20
      },
      {
        "center" : [
          96,
          96
        ],
        "size" : 20
      }
    ],
    "seed" : 71
  },
  "interventions" : [

  ],
  "parameter_embedding" : {
    "enabled" : true,
    "mix" : "stoch_gene_wise",
    "mix_seed" : 42
  },
  "params" : {
    "R" : 10.128649,
    "a" : [
      [
        0.71675676,
        0.5073916,
        0.5455293
      ],
      [
        0.030277133,
        0.9580131,
        0.54983705
      ],
      [
        0.041864574,
        0.88044065,
        0.8526698
      ]
    ],
    "b" : [
      [
        0.060892224,
        0.0934543,
        0.87205476
      ],
      [
        0.3077888,
        0.9758716,
        0.6857198
      ],
      [
        0.2840106,
        0.22928017,
        0.9118515
      ]
    ],
    "h" : [
      0.76854086,
      0.6708188,
      0.14156085
    ],
    "m" : [
      0.11932175,
      0.079468064,
      0.21204941
    ],
    "mode" : "explicit",
    "r" : [
      0.91376776,
      0.8593209,
      0.23012924
    ],
    "s" : [
      0.0568461,
      0.040869027,
      0.12528364
    ],
    "w" : [
      [
        0.32562548,
        0.42291299,
        0.3101436
      ],
      [
        0.46301588,
        0.045398563,
        0.26944137
      ],
      [
        0.43873593,
        0.20006052,
        0.4416206
      ]
    ]
  },
  "profile" : "experimental",
  "reintegration" : {
    "border" : "wall",
    "dd" : 5,
    "sigma" : 0.65
  },
  "run" : {
    "steps" : 500
  }
}