{
  "centroids" : [
    [
      63.038063,
      62.97349
    ],
    [
      63.052017,
      62.980087
    ],
    [
      63.12992,
      63.046043
    ],
    [
      63.095596,
      63.01762
    ],
    [
      63.117027,
      63.049854
    ],
    [
      62.827908,
      62.762665
    ],
    [
      62.895344,
      62.815037
    ],
    [
      62.878,
      62.792915
    ],
    [
      62.80519,
      62.713776
    ],
    [
      62.824627,
      62.737316
    ],
    [
      62.83302,
      62.75283
    ],
    [
      62.97823,
      62.89883
    ]
  ],
  "fps" : 10,
  "frameCount" : 12,
  "framesPath" : "releases\/qg-20260228-real-creatures\/runs\/qg-nnea-s300192\/14bde1e5-90db-43e0-9a97-4cbac5c00a42\/frames.bin",
  "height" : 128,
  "palette" : "lenia-spectrum",
  "velocities" : [
    [
      0,
      0
    ],
    [
      0.013954163,
      0.0065956116
    ],
    [
      0.07790375,
      0.065956116
    ],
    [
      -0.034324646,
      -0.02842331
    ],
    [
      0.02143097,
      0.032234192
    ],
    [
      -0.28911972,
      -0.28718948
    ],
    [
      0.06743622,
      0.05237198
    ],
    [
      -0.017345428,
      -0.02212143
    ],
    [
      -0.07280731,
      -0.07913971
    ],
    [
      0.019435883,
      0.023540497
    ],
    [
      0.008392334,
      0.015514374
    ],
    [
      0.14521027,
      0.14599991
    ]
  ],
  "width" : 128
}