{
  "centroids" : [
    [
      63.01954,
      63.132095
    ],
    [
      62.8681,
      62.98565
    ],
    [
      62.856907,
      62.95462
    ],
    [
      62.645367,
      62.784916
    ],
    [
      62.721138,
      62.75968
    ],
    [
      62.637753,
      62.682304
    ],
    [
      62.466328,
      62.529984
    ],
    [
      62.588005,
      62.6936
    ],
    [
      62.448223,
      62.53102
    ],
    [
      62.5729,
      62.566696
    ],
    [
      62.441082,
      62.464188
    ],
    [
      62.478504,
      62.547905
    ]
  ],
  "fps" : 10,
  "frameCount" : 12,
  "framesPath" : "releases\/qg-20260228-real-creatures\/runs\/qg-nnea-s300064\/2f3fb14a-44b3-4aa1-87cc-fbd5bcfa63a0\/frames.bin",
  "height" : 128,
  "palette" : "lenia-spectrum",
  "velocities" : [
    [
      0,
      0
    ],
    [
      -0.15143967,
      -0.14644623
    ],
    [
      -0.011192322,
      -0.031028748
    ],
    [
      -0.21154022,
      -0.16970444
    ],
    [
      0.07577133,
      -0.025234222
    ],
    [
      -0.08338547,
      -0.07737732
    ],
    [
      -0.17142487,
      -0.15232086
    ],
    [
      0.1216774,
      0.16361618
    ],
    [
      -0.13978195,
      -0.16257858
    ],
    [
      0.12467575,
      0.03567505
    ],
    [
      -0.13181686,
      -0.102508545
    ],
    [
      0.03742218,
      0.083717346
    ]
  ],
  "width" : 128
}