{
  "backend" : "mlx",
  "beam_mutation" : {
    "enabled" : true,
    "patch_size" : 10,
    "probability" : 0.02,
    "seed" : 99,
    "std" : 0.1
  },
  "channels" : 1,
  "connectivity" : [
    [
      3
    ]
  ],
  "environment" : {
    "depth" : 2,
    "passage_width" : 6,
    "type" : "cross_map",
    "wall_thickness" : 3,
    "wall_value" : -10
  },
  "flow" : {
    "dt" : 0.2,
    "n" : 2,
    "theta_A" : 2
  },
  "grid" : {
    "sx" : 128,
    "sy" : 128
  },
  "implementation" : {
    "mode" : "paper"
  },
  "init" : {
    "a_uniform" : {
      "high" : 1,
      "low" : 0
    },
    "p_uniform" : {
      "high" : 1,
      "low" : 0
    },
    "patches" : [
      {
        "center" : [
          32,
          32
        ],
        "size" : 20
      },
      {
        "center" : [
          96,
          32
        ],
        "size" : 20
      },
      {
        "center" : [
          32,
          96
        ],
        "size" : 20
      },
      {
        "center" : [
          96,
          96
        ],
        "size" : 20
      }
    ],
    "seed" : 40
  },
  "interventions" : [

  ],
  "parameter_embedding" : {
    "enabled" : true,
    "mix" : "stoch_gene_wise",
    "mix_seed" : 42
  },
  "params" : {
    "R" : 17.540203,
    "a" : [
      [
        0.038097322,
        0.14854532,
        0.47270244
      ],
      [
        0.99797255,
        0.88898003,
        0.79264987
      ],
      [
        0.09710324,
        0.38973403,
        0.55564964
      ]
    ],
    "b" : [
      [
        0.26179904,
        0.62041926,
        0.28984308
      ],
      [
        0.8157008,
        0.89311236,
        0.7460043
      ],
      [
        0.83997166,
        0.18606102,
        0.9208007
      ]
    ],
    "h" : [
      0.040499985,
      0.45703822,
      0.42951447
    ],
    "m" : [
      0.4105211,
      0.06001038,
      0.32254544
    ],
    "mode" : "explicit",
    "r" : [
      0.23947226,
      0.20065494,
      0.47562104
    ],
    "s" : [
      0.05249748,
      0.18265617,
      0.028610542
    ],
    "w" : [
      [
        0.47559217,
        0.093616776,
        0.15322055
      ],
      [
        0.3742049,
        0.056796312,
        0.3527125
      ],
      [
        0.4524774,
        0.2452056,
        0.07617891
      ]
    ]
  },
  "profile" : "experimental",
  "reintegration" : {
    "border" : "wall",
    "dd" : 5,
    "sigma" : 0.65
  },
  "run" : {
    "steps" : 500
  }
}