{
  "centroids" : [
    [
      64.17804,
      63.912296
    ],
    [
      64.31316,
      64.20291
    ],
    [
      64.53767,
      64.33087
    ],
    [
      64.75243,
      64.27717
    ],
    [
      64.99833,
      64.60828
    ],
    [
      65.09538,
      64.74565
    ],
    [
      65.422195,
      64.81996
    ],
    [
      65.56083,
      65.124405
    ],
    [
      65.8611,
      65.109085
    ],
    [
      65.965256,
      65.36222
    ],
    [
      66.087585,
      65.401054
    ],
    [
      66.45634,
      65.42618
    ],
    [
      66.5318,
      65.51889
    ],
    [
      66.771935,
      65.75645
    ],
    [
      66.780365,
      65.78121
    ],
    [
      67.00955,
      65.888016
    ],
    [
      67.28303,
      65.870605
    ],
    [
      67.35729,
      66.01332
    ],
    [
      67.603134,
      66.37209
    ],
    [
      67.83203,
      66.42372
    ],
    [
      68.00333,
      66.51205
    ],
    [
      68.151726,
      66.72504
    ],
    [
      68.236824,
      66.733376
    ],
    [
      68.39655,
      66.79626
    ],
    [
      68.49835,
      66.86791
    ],
    [
      68.45317,
      67.08618
    ],
    [
      68.52985,
      67.20487
    ],
    [
      68.62896,
      67.274345
    ],
    [
      68.7356,
      67.28815
    ],
    [
      68.67278,
      67.44124
    ],
    [
      68.678734,
      67.56427
    ],
    [
      68.71981,
      67.662636
    ],
    [
      68.79742,
      67.712776
    ],
    [
      68.879265,
      67.74921
    ],
    [
      68.92608,
      67.82241
    ],
    [
      69.039795,
      67.75021
    ]
  ],
  "fps" : 12,
  "frameCount" : 36,
  "framesPath" : "releases\/discovery-20260306-movers\/runs\/crossmap-motion-c001-s32\/6d2fce43-43b3-4229-8261-5cf77b0ff361\/frames.bin",
  "height" : 128,
  "palette" : "lenia-spectrum",
  "velocities" : [
    [
      0,
      0
    ],
    [
      0.1351242,
      0.29061508
    ],
    [
      0.22450256,
      0.1279602
    ],
    [
      0.21476746,
      -0.053703308
    ],
    [
      0.24589539,
      0.3311081
    ],
    [
      0.09705353,
      0.13737488
    ],
    [
      0.32681274,
      0.0743103
    ],
    [
      0.13863373,
      0.30444336
    ],
    [
      0.30027008,
      -0.015319824
    ],
    [
      0.104156494,
      0.25313568
    ],
    [
      0.12232971,
      0.03883362
    ],
    [
      0.36875153,
      0.025123596
    ],
    [
      0.07546234,
      0.0927124
    ],
    [
      0.2401352,
      0.23755646
    ],
    [
      0.008430481,
      0.024765015
    ],
    [
      0.22918701,
      0.106803894
    ],
    [
      0.27347565,
      -0.017410278
    ],
    [
      0.07426453,
      0.14271545
    ],
    [
      0.24584198,
      0.35877228
    ],
    [
      0.2288971,
      0.051628113
    ],
    [
      0.17129517,
      0.0883255
    ],
    [
      0.14839935,
      0.2129898
    ],
    [
      0.08509827,
      0.008338928
    ],
    [
      0.159729,
      0.06288147
    ],
    [
      0.10179901,
      0.07165527
    ],
    [
      -0.045181274,
      0.21826935
    ],
    [
      0.076675415,
      0.11869049
    ],
    [
      0.099113464,
      0.06947327
    ],
    [
      0.10664368,
      0.013801575
    ],
    [
      -0.062820435,
      0.15309143
    ],
    [
      0.0059509277,
      0.123031616
    ],
    [
      0.04107666,
      0.09836578
    ],
    [
      0.0776062,
      0.05014038
    ],
    [
      0.081848145,
      0.03643036
    ],
    [
      0.046813965,
      0.07320404
    ],
    [
      0.113716125,
      -0.07219696
    ]
  ],
  "width" : 128
}