{
  "backend" : "mlx",
  "channels" : 1,
  "connectivity" : [
    [
      3
    ]
  ],
  "flow" : {
    "dt" : 0.2,
    "n" : 2,
    "theta_A" : 2
  },
  "grid" : {
    "sx" : 128,
    "sy" : 128
  },
  "implementation" : {
    "mode" : "paper"
  },
  "init" : {
    "a_uniform" : {
      "high" : 1,
      "low" : 0
    },
    "p_uniform" : {
      "high" : 1,
      "low" : 0
    },
    "patches" : [
      {
        "center" : [
          32,
          32
        ],
        "size" : 24
      },
      {
        "center" : [
          96,
          96
        ],
        "size" : 24
      }
    ],
    "seed" : 300157
  },
  "interventions" : [

  ],
  "parameter_embedding" : {
    "enabled" : true,
    "mix" : "stoch",
    "mix_seed" : 42
  },
  "params" : {
    "R" : 11.646655,
    "a" : [
      [
        0.5984358,
        0.40078837,
        0.3243906
      ],
      [
        0.23358846,
        0.26001376,
        0.40865725
      ],
      [
        0.5976937,
        0.5602612,
        0.32440192
      ]
    ],
    "b" : [
      [
        0.9304814,
        0.60482806,
        0.5747245
      ],
      [
        0.7616828,
        0.040834308,
        0.01196456
      ],
      [
        0.7429979,
        0.29545403,
        0.3485602
      ]
    ],
    "h" : [
      0.8373972,
      0.51121706,
      0.419577
    ],
    "m" : [
      0.37140164,
      0.115596265,
      0.23697922
    ],
    "mode" : "explicit",
    "r" : [
      0.39909816,
      0.8891916,
      0.85664785
    ],
    "s" : [
      0.062055726,
      0.037592113,
      0.09093344
    ],
    "w" : [
      [
        0.4761796,
        0.42846623,
        0.35866693
      ],
      [
        0.33622512,
        0.47196788,
        0.28475615
      ],
      [
        0.4662486,
        0.14576133,
        0.48842964
      ]
    ]
  },
  "profile" : "experimental",
  "reintegration" : {
    "border" : "torus",
    "dd" : 5,
    "sigma" : 0.65
  },
  "run" : {
    "steps" : 500
  }
}