{
  "centroids" : [
    [
      64.00252,
      64.24491
    ],
    [
      63.905495,
      64.08412
    ],
    [
      63.68352,
      63.850876
    ],
    [
      63.827805,
      63.965652
    ],
    [
      63.710224,
      63.884087
    ],
    [
      63.640938,
      63.866688
    ],
    [
      63.645206,
      63.793873
    ],
    [
      63.54744,
      63.752426
    ],
    [
      63.55716,
      63.81682
    ],
    [
      63.49993,
      63.791748
    ],
    [
      63.63738,
      63.903564
    ],
    [
      63.55696,
      63.79824
    ]
  ],
  "fps" : 10,
  "frameCount" : 12,
  "framesPath" : "releases\/qg-20260228-real-creatures\/runs\/qg-nnea-s300128\/5bb29ea7-bf61-4047-9619-b342bb27b27a\/frames.bin",
  "height" : 128,
  "palette" : "lenia-spectrum",
  "velocities" : [
    [
      0,
      0
    ],
    [
      -0.09702301,
      -0.16078949
    ],
    [
      -0.22197342,
      -0.23324585
    ],
    [
      0.1442833,
      0.11477661
    ],
    [
      -0.117580414,
      -0.08156586
    ],
    [
      -0.06928635,
      -0.017398834
    ],
    [
      0.0042686462,
      -0.07281494
    ],
    [
      -0.097766876,
      -0.041446686
    ],
    [
      0.009719849,
      0.06439209
    ],
    [
      -0.05722809,
      -0.02507019
    ],
    [
      0.13744736,
      0.111816406
    ],
    [
      -0.08041763,
      -0.10532379
    ]
  ],
  "width" : 128
}