{
  "backend" : "mlx",
  "channels" : 1,
  "connectivity" : [
    [
      3
    ]
  ],
  "flow" : {
    "dt" : 0.2,
    "n" : 2,
    "theta_A" : 2
  },
  "grid" : {
    "sx" : 128,
    "sy" : 128
  },
  "implementation" : {
    "mode" : "paper"
  },
  "init" : {
    "a_uniform" : {
      "high" : 1,
      "low" : 0
    },
    "p_uniform" : {
      "high" : 1,
      "low" : 0
    },
    "patches" : [
      {
        "center" : [
          32,
          32
        ],
        "size" : 24
      },
      {
        "center" : [
          96,
          96
        ],
        "size" : 24
      }
    ],
    "seed" : 300136
  },
  "interventions" : [

  ],
  "parameter_embedding" : {
    "enabled" : true,
    "mix" : "stoch",
    "mix_seed" : 42
  },
  "params" : {
    "R" : 6.6247396,
    "a" : [
      [
        0.6620859,
        0.52765423,
        0.23135823
      ],
      [
        0.076209724,
        0.18491352,
        0.54797745
      ],
      [
        0.16369778,
        0.8229203,
        0.74831766
      ]
    ],
    "b" : [
      [
        0.94635415,
        0.39960653,
        0.6896825
      ],
      [
        0.7203897,
        0.55967146,
        0.048739493
      ],
      [
        0.9660588,
        0.42580938,
        0.04080254
      ]
    ],
    "h" : [
      0.055036187,
      0.62071276,
      0.9086921
    ],
    "m" : [
      0.14051881,
      0.20818882,
      0.3765383
    ],
    "mode" : "explicit",
    "r" : [
      0.8917665,
      0.34448352,
      0.8476197
    ],
    "s" : [
      0.022345083,
      0.029336397,
      0.18211277
    ],
    "w" : [
      [
        0.20806412,
        0.34732243,
        0.4139561
      ],
      [
        0.14893213,
        0.46680716,
        0.07004212
      ],
      [
        0.19729361,
        0.118379645,
        0.12514201
      ]
    ]
  },
  "profile" : "experimental",
  "reintegration" : {
    "border" : "torus",
    "dd" : 5,
    "sigma" : 0.65
  },
  "run" : {
    "steps" : 500
  }
}