{
  "centroids" : [
    [
      62.23326,
      61.968773
    ],
    [
      62.266342,
      62.04775
    ],
    [
      62.359528,
      62.101147
    ],
    [
      62.39244,
      62.18793
    ],
    [
      62.71235,
      62.52089
    ],
    [
      62.924175,
      62.79861
    ],
    [
      62.748783,
      62.603615
    ],
    [
      62.67579,
      62.501667
    ],
    [
      62.851086,
      62.694714
    ],
    [
      62.783997,
      62.60592
    ],
    [
      62.9377,
      62.753735
    ],
    [
      62.871414,
      62.70568
    ]
  ],
  "fps" : 10,
  "frameCount" : 12,
  "framesPath" : "releases\/qg-20260228-real-creatures\/runs\/qg-nnea-s300128\/341424cb-df81-4901-a622-1470e9bfcf7a\/frames.bin",
  "height" : 128,
  "palette" : "lenia-spectrum",
  "velocities" : [
    [
      0,
      0
    ],
    [
      0.033081055,
      0.07897568
    ],
    [
      0.093185425,
      0.053398132
    ],
    [
      0.032913208,
      0.08678436
    ],
    [
      0.31990814,
      0.33295822
    ],
    [
      0.21182632,
      0.2777214
    ],
    [
      -0.17539215,
      -0.19499588
    ],
    [
      -0.07299423,
      -0.101947784
    ],
    [
      0.17529678,
      0.19304657
    ],
    [
      -0.06708908,
      -0.08879471
    ],
    [
      0.15370178,
      0.1478157
    ],
    [
      -0.06628418,
      -0.04805374
    ]
  ],
  "width" : 128
}