{
  "centroids" : [
    [
      63.974686,
      64.24317
    ],
    [
      63.93865,
      64.20358
    ],
    [
      63.908222,
      64.3551
    ],
    [
      63.96661,
      64.35717
    ],
    [
      63.904205,
      64.36771
    ],
    [
      63.88464,
      64.090034
    ],
    [
      63.592743,
      64.04511
    ],
    [
      63.59403,
      63.89267
    ],
    [
      63.50265,
      63.88913
    ],
    [
      63.493828,
      63.85302
    ],
    [
      63.553307,
      63.648434
    ],
    [
      63.432213,
      63.678898
    ],
    [
      63.447285,
      63.53914
    ],
    [
      63.361355,
      63.52378
    ],
    [
      63.336155,
      63.404915
    ],
    [
      63.266247,
      63.343994
    ],
    [
      63.25537,
      63.318794
    ],
    [
      63.19783,
      63.315067
    ],
    [
      63.18285,
      63.352356
    ],
    [
      63.17185,
      63.404392
    ],
    [
      63.175034,
      63.440025
    ],
    [
      63.19143,
      63.5405
    ],
    [
      63.208744,
      63.565544
    ],
    [
      63.223686,
      63.649868
    ],
    [
      63.261658,
      63.62364
    ],
    [
      63.293453,
      63.617752
    ],
    [
      63.225082,
      63.64057
    ],
    [
      63.19109,
      63.697136
    ],
    [
      63.201157,
      63.665596
    ],
    [
      63.227596,
      63.646816
    ],
    [
      63.20705,
      63.64217
    ],
    [
      63.16101,
      63.630726
    ],
    [
      63.17425,
      63.560978
    ],
    [
      63.135162,
      63.544117
    ],
    [
      63.140194,
      63.503963
    ],
    [
      63.10879,
      63.48242
    ]
  ],
  "fps" : 12,
  "frameCount" : 36,
  "framesPath" : "releases\/orbium-like-20260307\/runs\/glider-family-luminous-spiral-4134-c000-s0\/46773f6b-5d1a-478e-9e61-9fa83d5e1a85\/frames.bin",
  "height" : 128,
  "palette" : "lenia-spectrum",
  "velocities" : [
    [
      0,
      0
    ],
    [
      -0.036037445,
      -0.03958893
    ],
    [
      -0.030426025,
      0.15151978
    ],
    [
      0.058387756,
      0.002067566
    ],
    [
      -0.062404633,
      0.010536194
    ],
    [
      -0.019565582,
      -0.2776718
    ],
    [
      -0.29189682,
      -0.044921875
    ],
    [
      0.001285553,
      -0.15244293
    ],
    [
      -0.09137726,
      -0.003540039
    ],
    [
      -0.008823395,
      -0.036109924
    ],
    [
      0.05947876,
      -0.20458603
    ],
    [
      -0.12109375,
      0.030464172
    ],
    [
      0.015071869,
      -0.13975906
    ],
    [
      -0.08592987,
      -0.015357971
    ],
    [
      -0.02519989,
      -0.11886597
    ],
    [
      -0.06990814,
      -0.060920715
    ],
    [
      -0.010875702,
      -0.02519989
    ],
    [
      -0.057540894,
      -0.0037269592
    ],
    [
      -0.014980316,
      0.037288666
    ],
    [
      -0.011001587,
      0.052036285
    ],
    [
      0.0031852722,
      0.035633087
    ],
    [
      0.016395569,
      0.10047531
    ],
    [
      0.01731491,
      0.025043488
    ],
    [
      0.014942169,
      0.08432388
    ],
    [
      0.037971497,
      -0.026229858
    ],
    [
      0.0317955,
      -0.005886078
    ],
    [
      -0.06837082,
      0.022819519
    ],
    [
      -0.033992767,
      0.05656433
    ],
    [
      0.010066986,
      -0.031539917
    ],
    [
      0.026439667,
      -0.018779755
    ],
    [
      -0.02054596,
      -0.0046463013
    ],
    [
      -0.04603958,
      -0.011444092
    ],
    [
      0.013240814,
      -0.069747925
    ],
    [
      -0.039089203,
      -0.016860962
    ],
    [
      0.0050315857,
      -0.040153503
    ],
    [
      -0.031402588,
      -0.021541595
    ]
  ],
  "width" : 128
}