{
  "backend" : "mlx",
  "channels" : 1,
  "connectivity" : [
    [
      3
    ]
  ],
  "flow" : {
    "dt" : 0.2,
    "n" : 2,
    "theta_A" : 2
  },
  "grid" : {
    "sx" : 128,
    "sy" : 128
  },
  "implementation" : {
    "mode" : "paper"
  },
  "init" : {
    "a_uniform" : {
      "high" : 1,
      "low" : 0
    },
    "p_uniform" : {
      "high" : 1,
      "low" : 0
    },
    "patches" : [
      {
        "center" : [
          32,
          32
        ],
        "size" : 24
      },
      {
        "center" : [
          96,
          96
        ],
        "size" : 24
      }
    ],
    "seed" : 300046
  },
  "interventions" : [

  ],
  "parameter_embedding" : {
    "enabled" : true,
    "mix" : "stoch",
    "mix_seed" : 42
  },
  "params" : {
    "R" : 15.249843,
    "a" : [
      [
        0.23162407,
        0.6774158,
        0.60632944
      ],
      [
        0.3541836,
        0.3008291,
        0.3137592
      ],
      [
        0.26548165,
        0.11705035,
        0.7464589
      ]
    ],
    "b" : [
      [
        0.10874826,
        0.0835377,
        0.55239594
      ],
      [
        0.75625646,
        0.4774363,
        0.90110654
      ],
      [
        0.31711996,
        0.9698118,
        0.8031176
      ]
    ],
    "h" : [
      0.16830605,
      0.41640508,
      0.14270687
    ],
    "m" : [
      0.34354162,
      0.17674515,
      0.056478124
    ],
    "mode" : "explicit",
    "r" : [
      0.52078146,
      0.35431713,
      0.9369137
    ],
    "s" : [
      0.047712408,
      0.10302424,
      0.13316157
    ],
    "w" : [
      [
        0.28834197,
        0.011749865,
        0.18763205
      ],
      [
        0.025330901,
        0.22351415,
        0.07441678
      ],
      [
        0.45477328,
        0.3855778,
        0.2550587
      ]
    ]
  },
  "profile" : "experimental",
  "reintegration" : {
    "border" : "torus",
    "dd" : 5,
    "sigma" : 0.65
  },
  "run" : {
    "steps" : 500
  }
}