{
  "centroids" : [
    [
      65.304924,
      65.16101
    ],
    [
      65.07117,
      65.05694
    ],
    [
      64.71485,
      64.50637
    ],
    [
      64.684074,
      64.436424
    ],
    [
      64.4983,
      64.26748
    ],
    [
      64.0276,
      64.02296
    ],
    [
      63.65714,
      63.603207
    ],
    [
      63.390087,
      63.34973
    ],
    [
      63.544384,
      63.485115
    ],
    [
      63.14957,
      62.90601
    ],
    [
      63.463173,
      63.439877
    ],
    [
      63.26775,
      63.009468
    ]
  ],
  "fps" : 10,
  "frameCount" : 12,
  "framesPath" : "releases\/qg-20260228-real-creatures\/runs\/qg-nnea-s300032\/472d2a59-8ef5-4889-89b8-aeb00cd9b084\/frames.bin",
  "height" : 128,
  "palette" : "lenia-spectrum",
  "velocities" : [
    [
      0,
      0
    ],
    [
      -0.23375702,
      -0.10407257
    ],
    [
      -0.3563156,
      -0.5505676
    ],
    [
      -0.030776978,
      -0.06994629
    ],
    [
      -0.18577576,
      -0.16894531
    ],
    [
      -0.4706955,
      -0.2445221
    ],
    [
      -0.37046432,
      -0.4197502
    ],
    [
      -0.2670517,
      -0.2534752
    ],
    [
      0.15429688,
      0.1353836
    ],
    [
      -0.39481354,
      -0.5791054
    ],
    [
      0.31360245,
      0.5338669
    ],
    [
      -0.19542313,
      -0.43040848
    ]
  ],
  "width" : 128
}