{
  "backend" : "mlx",
  "channels" : 1,
  "connectivity" : [
    [
      3
    ]
  ],
  "flow" : {
    "dt" : 0.2,
    "n" : 2,
    "theta_A" : 2
  },
  "grid" : {
    "sx" : 128,
    "sy" : 128
  },
  "implementation" : {
    "mode" : "paper"
  },
  "init" : {
    "a_uniform" : {
      "high" : 1,
      "low" : 0
    },
    "p_uniform" : {
      "high" : 1,
      "low" : 0
    },
    "patches" : [
      {
        "center" : [
          32,
          32
        ],
        "size" : 24
      },
      {
        "center" : [
          96,
          96
        ],
        "size" : 24
      }
    ],
    "seed" : 300077
  },
  "interventions" : [

  ],
  "parameter_embedding" : {
    "enabled" : true,
    "mix" : "stoch",
    "mix_seed" : 42
  },
  "params" : {
    "R" : 13.488576,
    "a" : [
      [
        0.35267943,
        0.089839995,
        0.22134137
      ],
      [
        0.053108394,
        0.05475408,
        0.30662465
      ],
      [
        0.43186337,
        0.023896694,
        0.19489098
      ]
    ],
    "b" : [
      [
        0.916132,
        0.3067028,
        0.12772352
      ],
      [
        0.806338,
        0.60216606,
        0.85515225
      ],
      [
        0.77899,
        0.46386892,
        0.00878346
      ]
    ],
    "h" : [
      0.8479139,
      0.9757194,
      0.24471557
    ],
    "m" : [
      0.103797816,
      0.1464171,
      0.09408985
    ],
    "mode" : "explicit",
    "r" : [
      0.94540036,
      0.9668361,
      0.59794205
    ],
    "s" : [
      0.1764776,
      0.0037367754,
      0.040785383
    ],
    "w" : [
      [
        0.07451281,
        0.09614172,
        0.20829117
      ],
      [
        0.24815537,
        0.22353819,
        0.21537296
      ],
      [
        0.3975205,
        0.08874328,
        0.45883632
      ]
    ]
  },
  "profile" : "experimental",
  "reintegration" : {
    "border" : "torus",
    "dd" : 5,
    "sigma" : 0.65
  },
  "run" : {
    "steps" : 500
  }
}