{
  "centroids" : [
    [
      63.309437,
      63.42217
    ],
    [
      63.26657,
      63.37021
    ],
    [
      63.41993,
      63.483734
    ],
    [
      63.337166,
      63.415024
    ],
    [
      63.344273,
      63.48107
    ],
    [
      63.324524,
      63.45504
    ],
    [
      63.1807,
      63.317738
    ],
    [
      63.31323,
      63.44812
    ],
    [
      63.36175,
      63.495914
    ],
    [
      63.342876,
      63.463596
    ],
    [
      63.35684,
      63.466255
    ],
    [
      63.283493,
      63.395824
    ]
  ],
  "fps" : 10,
  "frameCount" : 12,
  "framesPath" : "releases\/qg-20260228-real-creatures\/runs\/qg-nnea-s300064\/30815b40-9801-4d5a-82b9-01149cc6e2e2\/frames.bin",
  "height" : 128,
  "palette" : "lenia-spectrum",
  "velocities" : [
    [
      0,
      0
    ],
    [
      -0.042865753,
      -0.05195999
    ],
    [
      0.15335846,
      0.11352539
    ],
    [
      -0.08276367,
      -0.06871033
    ],
    [
      0.007106781,
      0.06604767
    ],
    [
      -0.019748688,
      -0.026031494
    ],
    [
      -0.14382553,
      -0.1373024
    ],
    [
      0.13253021,
      0.13038254
    ],
    [
      0.04852295,
      0.047794342
    ],
    [
      -0.018875122,
      -0.032318115
    ],
    [
      0.013961792,
      0.002658844
    ],
    [
      -0.073345184,
      -0.070430756
    ]
  ],
  "width" : 128
}