{
  "centroids" : [
    [
      64.1982,
      63.52632
    ],
    [
      64.20966,
      63.544365
    ],
    [
      64.13707,
      63.488663
    ],
    [
      64.06877,
      63.39191
    ],
    [
      64.00485,
      63.30624
    ],
    [
      64.00409,
      63.32138
    ],
    [
      63.94494,
      63.269085
    ],
    [
      63.93333,
      63.2493
    ],
    [
      63.962334,
      63.284695
    ],
    [
      63.96856,
      63.291904
    ],
    [
      63.98162,
      63.291283
    ],
    [
      63.980206,
      63.274666
    ]
  ],
  "fps" : 10,
  "frameCount" : 12,
  "framesPath" : "releases\/qg-20260228-real-creatures\/runs\/qg-nnea-s300064\/0e51e55f-5297-477a-bc49-047a1aaa01ee\/frames.bin",
  "height" : 128,
  "palette" : "lenia-spectrum",
  "velocities" : [
    [
      0,
      0
    ],
    [
      0.01146698,
      0.018043518
    ],
    [
      -0.07259369,
      -0.05570221
    ],
    [
      -0.06829834,
      -0.09675217
    ],
    [
      -0.06391907,
      -0.08567047
    ],
    [
      -0.00076293945,
      0.015140533
    ],
    [
      -0.059150696,
      -0.052295685
    ],
    [
      -0.011608124,
      -0.019786835
    ],
    [
      0.029003143,
      0.035396576
    ],
    [
      0.006225586,
      0.007209778
    ],
    [
      0.013061523,
      -0.00062179565
    ],
    [
      -0.0014152527,
      -0.016616821
    ]
  ],
  "width" : 128
}