{
  "centroids" : [
    [
      64.11281,
      63.796116
    ],
    [
      64.23539,
      63.83953
    ],
    [
      64.091675,
      63.863003
    ],
    [
      64.106125,
      63.758446
    ],
    [
      64.06907,
      63.663757
    ],
    [
      64.09621,
      63.676544
    ],
    [
      64.09461,
      63.86351
    ],
    [
      64.13571,
      63.651123
    ],
    [
      63.808266,
      63.554348
    ],
    [
      63.680294,
      63.383858
    ],
    [
      63.517788,
      63.399147
    ],
    [
      63.47294,
      63.338547
    ],
    [
      63.468056,
      63.322598
    ],
    [
      63.419025,
      63.21942
    ],
    [
      63.37053,
      63.231956
    ],
    [
      63.35089,
      63.198643
    ],
    [
      63.34461,
      63.104454
    ],
    [
      63.319298,
      63.073616
    ],
    [
      63.280106,
      63.068165
    ],
    [
      63.276474,
      63.02469
    ],
    [
      63.26148,
      63.01469
    ],
    [
      63.174465,
      63.02224
    ],
    [
      63.16567,
      62.960293
    ],
    [
      63.169155,
      62.93013
    ],
    [
      63.071964,
      62.977127
    ],
    [
      63.12296,
      62.914394
    ],
    [
      63.041286,
      62.970978
    ],
    [
      63.04262,
      62.95882
    ],
    [
      63.032166,
      62.93117
    ],
    [
      63.056744,
      62.877518
    ],
    [
      63.02489,
      62.879574
    ],
    [
      63.03776,
      62.822388
    ],
    [
      63.027115,
      62.7998
    ],
    [
      63.031364,
      62.79768
    ],
    [
      63.03312,
      62.77292
    ],
    [
      63.004536,
      62.76711
    ]
  ],
  "fps" : 12,
  "frameCount" : 36,
  "framesPath" : "releases\/orbium-like-20260307\/runs\/glider-family-luminous-spiral-4134-c000-s0\/b05132da-0174-4a69-b7aa-8121600b9c5f\/frames.bin",
  "height" : 128,
  "palette" : "lenia-spectrum",
  "velocities" : [
    [
      0,
      0
    ],
    [
      0.12258148,
      0.04341507
    ],
    [
      -0.1437149,
      0.023471832
    ],
    [
      0.014450073,
      -0.10455704
    ],
    [
      -0.03705597,
      -0.094688416
    ],
    [
      0.027137756,
      0.012786865
    ],
    [
      -0.0015945435,
      0.18696594
    ],
    [
      0.04109955,
      -0.21238708
    ],
    [
      -0.32744598,
      -0.096775055
    ],
    [
      -0.12797165,
      -0.17049026
    ],
    [
      -0.1625061,
      0.015289307
    ],
    [
      -0.044849396,
      -0.06060028
    ],
    [
      -0.0048828125,
      -0.01594925
    ],
    [
      -0.049030304,
      -0.10317612
    ],
    [
      -0.048496246,
      0.012535095
    ],
    [
      -0.019638062,
      -0.03331375
    ],
    [
      -0.0062828064,
      -0.09418869
    ],
    [
      -0.025310516,
      -0.030838013
    ],
    [
      -0.0391922,
      -0.0054512024
    ],
    [
      -0.0036315918,
      -0.043476105
    ],
    [
      -0.014995575,
      -0.0099983215
    ],
    [
      -0.087013245,
      0.007549286
    ],
    [
      -0.008796692,
      -0.06194687
    ],
    [
      0.0034866333,
      -0.030162811
    ],
    [
      -0.09719086,
      0.04699707
    ],
    [
      0.050994873,
      -0.0627327
    ],
    [
      -0.08167267,
      0.056583405
    ],
    [
      0.001335144,
      -0.01215744
    ],
    [
      -0.010456085,
      -0.027648926
    ],
    [
      0.024578094,
      -0.053653717
    ],
    [
      -0.031852722,
      0.0020561218
    ],
    [
      0.012870789,
      -0.057186127
    ],
    [
      -0.01064682,
      -0.022586823
    ],
    [
      0.0042495728,
      -0.0021209717
    ],
    [
      0.0017547607,
      -0.0247612
    ],
    [
      -0.028583527,
      -0.005809784
    ]
  ],
  "width" : 128
}