{
  "centroids" : [
    [
      63.09277,
      62.66331
    ],
    [
      62.989803,
      62.78842
    ],
    [
      62.939857,
      62.596912
    ],
    [
      62.877056,
      62.516052
    ],
    [
      62.766636,
      62.413494
    ],
    [
      62.59207,
      62.407345
    ],
    [
      62.430336,
      62.40213
    ],
    [
      62.283104,
      62.466263
    ],
    [
      62.322006,
      62.61883
    ],
    [
      62.717266,
      62.688812
    ],
    [
      62.851658,
      62.857666
    ],
    [
      63.082703,
      62.98123
    ],
    [
      63.124416,
      63.099426
    ],
    [
      63.22151,
      63.043583
    ],
    [
      63.24084,
      63.03145
    ],
    [
      63.204773,
      63.043472
    ],
    [
      63.16602,
      63.09879
    ],
    [
      63.157368,
      63.075684
    ],
    [
      63.14164,
      63.07363
    ],
    [
      63.15691,
      63.047592
    ],
    [
      63.108402,
      63.126385
    ],
    [
      63.075733,
      63.146763
    ],
    [
      63.066563,
      63.167458
    ],
    [
      63.060123,
      63.172016
    ],
    [
      63.07935,
      63.14705
    ],
    [
      63.026196,
      63.21563
    ],
    [
      63.018475,
      63.20724
    ],
    [
      63.021496,
      63.198517
    ],
    [
      63.02728,
      63.199482
    ],
    [
      63.054802,
      63.194397
    ],
    [
      63.01901,
      63.232468
    ],
    [
      63.151592,
      63.10085
    ],
    [
      63.24117,
      63.025074
    ],
    [
      63.266376,
      63.04769
    ],
    [
      63.19173,
      63.180557
    ],
    [
      63.23129,
      63.246117
    ]
  ],
  "fps" : 12,
  "frameCount" : 36,
  "framesPath" : "releases\/orbium-like-20260307\/runs\/glider-family-luminous-spiral-4134-c000-s0\/31baae50-9abc-475d-b6de-38d5ed9ea328\/frames.bin",
  "height" : 128,
  "palette" : "lenia-spectrum",
  "velocities" : [
    [
      0,
      0
    ],
    [
      -0.10296631,
      0.12511063
    ],
    [
      -0.04994583,
      -0.19150925
    ],
    [
      -0.06280136,
      -0.08086014
    ],
    [
      -0.11042023,
      -0.102558136
    ],
    [
      -0.17456436,
      -0.006149292
    ],
    [
      -0.16173553,
      -0.005214691
    ],
    [
      -0.14723206,
      0.06413269
    ],
    [
      0.038902283,
      0.15256882
    ],
    [
      0.39525986,
      0.06998062
    ],
    [
      0.13439178,
      0.16885376
    ],
    [
      0.23104477,
      0.123565674
    ],
    [
      0.041713715,
      0.11819458
    ],
    [
      0.09709549,
      -0.055843353
    ],
    [
      0.019329071,
      -0.012134552
    ],
    [
      -0.036067963,
      0.012023926
    ],
    [
      -0.03875351,
      0.055316925
    ],
    [
      -0.008651733,
      -0.023105621
    ],
    [
      -0.015727997,
      -0.0020523071
    ],
    [
      0.015270233,
      -0.026039124
    ],
    [
      -0.04850769,
      0.07879257
    ],
    [
      -0.032669067,
      0.020378113
    ],
    [
      -0.009170532,
      0.020694733
    ],
    [
      -0.006439209,
      0.004558563
    ],
    [
      0.019226074,
      -0.024967194
    ],
    [
      -0.05315399,
      0.06858063
    ],
    [
      -0.0077209473,
      -0.008388519
    ],
    [
      0.0030212402,
      -0.008724213
    ],
    [
      0.005783081,
      0.0009651184
    ],
    [
      0.02752304,
      -0.0050849915
    ],
    [
      -0.035793304,
      0.03807068
    ],
    [
      0.13258362,
      -0.1316185
    ],
    [
      0.08957672,
      -0.07577515
    ],
    [
      0.02520752,
      0.02261734
    ],
    [
      -0.074645996,
      0.1328659
    ],
    [
      0.03955841,
      0.06555939
    ]
  ],
  "width" : 128
}