{
  "backend" : "mlx",
  "channels" : 1,
  "connectivity" : [
    [
      3
    ]
  ],
  "flow" : {
    "dt" : 0.2,
    "n" : 2,
    "theta_A" : 2
  },
  "grid" : {
    "sx" : 128,
    "sy" : 128
  },
  "implementation" : {
    "mode" : "paper"
  },
  "init" : {
    "a_uniform" : {
      "high" : 1,
      "low" : 0
    },
    "p_uniform" : {
      "high" : 1,
      "low" : 0
    },
    "patches" : [
      {
        "center" : [
          32,
          32
        ],
        "size" : 24
      },
      {
        "center" : [
          96,
          96
        ],
        "size" : 24
      }
    ],
    "seed" : 300143
  },
  "interventions" : [

  ],
  "parameter_embedding" : {
    "enabled" : true,
    "mix" : "stoch",
    "mix_seed" : 42
  },
  "params" : {
    "R" : 7.8842034,
    "a" : [
      [
        0.9130383,
        0.37979382,
        0.1215021
      ],
      [
        0.05460936,
        0.8439482,
        0.026225388
      ],
      [
        0.017615497,
        0.86286896,
        0.8894057
      ]
    ],
    "b" : [
      [
        0.9949426,
        0.19985586,
        0.5338212
      ],
      [
        0.30859154,
        0.09636766,
        0.76319736
      ],
      [
        0.101781726,
        0.5395366,
        0.7624769
      ]
    ],
    "h" : [
      0.0055754185,
      0.6906504,
      0.8004684
    ],
    "m" : [
      0.3213267,
      0.4914932,
      0.34964904
    ],
    "mode" : "explicit",
    "r" : [
      0.25068393,
      0.6765608,
      0.6016954
    ],
    "s" : [
      0.1563311,
      0.18654124,
      0.06305487
    ],
    "w" : [
      [
        0.3702666,
        0.34004876,
        0.034413733
      ],
      [
        0.2718852,
        0.4754822,
        0.48425066
      ],
      [
        0.25716838,
        0.12053101,
        0.39558342
      ]
    ]
  },
  "profile" : "experimental",
  "reintegration" : {
    "border" : "torus",
    "dd" : 5,
    "sigma" : 0.65
  },
  "run" : {
    "steps" : 500
  }
}