{
  "centroids" : [
    [
      63.41847,
      63.48197
    ],
    [
      63.460896,
      63.48961
    ],
    [
      63.663906,
      63.689404
    ],
    [
      63.589302,
      63.67522
    ],
    [
      63.679237,
      63.788044
    ],
    [
      63.723125,
      63.847977
    ],
    [
      63.69495,
      63.878674
    ],
    [
      63.608273,
      63.885136
    ],
    [
      63.561337,
      63.808872
    ],
    [
      63.66813,
      63.855927
    ],
    [
      63.678406,
      63.8684
    ],
    [
      63.725075,
      63.88631
    ]
  ],
  "fps" : 10,
  "frameCount" : 12,
  "framesPath" : "releases\/qg-20260228-real-creatures\/runs\/qg-nnea-s300128\/05b51690-23fa-44ca-9c7c-379d76c7c383\/frames.bin",
  "height" : 128,
  "palette" : "lenia-spectrum",
  "velocities" : [
    [
      0,
      0
    ],
    [
      0.042427063,
      0.007637024
    ],
    [
      0.20301056,
      0.19979477
    ],
    [
      -0.074604034,
      -0.014183044
    ],
    [
      0.0899353,
      0.11282349
    ],
    [
      0.043888092,
      0.05993271
    ],
    [
      -0.028175354,
      0.030696869
    ],
    [
      -0.08667755,
      0.006462097
    ],
    [
      -0.046936035,
      -0.07626343
    ],
    [
      0.10679245,
      0.04705429
    ],
    [
      0.010276794,
      0.01247406
    ],
    [
      0.046669006,
      0.017910004
    ]
  ],
  "width" : 128
}