{
  "backend" : "mlx",
  "channels" : 1,
  "connectivity" : [
    [
      3
    ]
  ],
  "flow" : {
    "dt" : 0.2,
    "n" : 2,
    "theta_A" : 2
  },
  "grid" : {
    "sx" : 128,
    "sy" : 128
  },
  "implementation" : {
    "mode" : "paper"
  },
  "init" : {
    "a_uniform" : {
      "high" : 1,
      "low" : 0
    },
    "p_uniform" : {
      "high" : 1,
      "low" : 0
    },
    "patches" : [
      {
        "center" : [
          32,
          32
        ],
        "size" : 24
      },
      {
        "center" : [
          96,
          96
        ],
        "size" : 24
      }
    ],
    "seed" : 300106
  },
  "interventions" : [

  ],
  "parameter_embedding" : {
    "enabled" : true,
    "mix" : "stoch",
    "mix_seed" : 42
  },
  "params" : {
    "R" : 11.257782,
    "a" : [
      [
        0.28441513,
        0.6881221,
        0.35163343
      ],
      [
        0.9701669,
        0.30041617,
        0.53622574
      ],
      [
        0.6637004,
        0.38437557,
        0.507268
      ]
    ],
    "b" : [
      [
        0.48430198,
        0.8558744,
        0.8146839
      ],
      [
        0.40867835,
        0.53885406,
        0.77122307
      ],
      [
        0.30842596,
        0.53651315,
        0.64349914
      ]
    ],
    "h" : [
      0.80889267,
      0.71242183,
      0.54927707
    ],
    "m" : [
      0.3695498,
      0.27461943,
      0.16840199
    ],
    "mode" : "explicit",
    "r" : [
      0.39434868,
      0.83121884,
      0.6703744
    ],
    "s" : [
      0.18720424,
      0.06250001,
      0.1117229
    ],
    "w" : [
      [
        0.23396349,
        0.23545222,
        0.32685116
      ],
      [
        0.2756637,
        0.052105114,
        0.37980723
      ],
      [
        0.32981575,
        0.3417399,
        0.26931033
      ]
    ]
  },
  "profile" : "experimental",
  "reintegration" : {
    "border" : "torus",
    "dd" : 5,
    "sigma" : 0.65
  },
  "run" : {
    "steps" : 500
  }
}