{
  "centroids" : [
    [
      63.442955,
      63.35297
    ],
    [
      63.425304,
      63.292477
    ],
    [
      63.40634,
      63.130245
    ],
    [
      63.20138,
      63.053204
    ],
    [
      63.358875,
      63.21535
    ],
    [
      63.47938,
      63.4183
    ],
    [
      63.586506,
      63.43088
    ],
    [
      63.322353,
      63.149647
    ],
    [
      63.863556,
      63.820877
    ],
    [
      63.679996,
      63.618656
    ],
    [
      63.50723,
      63.468964
    ],
    [
      63.82647,
      63.716984
    ]
  ],
  "fps" : 10,
  "frameCount" : 12,
  "framesPath" : "releases\/qg-20260228-real-creatures\/runs\/qg-nnea-s300096\/b6cf066f-54b0-4cf6-9d90-2725abca7820\/frames.bin",
  "height" : 128,
  "palette" : "lenia-spectrum",
  "velocities" : [
    [
      0,
      0
    ],
    [
      -0.017650604,
      -0.06049347
    ],
    [
      -0.01896286,
      -0.16223145
    ],
    [
      -0.20495987,
      -0.077041626
    ],
    [
      0.15749359,
      0.16214752
    ],
    [
      0.12050629,
      0.20294952
    ],
    [
      0.10712433,
      0.012580872
    ],
    [
      -0.26415253,
      -0.28123474
    ],
    [
      0.54120255,
      0.6712303
    ],
    [
      -0.18355942,
      -0.20222092
    ],
    [
      -0.17276764,
      -0.14969254
    ],
    [
      0.31924057,
      0.24802017
    ]
  ],
  "width" : 128
}