{
  "centroids" : [
    [
      63.745106,
      63.988525
    ],
    [
      63.751163,
      63.987278
    ],
    [
      63.70396,
      63.90865
    ],
    [
      63.61957,
      63.784077
    ],
    [
      63.625763,
      63.823635
    ],
    [
      63.614864,
      63.822918
    ],
    [
      63.515373,
      63.72798
    ],
    [
      63.542103,
      63.75164
    ],
    [
      63.577065,
      63.773117
    ],
    [
      63.556023,
      63.757374
    ],
    [
      63.56909,
      63.764286
    ],
    [
      63.56515,
      63.75839
    ]
  ],
  "fps" : 10,
  "frameCount" : 12,
  "framesPath" : "releases\/qg-20260228-real-creatures\/runs\/qg-nnea-s300128\/ee45a986-d3fc-4ec0-86a7-a4cb5caa3e5e\/frames.bin",
  "height" : 128,
  "palette" : "lenia-spectrum",
  "velocities" : [
    [
      0,
      0
    ],
    [
      0.0060577393,
      -0.001247406
    ],
    [
      -0.047203064,
      -0.07862854
    ],
    [
      -0.08438873,
      -0.124572754
    ],
    [
      0.0061912537,
      0.03955841
    ],
    [
      -0.01089859,
      -0.0007171631
    ],
    [
      -0.09949112,
      -0.09493637
    ],
    [
      0.026729584,
      0.023658752
    ],
    [
      0.0349617,
      0.021476746
    ],
    [
      -0.02104187,
      -0.015743256
    ],
    [
      0.013069153,
      0.0069122314
    ],
    [
      -0.0039405823,
      -0.005897522
    ]
  ],
  "width" : 128
}