{
  "backend" : "mlx",
  "channels" : 1,
  "connectivity" : [
    [
      3
    ]
  ],
  "flow" : {
    "dt" : 0.2,
    "n" : 2,
    "theta_A" : 2
  },
  "grid" : {
    "sx" : 128,
    "sy" : 128
  },
  "implementation" : {
    "mode" : "paper"
  },
  "init" : {
    "a_uniform" : {
      "high" : 1,
      "low" : 0
    },
    "p_uniform" : {
      "high" : 1,
      "low" : 0
    },
    "patches" : [
      {
        "center" : [
          32,
          32
        ],
        "size" : 24
      },
      {
        "center" : [
          96,
          96
        ],
        "size" : 24
      }
    ],
    "seed" : 300002
  },
  "interventions" : [

  ],
  "parameter_embedding" : {
    "enabled" : true,
    "mix" : "stoch",
    "mix_seed" : 42
  },
  "params" : {
    "R" : 10.854837,
    "a" : [
      [
        0.63913566,
        0.43671763,
        0.35052878
      ],
      [
        0.19982892,
        0.37419438,
        0.21366113
      ],
      [
        0.2809798,
        0.06445551,
        0.2548045
      ]
    ],
    "b" : [
      [
        0.49110383,
        0.41280574,
        0.9861144
      ],
      [
        0.18445754,
        0.31317377,
        0.25864595
      ],
      [
        0.9689281,
        0.38754487,
        0.87250394
      ]
    ],
    "h" : [
      0.14984244,
      0.84014213,
      0.54461503
    ],
    "m" : [
      0.11041209,
      0.10846296,
      0.12367019
    ],
    "mode" : "explicit",
    "r" : [
      0.8260082,
      0.61827725,
      0.7459485
    ],
    "s" : [
      0.07278423,
      0.05078792,
      0.10858606
    ],
    "w" : [
      [
        0.15445688,
        0.10409932,
        0.22442238
      ],
      [
        0.15203226,
        0.17843184,
        0.49640238
      ],
      [
        0.30420682,
        0.030180281,
        0.05399566
      ]
    ]
  },
  "profile" : "experimental",
  "reintegration" : {
    "border" : "torus",
    "dd" : 5,
    "sigma" : 0.65
  },
  "run" : {
    "steps" : 500
  }
}