{
  "centroids" : [
    [
      63.686405,
      63.44024
    ],
    [
      63.54301,
      63.30687
    ],
    [
      63.79038,
      63.482018
    ],
    [
      63.757988,
      63.43897
    ],
    [
      63.612087,
      63.35094
    ],
    [
      63.538925,
      63.290966
    ],
    [
      63.28384,
      63.01996
    ],
    [
      63.45943,
      63.18708
    ],
    [
      63.60946,
      63.29146
    ],
    [
      63.63569,
      63.320793
    ],
    [
      63.60971,
      63.298656
    ],
    [
      63.61936,
      63.290356
    ]
  ],
  "fps" : 10,
  "frameCount" : 12,
  "framesPath" : "releases\/qg-20260228-real-creatures\/runs\/qg-nnea-s300000\/e43fbfb2-747a-4d38-889f-b8927712c2b6\/frames.bin",
  "height" : 128,
  "palette" : "lenia-spectrum",
  "velocities" : [
    [
      0,
      0
    ],
    [
      -0.14339447,
      -0.13336945
    ],
    [
      0.24736786,
      0.17514801
    ],
    [
      -0.032390594,
      -0.04304886
    ],
    [
      -0.14590073,
      -0.088027954
    ],
    [
      -0.07316208,
      -0.05997467
    ],
    [
      -0.255085,
      -0.27100754
    ],
    [
      0.17559052,
      0.16712189
    ],
    [
      0.15002823,
      0.10437775
    ],
    [
      0.026229858,
      0.029335022
    ],
    [
      -0.025978088,
      -0.022136688
    ],
    [
      0.009651184,
      -0.008300781
    ]
  ],
  "width" : 128
}