{
  "backend" : "mlx",
  "channels" : 1,
  "connectivity" : [
    [
      3
    ]
  ],
  "flow" : {
    "dt" : 0.2,
    "n" : 2,
    "theta_A" : 2
  },
  "grid" : {
    "sx" : 128,
    "sy" : 128
  },
  "implementation" : {
    "mode" : "paper"
  },
  "init" : {
    "a_uniform" : {
      "high" : 1,
      "low" : 0
    },
    "p_uniform" : {
      "high" : 1,
      "low" : 0
    },
    "patches" : [
      {
        "center" : [
          32,
          32
        ],
        "size" : 24
      },
      {
        "center" : [
          96,
          96
        ],
        "size" : 24
      }
    ],
    "seed" : 300153
  },
  "interventions" : [

  ],
  "parameter_embedding" : {
    "enabled" : true,
    "mix" : "stoch",
    "mix_seed" : 42
  },
  "params" : {
    "R" : 11.425057,
    "a" : [
      [
        0.91508263,
        0.2862963,
        0.7759897
      ],
      [
        0.96805555,
        0.67672116,
        0.4261793
      ],
      [
        0.4861403,
        0.74014974,
        0.44270188
      ]
    ],
    "b" : [
      [
        0.3824786,
        0.030113995,
        0.16919774
      ],
      [
        0.30584866,
        0.6926879,
        0.6524716
      ],
      [
        0.49444002,
        0.05733919,
        0.92138153
      ]
    ],
    "h" : [
      0.55367076,
      0.7736936,
      0.089592755
    ],
    "m" : [
      0.32691967,
      0.16788284,
      0.17075248
    ],
    "mode" : "explicit",
    "r" : [
      0.7471143,
      0.26480228,
      0.9924572
    ],
    "s" : [
      0.08600292,
      0.027960695,
      0.075355135
    ],
    "w" : [
      [
        0.4184818,
        0.029950954,
        0.41021952
      ],
      [
        0.42859313,
        0.3478751,
        0.22709587
      ],
      [
        0.01821155,
        0.19837935,
        0.3088935
      ]
    ]
  },
  "profile" : "experimental",
  "reintegration" : {
    "border" : "torus",
    "dd" : 5,
    "sigma" : 0.65
  },
  "run" : {
    "steps" : 500
  }
}