{
  "centroids" : [
    [
      64.23907,
      64.56065
    ],
    [
      64.174805,
      64.49649
    ],
    [
      64.2355,
      64.51851
    ],
    [
      64.23755,
      64.5234
    ],
    [
      64.195015,
      64.48681
    ],
    [
      64.12293,
      64.40523
    ],
    [
      64.05735,
      64.32386
    ],
    [
      64.02185,
      64.27929
    ],
    [
      64.06633,
      64.33749
    ],
    [
      64.1674,
      64.45612
    ],
    [
      64.1762,
      64.47101
    ],
    [
      64.15687,
      64.463646
    ]
  ],
  "fps" : 10,
  "frameCount" : 12,
  "framesPath" : "releases\/qg-20260228-real-creatures\/runs\/qg-nnea-s300128\/dbea80c4-1dc6-46bd-9b46-4b3fae5ca0ea\/frames.bin",
  "height" : 128,
  "palette" : "lenia-spectrum",
  "velocities" : [
    [
      0,
      0
    ],
    [
      -0.06426239,
      -0.06416321
    ],
    [
      0.060691833,
      0.022018433
    ],
    [
      0.0020523071,
      0.004890442
    ],
    [
      -0.042533875,
      -0.036590576
    ],
    [
      -0.07208252,
      -0.081581116
    ],
    [
      -0.065582275,
      -0.08136749
    ],
    [
      -0.035499573,
      -0.044570923
    ],
    [
      0.04447937,
      0.05819702
    ],
    [
      0.10106659,
      0.118637085
    ],
    [
      0.008804321,
      0.014884949
    ],
    [
      -0.019332886,
      -0.0073623657
    ]
  ],
  "width" : 128
}