{
  "centroids" : [
    [
      63.04901,
      63.889893
    ],
    [
      63.133327,
      64.13137
    ],
    [
      63.234016,
      64.184425
    ],
    [
      63.29734,
      64.1516
    ],
    [
      63.422527,
      64.332306
    ],
    [
      63.538082,
      64.36347
    ],
    [
      63.928917,
      64.42145
    ],
    [
      64.12811,
      64.63829
    ],
    [
      64.43489,
      64.76893
    ],
    [
      64.62778,
      65.00192
    ],
    [
      64.85283,
      65.0937
    ],
    [
      65.03603,
      65.309395
    ],
    [
      65.293434,
      65.50003
    ],
    [
      65.44266,
      65.70419
    ],
    [
      65.52571,
      65.84527
    ],
    [
      65.63835,
      66.03835
    ],
    [
      65.76965,
      66.139145
    ],
    [
      65.93834,
      66.211105
    ],
    [
      66.227104,
      66.52048
    ],
    [
      66.255325,
      66.503914
    ],
    [
      66.39121,
      66.61552
    ],
    [
      66.46815,
      66.743965
    ],
    [
      66.39106,
      66.885704
    ],
    [
      66.50122,
      66.97114
    ],
    [
      66.52847,
      67.055336
    ],
    [
      66.576744,
      67.07819
    ],
    [
      66.619255,
      67.228386
    ],
    [
      66.694756,
      67.249886
    ],
    [
      66.78148,
      67.36065
    ],
    [
      66.876915,
      67.38886
    ],
    [
      66.98887,
      67.42751
    ],
    [
      67.04813,
      67.51618
    ],
    [
      67.12935,
      67.53002
    ],
    [
      67.20551,
      67.55663
    ],
    [
      67.35196,
      67.50325
    ],
    [
      67.41818,
      67.548965
    ]
  ],
  "fps" : 12,
  "frameCount" : 36,
  "framesPath" : "releases\/discovery-20260306-movers\/runs\/crossmap-motion-c000-s0\/fa90df4a-006b-4738-b5d1-7ba301ec22a6\/frames.bin",
  "height" : 128,
  "palette" : "lenia-spectrum",
  "velocities" : [
    [
      0,
      0
    ],
    [
      0.08431625,
      0.24147797
    ],
    [
      0.100688934,
      0.05305481
    ],
    [
      0.063323975,
      -0.032821655
    ],
    [
      0.12518692,
      0.18070221
    ],
    [
      0.11555481,
      0.031166077
    ],
    [
      0.3908348,
      0.05797577
    ],
    [
      0.19919586,
      0.21684265
    ],
    [
      0.30677795,
      0.13063812
    ],
    [
      0.19288635,
      0.23299408
    ],
    [
      0.22505188,
      0.09177399
    ],
    [
      0.18320465,
      0.21569824
    ],
    [
      0.2574005,
      0.19063568
    ],
    [
      0.14922333,
      0.2041626
    ],
    [
      0.08305359,
      0.14107513
    ],
    [
      0.11264038,
      0.19308472
    ],
    [
      0.13130188,
      0.10079193
    ],
    [
      0.16868591,
      0.07196045
    ],
    [
      0.28876495,
      0.30937195
    ],
    [
      0.02822113,
      -0.016563416
    ],
    [
      0.13588715,
      0.11160278
    ],
    [
      0.076934814,
      0.12844849
    ],
    [
      -0.0770874,
      0.14173889
    ],
    [
      0.11016083,
      0.08543396
    ],
    [
      0.027252197,
      0.084198
    ],
    [
      0.04827118,
      0.022857666
    ],
    [
      0.042510986,
      0.15019226
    ],
    [
      0.07550049,
      0.021499634
    ],
    [
      0.08672333,
      0.11076355
    ],
    [
      0.095436096,
      0.028213501
    ],
    [
      0.111953735,
      0.038650513
    ],
    [
      0.059257507,
      0.08866882
    ],
    [
      0.081222534,
      0.013839722
    ],
    [
      0.076164246,
      0.026611328
    ],
    [
      0.14644623,
      -0.053382874
    ],
    [
      0.066223145,
      0.045715332
    ]
  ],
  "width" : 128
}