{
  "backend" : "mlx",
  "beam_mutation" : {
    "enabled" : true,
    "patch_size" : 10,
    "probability" : 0.02,
    "seed" : 99,
    "std" : 0.1
  },
  "channels" : 1,
  "connectivity" : [
    [
      3
    ]
  ],
  "environment" : {
    "depth" : 2,
    "passage_width" : 6,
    "type" : "cross_map",
    "wall_thickness" : 3,
    "wall_value" : -10
  },
  "flow" : {
    "dt" : 0.2,
    "n" : 2,
    "theta_A" : 2
  },
  "grid" : {
    "sx" : 128,
    "sy" : 128
  },
  "implementation" : {
    "mode" : "paper"
  },
  "init" : {
    "a_uniform" : {
      "high" : 1,
      "low" : 0
    },
    "p_uniform" : {
      "high" : 1,
      "low" : 0
    },
    "patches" : [
      {
        "center" : [
          32,
          32
        ],
        "size" : 20
      },
      {
        "center" : [
          96,
          32
        ],
        "size" : 20
      },
      {
        "center" : [
          32,
          96
        ],
        "size" : 20
      },
      {
        "center" : [
          96,
          96
        ],
        "size" : 20
      }
    ],
    "seed" : 45
  },
  "interventions" : [

  ],
  "parameter_embedding" : {
    "enabled" : true,
    "mix" : "stoch_gene_wise",
    "mix_seed" : 42
  },
  "params" : {
    "R" : 14.738207,
    "a" : [
      [
        0.16821617,
        0.711893,
        0.041041434
      ],
      [
        0.44623762,
        0.34964865,
        0.27108878
      ],
      [
        0.052070856,
        0.33050227,
        0.8586864
      ]
    ],
    "b" : [
      [
        0.3184592,
        0.015319765,
        0.8185152
      ],
      [
        0.038244963,
        0.80193835,
        0.18341619
      ],
      [
        0.03809607,
        0.24139607,
        0.12804878
      ]
    ],
    "h" : [
      0.47837842,
      0.31237495,
      0.7762635
    ],
    "m" : [
      0.25934374,
      0.46803877,
      0.4194126
    ],
    "mode" : "explicit",
    "r" : [
      0.63984734,
      0.6474109,
      0.7389161
    ],
    "s" : [
      0.0015684422,
      0.117159046,
      0.19032784
    ],
    "w" : [
      [
        0.41356498,
        0.30382946,
        0.2168324
      ],
      [
        0.44449854,
        0.14098549,
        0.34835643
      ],
      [
        0.054675527,
        0.3482728,
        0.18988894
      ]
    ]
  },
  "profile" : "experimental",
  "reintegration" : {
    "border" : "wall",
    "dd" : 5,
    "sigma" : 0.65
  },
  "run" : {
    "steps" : 500
  }
}