{
  "backend" : "mlx",
  "beam_mutation" : {
    "enabled" : true,
    "patch_size" : 10,
    "probability" : 0.02,
    "seed" : 99,
    "std" : 0.1
  },
  "channels" : 1,
  "connectivity" : [
    [
      3
    ]
  ],
  "environment" : {
    "depth" : 2,
    "passage_width" : 6,
    "type" : "cross_map",
    "wall_thickness" : 3,
    "wall_value" : -10
  },
  "flow" : {
    "dt" : 0.2,
    "n" : 2,
    "theta_A" : 2
  },
  "grid" : {
    "sx" : 128,
    "sy" : 128
  },
  "implementation" : {
    "mode" : "paper"
  },
  "init" : {
    "a_uniform" : {
      "high" : 1,
      "low" : 0
    },
    "p_uniform" : {
      "high" : 1,
      "low" : 0
    },
    "patches" : [
      {
        "center" : [
          32,
          32
        ],
        "size" : 20
      },
      {
        "center" : [
          96,
          32
        ],
        "size" : 20
      },
      {
        "center" : [
          32,
          96
        ],
        "size" : 20
      },
      {
        "center" : [
          96,
          96
        ],
        "size" : 20
      }
    ],
    "seed" : 36
  },
  "interventions" : [

  ],
  "parameter_embedding" : {
    "enabled" : true,
    "mix" : "stoch_gene_wise",
    "mix_seed" : 42
  },
  "params" : {
    "R" : 17.689648,
    "a" : [
      [
        0.9159928,
        0.25617975,
        0.13160717
      ],
      [
        0.40532023,
        0.84934527,
        0.5044272
      ],
      [
        0.8446428,
        0.25633866,
        0.54719234
      ]
    ],
    "b" : [
      [
        0.5760762,
        0.41416854,
        0.5054777
      ],
      [
        0.7516791,
        0.84865075,
        0.84474725
      ],
      [
        0.93093085,
        0.24914229,
        0.92918146
      ]
    ],
    "h" : [
      0.10606974,
      0.10150033,
      0.56375206
    ],
    "m" : [
      0.1591371,
      0.20317465,
      0.14815265
    ],
    "mode" : "explicit",
    "r" : [
      0.22232333,
      0.41550803,
      0.7483831
    ],
    "s" : [
      0.15995987,
      0.036758736,
      0.05807606
    ],
    "w" : [
      [
        0.4920088,
        0.024282716,
        0.48072362
      ],
      [
        0.06778336,
        0.45906025,
        0.21356168
      ],
      [
        0.43661582,
        0.08792935,
        0.18581869
      ]
    ]
  },
  "profile" : "experimental",
  "reintegration" : {
    "border" : "wall",
    "dd" : 5,
    "sigma" : 0.65
  },
  "run" : {
    "steps" : 500
  }
}