{
  "centroids" : [
    [
      63.381382,
      63.27471
    ],
    [
      63.565575,
      63.228275
    ],
    [
      63.316998,
      63.425377
    ],
    [
      63.7527,
      63.53159
    ],
    [
      63.862976,
      63.42095
    ],
    [
      63.83272,
      63.834045
    ],
    [
      63.897083,
      63.901566
    ],
    [
      64.05043,
      63.996086
    ],
    [
      64.23477,
      64.22485
    ],
    [
      64.37959,
      64.41329
    ],
    [
      64.46624,
      64.48903
    ],
    [
      64.61575,
      64.67934
    ],
    [
      64.814125,
      64.738754
    ],
    [
      64.8712,
      65.00325
    ],
    [
      64.95434,
      65.15068
    ],
    [
      65.236435,
      65.28811
    ],
    [
      65.34858,
      65.441666
    ],
    [
      65.43743,
      65.531334
    ],
    [
      65.72054,
      65.86458
    ],
    [
      65.886696,
      66.04983
    ],
    [
      65.92648,
      66.23323
    ],
    [
      66.06455,
      66.27343
    ],
    [
      65.99177,
      66.46719
    ],
    [
      66.11789,
      66.543945
    ],
    [
      66.14158,
      66.648735
    ],
    [
      66.33805,
      66.71291
    ],
    [
      66.438,
      66.71853
    ],
    [
      66.51464,
      66.786194
    ],
    [
      66.580795,
      66.91508
    ],
    [
      66.702126,
      66.932465
    ],
    [
      66.760864,
      67.00831
    ],
    [
      66.866295,
      67.02448
    ],
    [
      66.92005,
      67.08994
    ],
    [
      66.91052,
      67.094574
    ],
    [
      66.98931,
      67.16339
    ],
    [
      67.1799,
      67.14327
    ]
  ],
  "fps" : 12,
  "frameCount" : 36,
  "framesPath" : "releases\/discovery-20260306-movers\/runs\/crossmap-motion-c001-s32\/8f36cd45-f348-4c57-bee9-b07fc5a54ae1\/frames.bin",
  "height" : 128,
  "palette" : "lenia-spectrum",
  "velocities" : [
    [
      0,
      0
    ],
    [
      0.18419266,
      -0.04643631
    ],
    [
      -0.24857712,
      0.1971016
    ],
    [
      0.43570328,
      0.106212616
    ],
    [
      0.11027527,
      -0.110637665
    ],
    [
      -0.030254364,
      0.41309357
    ],
    [
      0.06436157,
      0.06752014
    ],
    [
      0.15334702,
      0.09452057
    ],
    [
      0.18434143,
      0.2287674
    ],
    [
      0.14482117,
      0.18843842
    ],
    [
      0.08664703,
      0.075737
    ],
    [
      0.14951324,
      0.19030762
    ],
    [
      0.19837189,
      0.059417725
    ],
    [
      0.0570755,
      0.26449585
    ],
    [
      0.08313751,
      0.14743042
    ],
    [
      0.28209686,
      0.13742828
    ],
    [
      0.11214447,
      0.15355682
    ],
    [
      0.08885193,
      0.089668274
    ],
    [
      0.28311157,
      0.33324432
    ],
    [
      0.16615295,
      0.18524933
    ],
    [
      0.039787292,
      0.18340302
    ],
    [
      0.13806915,
      0.04019928
    ],
    [
      -0.072784424,
      0.19376373
    ],
    [
      0.12612152,
      0.07675171
    ],
    [
      0.02368927,
      0.104789734
    ],
    [
      0.19647217,
      0.06417847
    ],
    [
      0.0999527,
      0.0056152344
    ],
    [
      0.07663727,
      0.0676651
    ],
    [
      0.06615448,
      0.12888336
    ],
    [
      0.12133026,
      0.01738739
    ],
    [
      0.05873871,
      0.07584381
    ],
    [
      0.1054306,
      0.016174316
    ],
    [
      0.053756714,
      0.065460205
    ],
    [
      -0.009529114,
      0.0046310425
    ],
    [
      0.07878876,
      0.06881714
    ],
    [
      0.1905899,
      -0.020118713
    ]
  ],
  "width" : 128
}