{
  "backend" : "mlx",
  "beam_mutation" : {
    "enabled" : true,
    "patch_size" : 10,
    "probability" : 0.02,
    "seed" : 99,
    "std" : 0.1
  },
  "channels" : 1,
  "connectivity" : [
    [
      3
    ]
  ],
  "environment" : {
    "depth" : 2,
    "passage_width" : 6,
    "type" : "cross_map",
    "wall_thickness" : 3,
    "wall_value" : -10
  },
  "flow" : {
    "dt" : 0.2,
    "n" : 2,
    "theta_A" : 2
  },
  "grid" : {
    "sx" : 128,
    "sy" : 128
  },
  "implementation" : {
    "mode" : "paper"
  },
  "init" : {
    "a_uniform" : {
      "high" : 1,
      "low" : 0
    },
    "p_uniform" : {
      "high" : 1,
      "low" : 0
    },
    "patches" : [
      {
        "center" : [
          32,
          32
        ],
        "size" : 20
      },
      {
        "center" : [
          96,
          32
        ],
        "size" : 20
      },
      {
        "center" : [
          32,
          96
        ],
        "size" : 20
      },
      {
        "center" : [
          96,
          96
        ],
        "size" : 20
      }
    ],
    "seed" : 63
  },
  "interventions" : [

  ],
  "parameter_embedding" : {
    "enabled" : true,
    "mix" : "stoch_gene_wise",
    "mix_seed" : 42
  },
  "params" : {
    "R" : 12.614456,
    "a" : [
      [
        0.28200155,
        0.5964099,
        0.9186507
      ],
      [
        0.8419844,
        0.8991404,
        0.41092265
      ],
      [
        0.05791861,
        0.085116565,
        0.2552222
      ]
    ],
    "b" : [
      [
        0.529274,
        0.3558584,
        0.71813
      ],
      [
        0.9491015,
        0.07660067,
        0.75370014
      ],
      [
        0.41236252,
        0.8142335,
        0.57883215
      ]
    ],
    "h" : [
      0.9197953,
      0.35870713,
      0.028238952
    ],
    "m" : [
      0.053984556,
      0.28922942,
      0.3271352
    ],
    "mode" : "explicit",
    "r" : [
      0.73989856,
      0.5760408,
      0.31694174
    ],
    "s" : [
      0.111540005,
      0.102268405,
      0.134305
    ],
    "w" : [
      [
        0.38645586,
        0.2643808,
        0.3126869
      ],
      [
        0.20375763,
        0.21841027,
        0.13871224
      ],
      [
        0.2306019,
        0.41328412,
        0.14336547
      ]
    ]
  },
  "profile" : "experimental",
  "reintegration" : {
    "border" : "wall",
    "dd" : 5,
    "sigma" : 0.65
  },
  "run" : {
    "steps" : 500
  }
}