{
  "backend" : "mlx",
  "channels" : 1,
  "connectivity" : [
    [
      3
    ]
  ],
  "flow" : {
    "dt" : 0.2,
    "n" : 2,
    "theta_A" : 2
  },
  "grid" : {
    "sx" : 128,
    "sy" : 128
  },
  "implementation" : {
    "mode" : "paper"
  },
  "init" : {
    "a_uniform" : {
      "high" : 1,
      "low" : 0
    },
    "p_uniform" : {
      "high" : 1,
      "low" : 0
    },
    "patches" : [
      {
        "center" : [
          32,
          32
        ],
        "size" : 24
      },
      {
        "center" : [
          96,
          96
        ],
        "size" : 24
      }
    ],
    "seed" : 300186
  },
  "interventions" : [

  ],
  "parameter_embedding" : {
    "enabled" : true,
    "mix" : "stoch",
    "mix_seed" : 42
  },
  "params" : {
    "R" : 14.757083,
    "a" : [
      [
        0.73983705,
        0.2505082,
        0.028752625
      ],
      [
        0.63731456,
        0.803462,
        0.5300768
      ],
      [
        0.52863103,
        0.26304346,
        0.1458298
      ]
    ],
    "b" : [
      [
        0.41057497,
        0.03738582,
        0.2449249
      ],
      [
        0.5302379,
        0.7155657,
        0.2168662
      ],
      [
        0.75224066,
        0.1051985,
        0.5176296
      ]
    ],
    "h" : [
      0.7614553,
      0.68309635,
      0.102817714
    ],
    "m" : [
      0.4639046,
      0.3850724,
      0.36757335
    ],
    "mode" : "explicit",
    "r" : [
      0.6568774,
      0.7253576,
      0.45033073
    ],
    "s" : [
      0.1143515,
      0.07751574,
      0.058232218
    ],
    "w" : [
      [
        0.44294956,
        0.12180025,
        0.18452682
      ],
      [
        0.2964548,
        0.41156566,
        0.26316458
      ],
      [
        0.15930748,
        0.3242099,
        0.05985675
      ]
    ]
  },
  "profile" : "experimental",
  "reintegration" : {
    "border" : "torus",
    "dd" : 5,
    "sigma" : 0.65
  },
  "run" : {
    "steps" : 500
  }
}