{
  "centroids" : [
    [
      63.769867,
      63.751312
    ],
    [
      63.834423,
      63.790386
    ],
    [
      63.805984,
      63.746166
    ],
    [
      63.720196,
      63.620476
    ],
    [
      63.332283,
      63.212254
    ],
    [
      63.36178,
      63.266647
    ],
    [
      63.373898,
      63.29223
    ],
    [
      63.312355,
      63.307186
    ],
    [
      63.184425,
      63.2091
    ],
    [
      63.197056,
      63.252975
    ],
    [
      63.326786,
      63.327065
    ],
    [
      63.362858,
      63.3353
    ]
  ],
  "fps" : 10,
  "frameCount" : 12,
  "framesPath" : "releases\/qg-20260228-real-creatures\/runs\/qg-nnea-s300160\/a3b66631-f1d9-4bdb-8714-0a07a6edb4cf\/frames.bin",
  "height" : 128,
  "palette" : "lenia-spectrum",
  "velocities" : [
    [
      0,
      0
    ],
    [
      0.06455612,
      0.039073944
    ],
    [
      -0.028438568,
      -0.04421997
    ],
    [
      -0.08578873,
      -0.12569046
    ],
    [
      -0.38791275,
      -0.4082222
    ],
    [
      0.02949524,
      0.05439377
    ],
    [
      0.012119293,
      0.02558136
    ],
    [
      -0.06154251,
      0.014957428
    ],
    [
      -0.12792969,
      -0.09808731
    ],
    [
      0.012630463,
      0.043876648
    ],
    [
      0.12973022,
      0.07408905
    ],
    [
      0.036071777,
      0.008235931
    ]
  ],
  "width" : 128
}