{
  "centroids" : [
    [
      62.900932,
      62.7059
    ],
    [
      63.09675,
      62.977585
    ],
    [
      63.513,
      63.346336
    ],
    [
      63.633415,
      63.39808
    ],
    [
      63.95872,
      63.71282
    ],
    [
      63.921574,
      63.687084
    ],
    [
      63.85084,
      63.61006
    ],
    [
      63.83951,
      63.58805
    ],
    [
      63.715645,
      63.44584
    ],
    [
      63.73921,
      63.465477
    ],
    [
      63.770943,
      63.52344
    ],
    [
      63.86736,
      63.561687
    ]
  ],
  "fps" : 10,
  "frameCount" : 12,
  "framesPath" : "releases\/qg-20260228-real-creatures\/runs\/qg-nnea-s300000\/ee716d42-a72c-44b4-b7a5-c34b5c49aa33\/frames.bin",
  "height" : 128,
  "palette" : "lenia-spectrum",
  "velocities" : [
    [
      0,
      0
    ],
    [
      0.19581604,
      0.27168655
    ],
    [
      0.41625214,
      0.36875153
    ],
    [
      0.120414734,
      0.051742554
    ],
    [
      0.32530594,
      0.31473923
    ],
    [
      -0.037147522,
      -0.025733948
    ],
    [
      -0.07073212,
      -0.07702255
    ],
    [
      -0.011329651,
      -0.022010803
    ],
    [
      -0.123867035,
      -0.14221191
    ],
    [
      0.023563385,
      0.019638062
    ],
    [
      0.031734467,
      0.057964325
    ],
    [
      0.09641647,
      0.038246155
    ]
  ],
  "width" : 128
}