{
  "backend" : "mlx",
  "channels" : 1,
  "connectivity" : [
    [
      3
    ]
  ],
  "flow" : {
    "dt" : 0.2,
    "n" : 2,
    "theta_A" : 2
  },
  "grid" : {
    "sx" : 128,
    "sy" : 128
  },
  "implementation" : {
    "mode" : "paper"
  },
  "init" : {
    "a_uniform" : {
      "high" : 1,
      "low" : 0
    },
    "p_uniform" : {
      "high" : 1,
      "low" : 0
    },
    "patches" : [
      {
        "center" : [
          32,
          32
        ],
        "size" : 24
      },
      {
        "center" : [
          96,
          96
        ],
        "size" : 24
      }
    ],
    "seed" : 300176
  },
  "interventions" : [

  ],
  "parameter_embedding" : {
    "enabled" : true,
    "mix" : "stoch",
    "mix_seed" : 42
  },
  "params" : {
    "R" : 6.273339,
    "a" : [
      [
        0.71502113,
        0.13254541,
        0.028498828
      ],
      [
        0.9085051,
        0.7805221,
        0.03747481
      ],
      [
        0.8133974,
        0.92755586,
        0.78824514
      ]
    ],
    "b" : [
      [
        0.46175903,
        0.6759104,
        0.5277314
      ],
      [
        0.39296895,
        0.9622759,
        0.6069961
      ],
      [
        0.2308616,
        0.08935666,
        0.8107625
      ]
    ],
    "h" : [
      0.9246215,
      0.6436475,
      0.6735468
    ],
    "m" : [
      0.3223326,
      0.19461602,
      0.16950867
    ],
    "mode" : "explicit",
    "r" : [
      0.91349417,
      0.72282857,
      0.9921771
    ],
    "s" : [
      0.02808887,
      0.17767905,
      0.09037724
    ],
    "w" : [
      [
        0.18542966,
        0.37050256,
        0.082777075
      ],
      [
        0.17927164,
        0.47436005,
        0.4400051
      ],
      [
        0.07228247,
        0.24141599,
        0.3731447
      ]
    ]
  },
  "profile" : "experimental",
  "reintegration" : {
    "border" : "torus",
    "dd" : 5,
    "sigma" : 0.65
  },
  "run" : {
    "steps" : 500
  }
}