{
  "backend" : "mlx",
  "beam_mutation" : {
    "enabled" : true,
    "patch_size" : 10,
    "probability" : 0.02,
    "seed" : 99,
    "std" : 0.1
  },
  "channels" : 1,
  "connectivity" : [
    [
      3
    ]
  ],
  "environment" : {
    "depth" : 2,
    "passage_width" : 6,
    "type" : "cross_map",
    "wall_thickness" : 3,
    "wall_value" : -10
  },
  "flow" : {
    "dt" : 0.2,
    "n" : 2,
    "theta_A" : 2
  },
  "grid" : {
    "sx" : 128,
    "sy" : 128
  },
  "implementation" : {
    "mode" : "paper"
  },
  "init" : {
    "a_uniform" : {
      "high" : 1,
      "low" : 0
    },
    "p_uniform" : {
      "high" : 1,
      "low" : 0
    },
    "patches" : [
      {
        "center" : [
          32,
          32
        ],
        "size" : 20
      },
      {
        "center" : [
          96,
          32
        ],
        "size" : 20
      },
      {
        "center" : [
          32,
          96
        ],
        "size" : 20
      },
      {
        "center" : [
          96,
          96
        ],
        "size" : 20
      }
    ],
    "seed" : 90
  },
  "interventions" : [

  ],
  "parameter_embedding" : {
    "enabled" : true,
    "mix" : "stoch_gene_wise",
    "mix_seed" : 42
  },
  "params" : {
    "R" : 13.338323,
    "a" : [
      [
        0.91615826,
        0.672672,
        0.22593766
      ],
      [
        0.124114275,
        0.56927955,
        0.7622261
      ],
      [
        0.5992407,
        0.24277079,
        0.37661695
      ]
    ],
    "b" : [
      [
        0.08474606,
        0.07836586,
        0.14538741
      ],
      [
        0.10278553,
        0.01044637,
        0.35409182
      ],
      [
        0.62947,
        0.5245399,
        0.5248351
      ]
    ],
    "h" : [
      0.06472206,
      0.51128596,
      0.79561895
    ],
    "m" : [
      0.15124756,
      0.052932084,
      0.4920658
    ],
    "mode" : "explicit",
    "r" : [
      0.919651,
      0.97792673,
      0.4483861
    ],
    "s" : [
      0.16281262,
      0.079788685,
      0.013016435
    ],
    "w" : [
      [
        0.336726,
        0.16983506,
        0.34185594
      ],
      [
        0.2232716,
        0.48885342,
        0.1012178
      ],
      [
        0.03886106,
        0.47561434,
        0.28557178
      ]
    ]
  },
  "profile" : "experimental",
  "reintegration" : {
    "border" : "wall",
    "dd" : 5,
    "sigma" : 0.65
  },
  "run" : {
    "steps" : 500
  }
}