{
  "centroids" : [
    [
      63.155197,
      63.009655
    ],
    [
      63.072975,
      62.90956
    ],
    [
      63.008244,
      62.83409
    ],
    [
      62.97711,
      62.792023
    ],
    [
      63.08443,
      62.88096
    ],
    [
      63.202496,
      63.017033
    ],
    [
      63.23785,
      63.05779
    ],
    [
      63.21278,
      63.047012
    ],
    [
      63.248703,
      63.073082
    ],
    [
      63.245792,
      63.064816
    ],
    [
      63.23499,
      63.050182
    ],
    [
      63.2407,
      63.054153
    ]
  ],
  "fps" : 10,
  "frameCount" : 12,
  "framesPath" : "releases\/qg-20260228-real-creatures\/runs\/qg-nnea-s300064\/26724233-e91c-4db3-acbe-bc3f017e53d8\/frames.bin",
  "height" : 128,
  "palette" : "lenia-spectrum",
  "velocities" : [
    [
      0,
      0
    ],
    [
      -0.082221985,
      -0.10009384
    ],
    [
      -0.0647316,
      -0.07546997
    ],
    [
      -0.031131744,
      -0.04206848
    ],
    [
      0.10731888,
      0.08893585
    ],
    [
      0.11806488,
      0.13607407
    ],
    [
      0.035354614,
      0.040756226
    ],
    [
      -0.02507019,
      -0.01077652
    ],
    [
      0.035923004,
      0.026069641
    ],
    [
      -0.002910614,
      -0.008266449
    ],
    [
      -0.010803223,
      -0.014633179
    ],
    [
      0.005710602,
      0.0039711
    ]
  ],
  "width" : 128
}