{
  "centroids" : [
    [
      63.267803,
      63.42142
    ],
    [
      63.125637,
      63.36138
    ],
    [
      63.07237,
      63.38409
    ],
    [
      63.07109,
      63.390907
    ],
    [
      63.070393,
      63.329575
    ],
    [
      62.91749,
      63.397964
    ],
    [
      62.932865,
      63.383656
    ],
    [
      62.896275,
      63.34751
    ],
    [
      62.904495,
      63.324223
    ],
    [
      62.85683,
      63.393093
    ],
    [
      62.870308,
      63.397667
    ],
    [
      62.89343,
      63.41088
    ],
    [
      62.822895,
      63.394505
    ],
    [
      62.853394,
      63.35101
    ],
    [
      62.91179,
      63.167645
    ],
    [
      62.873623,
      63.119183
    ],
    [
      62.74186,
      63.108974
    ],
    [
      62.50709,
      63.101597
    ],
    [
      62.385597,
      63.256374
    ],
    [
      62.371532,
      63.311882
    ],
    [
      62.36049,
      63.349075
    ],
    [
      62.436638,
      63.34106
    ],
    [
      62.5204,
      63.267067
    ],
    [
      62.676872,
      63.189396
    ],
    [
      62.651585,
      63.195312
    ],
    [
      62.571796,
      63.14368
    ],
    [
      62.56987,
      63.14405
    ],
    [
      62.572495,
      63.15287
    ],
    [
      62.59178,
      63.174664
    ],
    [
      62.63182,
      63.192173
    ],
    [
      62.671097,
      63.19757
    ],
    [
      62.689865,
      63.217976
    ],
    [
      62.6678,
      63.2719
    ],
    [
      62.668964,
      63.31524
    ],
    [
      62.706295,
      63.327145
    ],
    [
      62.733494,
      63.327335
    ]
  ],
  "fps" : 12,
  "frameCount" : 36,
  "framesPath" : "releases\/orbium-like-20260307\/runs\/glider-family-luminous-spiral-4134-c000-s0\/ea3e7f84-5160-4def-afb9-e1d7bb2fd598\/frames.bin",
  "height" : 128,
  "palette" : "lenia-spectrum",
  "velocities" : [
    [
      0,
      0
    ],
    [
      -0.14216614,
      -0.06003952
    ],
    [
      -0.053268433,
      0.022708893
    ],
    [
      -0.0012779236,
      0.006816864
    ],
    [
      -0.0006980896,
      -0.061332703
    ],
    [
      -0.15290451,
      0.06838989
    ],
    [
      0.015377045,
      -0.014308929
    ],
    [
      -0.036590576,
      -0.036144257
    ],
    [
      0.008220673,
      -0.023288727
    ],
    [
      -0.047664642,
      0.068870544
    ],
    [
      0.013477325,
      0.004573822
    ],
    [
      0.02312088,
      0.013214111
    ],
    [
      -0.07053375,
      -0.016376495
    ],
    [
      0.030498505,
      -0.04349518
    ],
    [
      0.058395386,
      -0.18336487
    ],
    [
      -0.038166046,
      -0.048461914
    ],
    [
      -0.13176346,
      -0.01020813
    ],
    [
      -0.23476791,
      -0.0073776245
    ],
    [
      -0.12149429,
      0.15477753
    ],
    [
      -0.014064789,
      0.05550766
    ],
    [
      -0.011043549,
      0.0371933
    ],
    [
      0.07614899,
      -0.008014679
    ],
    [
      0.08376312,
      -0.07399368
    ],
    [
      0.15647125,
      -0.07767105
    ],
    [
      -0.025287628,
      0.0059165955
    ],
    [
      -0.07978821,
      -0.051631927
    ],
    [
      -0.0019264221,
      0.00037002563
    ],
    [
      0.0026245117,
      0.00881958
    ],
    [
      0.01928711,
      0.021793365
    ],
    [
      0.040039062,
      0.01750946
    ],
    [
      0.039276123,
      0.0053977966
    ],
    [
      0.01876831,
      0.020404816
    ],
    [
      -0.022064209,
      0.05392456
    ],
    [
      0.0011634827,
      0.043338776
    ],
    [
      0.037330627,
      0.01190567
    ],
    [
      0.027198792,
      0.00019073486
    ]
  ],
  "width" : 128
}