{
  "backend" : "mlx",
  "channels" : 1,
  "connectivity" : [
    [
      3
    ]
  ],
  "flow" : {
    "dt" : 0.2,
    "n" : 2,
    "theta_A" : 2
  },
  "grid" : {
    "sx" : 128,
    "sy" : 128
  },
  "implementation" : {
    "mode" : "paper"
  },
  "init" : {
    "a_uniform" : {
      "high" : 1,
      "low" : 0
    },
    "p_uniform" : {
      "high" : 1,
      "low" : 0
    },
    "patches" : [
      {
        "center" : [
          32,
          32
        ],
        "size" : 24
      },
      {
        "center" : [
          96,
          96
        ],
        "size" : 24
      }
    ],
    "seed" : 300146
  },
  "interventions" : [

  ],
  "parameter_embedding" : {
    "enabled" : true,
    "mix" : "stoch",
    "mix_seed" : 42
  },
  "params" : {
    "R" : 7.1990294,
    "a" : [
      [
        0.7538847,
        0.0014320016,
        0.52440417
      ],
      [
        0.22527677,
        0.79021764,
        0.94201916
      ],
      [
        0.7422769,
        0.64274895,
        0.46025753
      ]
    ],
    "b" : [
      [
        0.43898803,
        0.16862291,
        0.79003334
      ],
      [
        0.3130046,
        0.6599625,
        0.1855179
      ],
      [
        0.5173091,
        0.11107379,
        0.7560427
      ]
    ],
    "h" : [
      0.73017883,
      0.6717166,
      0.3548212
    ],
    "m" : [
      0.29175082,
      0.4724526,
      0.33442074
    ],
    "mode" : "explicit",
    "r" : [
      0.21453385,
      0.4467128,
      0.3450241
    ],
    "s" : [
      0.06724612,
      0.07540781,
      0.07777693
    ],
    "w" : [
      [
        0.029822474,
        0.33590636,
        0.30372378
      ],
      [
        0.22559705,
        0.1953102,
        0.43671286
      ],
      [
        0.36956552,
        0.15985528,
        0.49281436
      ]
    ]
  },
  "profile" : "experimental",
  "reintegration" : {
    "border" : "torus",
    "dd" : 5,
    "sigma" : 0.65
  },
  "run" : {
    "steps" : 500
  }
}