{
  "centroids" : [
    [
      63.026722,
      63.299232
    ],
    [
      62.952568,
      63.178555
    ],
    [
      63.178688,
      63.416836
    ],
    [
      63.11234,
      63.276943
    ],
    [
      63.06007,
      63.254
    ],
    [
      62.973904,
      63.200764
    ],
    [
      63.020134,
      63.250576
    ],
    [
      63.23009,
      63.494957
    ],
    [
      63.36746,
      63.632645
    ],
    [
      63.444824,
      63.69883
    ],
    [
      63.533222,
      63.811375
    ],
    [
      63.4688,
      63.769608
    ]
  ],
  "fps" : 10,
  "frameCount" : 12,
  "framesPath" : "releases\/qg-20260228-real-creatures\/runs\/qg-nnea-s300128\/19474859-c6de-435b-b1a7-b079ac463c11\/frames.bin",
  "height" : 128,
  "palette" : "lenia-spectrum",
  "velocities" : [
    [
      0,
      0
    ],
    [
      -0.0741539,
      -0.12067795
    ],
    [
      0.22612,
      0.23828125
    ],
    [
      -0.06634903,
      -0.13989258
    ],
    [
      -0.052268982,
      -0.02294159
    ],
    [
      -0.08616638,
      -0.053237915
    ],
    [
      0.046230316,
      0.049812317
    ],
    [
      0.20995712,
      0.24438095
    ],
    [
      0.13736725,
      0.13768768
    ],
    [
      0.077365875,
      0.066185
    ],
    [
      0.08839798,
      0.11254501
    ],
    [
      -0.06442261,
      -0.04176712
    ]
  ],
  "width" : 128
}