{
  "backend" : "mlx",
  "channels" : 1,
  "connectivity" : [
    [
      3
    ]
  ],
  "flow" : {
    "dt" : 0.2,
    "n" : 2,
    "theta_A" : 2
  },
  "grid" : {
    "sx" : 128,
    "sy" : 128
  },
  "implementation" : {
    "mode" : "paper"
  },
  "init" : {
    "a_uniform" : {
      "high" : 1,
      "low" : 0
    },
    "p_uniform" : {
      "high" : 1,
      "low" : 0
    },
    "patches" : [
      {
        "center" : [
          32,
          32
        ],
        "size" : 24
      },
      {
        "center" : [
          96,
          96
        ],
        "size" : 24
      }
    ],
    "seed" : 300209
  },
  "interventions" : [

  ],
  "parameter_embedding" : {
    "enabled" : true,
    "mix" : "stoch",
    "mix_seed" : 42
  },
  "params" : {
    "R" : 10.845629,
    "a" : [
      [
        0.9181065,
        0.82357997,
        0.40189052
      ],
      [
        0.30746233,
        0.78186214,
        0.7150393
      ],
      [
        0.6511356,
        0.22224027,
        0.45345384
      ]
    ],
    "b" : [
      [
        0.5847195,
        0.40042377,
        0.48846006
      ],
      [
        0.12321252,
        0.7490525,
        0.61532944
      ],
      [
        0.84427786,
        0.06658459,
        0.27705634
      ]
    ],
    "h" : [
      0.09428686,
      0.95132136,
      0.4050312
    ],
    "m" : [
      0.13653514,
      0.20965262,
      0.38050228
    ],
    "mode" : "explicit",
    "r" : [
      0.4769647,
      0.6624662,
      0.64680403
    ],
    "s" : [
      0.081047505,
      0.08577503,
      0.17508145
    ],
    "w" : [
      [
        0.11273231,
        0.1583374,
        0.28673595
      ],
      [
        0.013433081,
        0.34754932,
        0.10332994
      ],
      [
        0.40629575,
        0.3074618,
        0.26212707
      ]
    ]
  },
  "profile" : "experimental",
  "reintegration" : {
    "border" : "torus",
    "dd" : 5,
    "sigma" : 0.65
  },
  "run" : {
    "steps" : 500
  }
}