{
  "backend" : "mlx",
  "channels" : 1,
  "connectivity" : [
    [
      3
    ]
  ],
  "flow" : {
    "dt" : 0.2,
    "n" : 2,
    "theta_A" : 2
  },
  "grid" : {
    "sx" : 128,
    "sy" : 128
  },
  "implementation" : {
    "mode" : "paper"
  },
  "init" : {
    "a_uniform" : {
      "high" : 1,
      "low" : 0
    },
    "p_uniform" : {
      "high" : 1,
      "low" : 0
    },
    "patches" : [
      {
        "center" : [
          32,
          32
        ],
        "size" : 24
      },
      {
        "center" : [
          96,
          96
        ],
        "size" : 24
      }
    ],
    "seed" : 300198
  },
  "interventions" : [

  ],
  "parameter_embedding" : {
    "enabled" : true,
    "mix" : "stoch",
    "mix_seed" : 42
  },
  "params" : {
    "R" : 5.8740425,
    "a" : [
      [
        0.9163672,
        0.14402723,
        0.06053251
      ],
      [
        0.5193283,
        0.6805826,
        0.6704122
      ],
      [
        0.73989224,
        0.05712408,
        0.09571856
      ]
    ],
    "b" : [
      [
        0.24244404,
        0.4242127,
        0.7889842
      ],
      [
        0.7367512,
        0.08116424,
        0.90527165
      ],
      [
        0.839017,
        0.5165583,
        0.8921187
      ]
    ],
    "h" : [
      0.89263535,
      0.7867237,
      0.36595404
    ],
    "m" : [
      0.40970096,
      0.37491944,
      0.2081131
    ],
    "mode" : "explicit",
    "r" : [
      0.6626152,
      0.32678667,
      0.4685874
    ],
    "s" : [
      0.06926214,
      0.17909187,
      0.06495689
    ],
    "w" : [
      [
        0.122282036,
        0.14516625,
        0.17241482
      ],
      [
        0.014755774,
        0.4020596,
        0.14676794
      ],
      [
        0.043260776,
        0.09893641,
        0.2556012
      ]
    ]
  },
  "profile" : "experimental",
  "reintegration" : {
    "border" : "torus",
    "dd" : 5,
    "sigma" : 0.65
  },
  "run" : {
    "steps" : 500
  }
}