{
  "centroids" : [
    [
      63.143906,
      63.392708
    ],
    [
      63.18984,
      63.439644
    ],
    [
      63.333603,
      63.391865
    ],
    [
      63.237175,
      63.41547
    ],
    [
      63.34659,
      63.347263
    ],
    [
      63.287323,
      63.42957
    ],
    [
      63.348595,
      63.377193
    ],
    [
      63.326103,
      63.25664
    ],
    [
      63.25394,
      63.305634
    ],
    [
      63.280094,
      63.320797
    ],
    [
      63.276733,
      63.40877
    ],
    [
      63.304222,
      63.40592
    ],
    [
      63.297634,
      63.44064
    ],
    [
      63.305088,
      63.464466
    ],
    [
      63.403988,
      63.468628
    ],
    [
      63.582897,
      63.44453
    ],
    [
      63.698967,
      63.48734
    ],
    [
      63.547764,
      63.866936
    ],
    [
      63.65169,
      63.950542
    ],
    [
      63.760906,
      64.06633
    ],
    [
      63.817482,
      64.11378
    ],
    [
      63.783916,
      64.214035
    ],
    [
      63.737133,
      64.22239
    ],
    [
      63.776478,
      64.245544
    ],
    [
      63.759624,
      64.312935
    ],
    [
      63.727722,
      64.223755
    ],
    [
      63.635075,
      64.14584
    ],
    [
      63.66255,
      64.1751
    ],
    [
      63.669235,
      64.18231
    ],
    [
      63.72314,
      64.19677
    ],
    [
      63.756233,
      64.12657
    ],
    [
      63.756275,
      64.20763
    ],
    [
      63.772038,
      64.185905
    ],
    [
      63.855164,
      64.0664
    ],
    [
      63.87051,
      64.03048
    ],
    [
      63.78701,
      64.10364
    ]
  ],
  "fps" : 12,
  "frameCount" : 36,
  "framesPath" : "releases\/orbium-like-20260307\/runs\/glider-family-luminous-spiral-4134-c000-s0\/80b254bf-df1c-44d8-a8fe-622cbae44eeb\/frames.bin",
  "height" : 128,
  "palette" : "lenia-spectrum",
  "velocities" : [
    [
      0,
      0
    ],
    [
      0.04593277,
      0.046936035
    ],
    [
      0.1437645,
      -0.047779083
    ],
    [
      -0.09642792,
      0.023605347
    ],
    [
      0.10941315,
      -0.06820679
    ],
    [
      -0.059265137,
      0.08230591
    ],
    [
      0.061271667,
      -0.052375793
    ],
    [
      -0.022491455,
      -0.12055206
    ],
    [
      -0.07216263,
      0.048992157
    ],
    [
      0.026153564,
      0.015163422
    ],
    [
      -0.0033607483,
      0.08797455
    ],
    [
      0.027488708,
      -0.0028533936
    ],
    [
      -0.006587982,
      0.034721375
    ],
    [
      0.0074539185,
      0.0238266
    ],
    [
      0.09889984,
      0.0041618347
    ],
    [
      0.1789093,
      -0.024097443
    ],
    [
      0.11606979,
      0.042808533
    ],
    [
      -0.15120316,
      0.3795967
    ],
    [
      0.10392761,
      0.08360672
    ],
    [
      0.10921478,
      0.115787506
    ],
    [
      0.056575775,
      0.047447205
    ],
    [
      -0.03356552,
      0.10025787
    ],
    [
      -0.046783447,
      0.008354187
    ],
    [
      0.039344788,
      0.023155212
    ],
    [
      -0.016853333,
      0.06739044
    ],
    [
      -0.031902313,
      -0.08917999
    ],
    [
      -0.09264755,
      -0.07791138
    ],
    [
      0.027477264,
      0.029258728
    ],
    [
      0.0066833496,
      0.007209778
    ],
    [
      0.053905487,
      0.014457703
    ],
    [
      0.0330925,
      -0.07019806
    ],
    [
      4.196167e-05,
      0.08105469
    ],
    [
      0.01576233,
      -0.021720886
    ],
    [
      0.08312607,
      -0.119506836
    ],
    [
      0.015346527,
      -0.03591919
    ],
    [
      -0.08349991,
      0.073158264
    ]
  ],
  "width" : 128
}