{
  "backend" : "mlx",
  "channels" : 1,
  "connectivity" : [
    [
      3
    ]
  ],
  "flow" : {
    "dt" : 0.2,
    "n" : 2,
    "theta_A" : 2
  },
  "grid" : {
    "sx" : 128,
    "sy" : 128
  },
  "implementation" : {
    "mode" : "paper"
  },
  "init" : {
    "a_uniform" : {
      "high" : 1,
      "low" : 0
    },
    "p_uniform" : {
      "high" : 1,
      "low" : 0
    },
    "patches" : [
      {
        "center" : [
          32,
          32
        ],
        "size" : 24
      },
      {
        "center" : [
          96,
          96
        ],
        "size" : 24
      }
    ],
    "seed" : 300062
  },
  "interventions" : [

  ],
  "parameter_embedding" : {
    "enabled" : true,
    "mix" : "stoch",
    "mix_seed" : 42
  },
  "params" : {
    "R" : 8.866258,
    "a" : [
      [
        0.43834513,
        0.418068,
        0.6416865
      ],
      [
        0.3181064,
        0.62016994,
        0.6331868
      ],
      [
        0.7688601,
        0.5909782,
        0.30141693
      ]
    ],
    "b" : [
      [
        0.40895152,
        0.93586576,
        0.5516537
      ],
      [
        0.56358343,
        0.26213968,
        0.82698405
      ],
      [
        0.20973921,
        0.8010143,
        0.702264
      ]
    ],
    "h" : [
      0.53304064,
      0.0013895631,
      0.88293517
    ],
    "m" : [
      0.3905663,
      0.0975962,
      0.19925897
    ],
    "mode" : "explicit",
    "r" : [
      0.82905793,
      0.32256526,
      0.4196712
    ],
    "s" : [
      0.058958758,
      0.023126755,
      0.13600618
    ],
    "w" : [
      [
        0.25313693,
        0.1369497,
        0.10881207
      ],
      [
        0.45332298,
        0.13621084,
        0.49372715
      ],
      [
        0.0629688,
        0.33180022,
        0.47840446
      ]
    ]
  },
  "profile" : "experimental",
  "reintegration" : {
    "border" : "torus",
    "dd" : 5,
    "sigma" : 0.65
  },
  "run" : {
    "steps" : 500
  }
}