{
  "centroids" : [
    [
      64.08413,
      63.978504
    ],
    [
      64.05244,
      63.839695
    ],
    [
      63.70897,
      63.470596
    ],
    [
      64.056885,
      63.78143
    ],
    [
      63.682648,
      63.44371
    ],
    [
      63.809803,
      63.56588
    ],
    [
      63.882423,
      63.65463
    ],
    [
      64.10933,
      63.902794
    ],
    [
      63.618553,
      63.390064
    ],
    [
      63.57449,
      63.306072
    ],
    [
      63.744957,
      63.529655
    ],
    [
      63.847294,
      63.64832
    ]
  ],
  "fps" : 10,
  "frameCount" : 12,
  "framesPath" : "releases\/qg-20260228-real-creatures\/runs\/qg-nnea-s300032\/22b28efe-d436-41ac-8e93-3ba12ca00a91\/frames.bin",
  "height" : 128,
  "palette" : "lenia-spectrum",
  "velocities" : [
    [
      0,
      0
    ],
    [
      -0.031692505,
      -0.1388092
    ],
    [
      -0.3434677,
      -0.36909866
    ],
    [
      0.34791565,
      0.31083298
    ],
    [
      -0.37423706,
      -0.33771896
    ],
    [
      0.1271553,
      0.122169495
    ],
    [
      0.07262039,
      0.08874893
    ],
    [
      0.22690582,
      0.24816513
    ],
    [
      -0.49077606,
      -0.51272964
    ],
    [
      -0.044063568,
      -0.083992004
    ],
    [
      0.17046738,
      0.22358322
    ],
    [
      0.10233688,
      0.11866379
    ]
  ],
  "width" : 128
}