{
  "centroids" : [
    [
      63.44172,
      63.395737
    ],
    [
      63.60232,
      63.71828
    ],
    [
      63.28083,
      63.371155
    ],
    [
      63.33115,
      63.491894
    ],
    [
      63.479816,
      63.583637
    ],
    [
      63.036396,
      63.148937
    ],
    [
      62.998367,
      63.103737
    ],
    [
      63.01223,
      63.181904
    ],
    [
      62.85666,
      63.00205
    ],
    [
      62.584953,
      62.742416
    ],
    [
      62.62576,
      62.808224
    ],
    [
      62.667076,
      62.82085
    ]
  ],
  "fps" : 10,
  "frameCount" : 12,
  "framesPath" : "releases\/qg-20260228-real-creatures\/runs\/qg-nnea-s300064\/b04c2bd2-5021-4bfa-b581-0e60a98dd31b\/frames.bin",
  "height" : 128,
  "palette" : "lenia-spectrum",
  "velocities" : [
    [
      0,
      0
    ],
    [
      0.16060257,
      0.3225441
    ],
    [
      -0.32149124,
      -0.347126
    ],
    [
      0.05031967,
      0.12073898
    ],
    [
      0.14866638,
      0.09174347
    ],
    [
      -0.4434204,
      -0.4347
    ],
    [
      -0.038028717,
      -0.045200348
    ],
    [
      0.01386261,
      0.07816696
    ],
    [
      -0.15557098,
      -0.17985535
    ],
    [
      -0.27170563,
      -0.2596321
    ],
    [
      0.040805817,
      0.06580734
    ],
    [
      0.041316986,
      0.012626648
    ]
  ],
  "width" : 128
}