{
  "backend" : "mlx",
  "beam_mutation" : {
    "enabled" : true,
    "patch_size" : 10,
    "probability" : 0.02,
    "seed" : 99,
    "std" : 0.1
  },
  "channels" : 1,
  "connectivity" : [
    [
      3
    ]
  ],
  "environment" : {
    "depth" : 2,
    "passage_width" : 6,
    "type" : "cross_map",
    "wall_thickness" : 3,
    "wall_value" : -10
  },
  "flow" : {
    "dt" : 0.2,
    "n" : 2,
    "theta_A" : 2
  },
  "grid" : {
    "sx" : 128,
    "sy" : 128
  },
  "implementation" : {
    "mode" : "paper"
  },
  "init" : {
    "a_uniform" : {
      "high" : 1,
      "low" : 0
    },
    "p_uniform" : {
      "high" : 1,
      "low" : 0
    },
    "patches" : [
      {
        "center" : [
          32,
          32
        ],
        "size" : 20
      },
      {
        "center" : [
          96,
          32
        ],
        "size" : 20
      },
      {
        "center" : [
          32,
          96
        ],
        "size" : 20
      },
      {
        "center" : [
          96,
          96
        ],
        "size" : 20
      }
    ],
    "seed" : 69
  },
  "interventions" : [

  ],
  "parameter_embedding" : {
    "enabled" : true,
    "mix" : "stoch_gene_wise",
    "mix_seed" : 42
  },
  "params" : {
    "R" : 16.068989,
    "a" : [
      [
        0.826261,
        0.07947856,
        0.18423218
      ],
      [
        0.2992047,
        0.85352623,
        0.1127643
      ],
      [
        0.5291978,
        0.27392042,
        0.20492625
      ]
    ],
    "b" : [
      [
        0.5382941,
        0.8012195,
        0.8539926
      ],
      [
        0.14998764,
        0.44146585,
        0.62927634
      ],
      [
        0.17673767,
        0.3053345,
        0.41278708
      ]
    ],
    "h" : [
      0.6133209,
      0.99657744,
      0.15041786
    ],
    "m" : [
      0.22330058,
      0.4547337,
      0.34557018
    ],
    "mode" : "explicit",
    "r" : [
      0.63496286,
      0.87786615,
      0.95360947
    ],
    "s" : [
      0.026926696,
      0.041013677,
      0.0071281176
    ],
    "w" : [
      [
        0.07970469,
        0.42243436,
        0.458681
      ],
      [
        0.3144905,
        0.08274393,
        0.23115245
      ],
      [
        0.2602033,
        0.031987887,
        0.30456674
      ]
    ]
  },
  "profile" : "experimental",
  "reintegration" : {
    "border" : "wall",
    "dd" : 5,
    "sigma" : 0.65
  },
  "run" : {
    "steps" : 500
  }
}