{
  "centroids" : [
    [
      63.45621,
      63.459766
    ],
    [
      63.506794,
      63.771187
    ],
    [
      63.78175,
      63.96698
    ],
    [
      63.86231,
      64.345116
    ],
    [
      64.18284,
      64.54363
    ],
    [
      64.26112,
      64.89242
    ],
    [
      64.61066,
      64.86081
    ],
    [
      64.62709,
      65.07609
    ],
    [
      64.96183,
      65.288666
    ],
    [
      65.08462,
      65.49443
    ],
    [
      65.133255,
      65.797646
    ],
    [
      65.45711,
      65.9226
    ],
    [
      65.57306,
      66.09493
    ],
    [
      65.775406,
      66.26023
    ],
    [
      65.79114,
      66.462845
    ],
    [
      65.98105,
      66.539024
    ],
    [
      66.11571,
      66.61631
    ],
    [
      66.18932,
      66.71373
    ],
    [
      66.41895,
      66.94303
    ],
    [
      66.522125,
      66.893845
    ],
    [
      66.50751,
      67.11168
    ],
    [
      66.58973,
      67.15534
    ],
    [
      66.640564,
      67.27916
    ],
    [
      66.718,
      67.35891
    ],
    [
      66.76263,
      67.427086
    ],
    [
      66.84626,
      67.51101
    ],
    [
      66.890656,
      67.56209
    ],
    [
      67.01727,
      67.62921
    ],
    [
      67.07246,
      67.71537
    ],
    [
      67.159134,
      67.76703
    ],
    [
      67.16898,
      67.88212
    ],
    [
      67.296974,
      67.88883
    ],
    [
      67.37633,
      67.95154
    ],
    [
      67.42135,
      67.938644
    ],
    [
      67.48024,
      68.03291
    ],
    [
      67.47523,
      68.088356
    ]
  ],
  "fps" : 12,
  "frameCount" : 36,
  "framesPath" : "releases\/discovery-20260306-movers\/runs\/crossmap-motion-c002-s64\/eba31652-5471-4588-a0ee-27ce5650c1c5\/frames.bin",
  "height" : 128,
  "palette" : "lenia-spectrum",
  "velocities" : [
    [
      0,
      0
    ],
    [
      0.050582886,
      0.31142044
    ],
    [
      0.27495575,
      0.19579315
    ],
    [
      0.08055878,
      0.37813568
    ],
    [
      0.32052994,
      0.19851685
    ],
    [
      0.07828522,
      0.3487854
    ],
    [
      0.34953308,
      -0.03160858
    ],
    [
      0.016433716,
      0.21527863
    ],
    [
      0.33473969,
      0.21257782
    ],
    [
      0.122787476,
      0.20576477
    ],
    [
      0.04863739,
      0.30321503
    ],
    [
      0.32385254,
      0.12495422
    ],
    [
      0.11595154,
      0.17233276
    ],
    [
      0.2023468,
      0.16529846
    ],
    [
      0.015731812,
      0.20261383
    ],
    [
      0.18991089,
      0.076179504
    ],
    [
      0.13465881,
      0.07728577
    ],
    [
      0.07361603,
      0.09741974
    ],
    [
      0.22962952,
      0.22930145
    ],
    [
      0.1031723,
      -0.049186707
    ],
    [
      -0.01461792,
      0.21783447
    ],
    [
      0.082221985,
      0.043663025
    ],
    [
      0.050834656,
      0.123817444
    ],
    [
      0.077438354,
      0.07975006
    ],
    [
      0.04462433,
      0.06817627
    ],
    [
      0.08363342,
      0.08392334
    ],
    [
      0.044395447,
      0.051078796
    ],
    [
      0.12661743,
      0.06712341
    ],
    [
      0.05518341,
      0.08615875
    ],
    [
      0.08667755,
      0.05165863
    ],
    [
      0.009849548,
      0.11508942
    ],
    [
      0.12799072,
      0.006713867
    ],
    [
      0.07935333,
      0.06270599
    ],
    [
      0.045021057,
      -0.012893677
    ],
    [
      0.058891296,
      0.0942688
    ],
    [
      -0.005012512,
      0.05544281
    ]
  ],
  "width" : 128
}