{
  "backend" : "mlx",
  "channels" : 1,
  "connectivity" : [
    [
      3
    ]
  ],
  "flow" : {
    "dt" : 0.2,
    "n" : 2,
    "theta_A" : 2
  },
  "grid" : {
    "sx" : 128,
    "sy" : 128
  },
  "implementation" : {
    "mode" : "paper"
  },
  "init" : {
    "a_uniform" : {
      "high" : 1,
      "low" : 0
    },
    "p_uniform" : {
      "high" : 1,
      "low" : 0
    },
    "patches" : [
      {
        "center" : [
          32,
          32
        ],
        "size" : 24
      },
      {
        "center" : [
          96,
          96
        ],
        "size" : 24
      }
    ],
    "seed" : 300021
  },
  "interventions" : [

  ],
  "parameter_embedding" : {
    "enabled" : true,
    "mix" : "stoch",
    "mix_seed" : 42
  },
  "params" : {
    "R" : 12.222247,
    "a" : [
      [
        0.9919485,
        0.65577334,
        0.32275403
      ],
      [
        0.183765,
        0.51128525,
        0.88461226
      ],
      [
        0.69636804,
        0.076426506,
        0.6004814
      ]
    ],
    "b" : [
      [
        0.25989467,
        0.061248302,
        0.6600805
      ],
      [
        0.021690965,
        0.9695974,
        0.29781365
      ],
      [
        0.20947152,
        0.47259498,
        0.63320315
      ]
    ],
    "h" : [
      0.28899086,
      0.63518924,
      0.18387532
    ],
    "m" : [
      0.4176302,
      0.26930708,
      0.27155462
    ],
    "mode" : "explicit",
    "r" : [
      0.5719313,
      0.8851326,
      0.53096366
    ],
    "s" : [
      0.11272816,
      0.02218977,
      0.18254434
    ],
    "w" : [
      [
        0.24393402,
        0.49334726,
        0.32881522
      ],
      [
        0.23988126,
        0.21223223,
        0.4316606
      ],
      [
        0.10872165,
        0.41586146,
        0.14473034
      ]
    ]
  },
  "profile" : "experimental",
  "reintegration" : {
    "border" : "torus",
    "dd" : 5,
    "sigma" : 0.65
  },
  "run" : {
    "steps" : 500
  }
}