{
  "centroids" : [
    [
      64.00948,
      64.17216
    ],
    [
      63.964756,
      64.1758
    ],
    [
      64.122345,
      64.25631
    ],
    [
      64.01154,
      64.21292
    ],
    [
      64.12448,
      64.286026
    ],
    [
      64.27889,
      64.469406
    ],
    [
      64.172874,
      64.39737
    ],
    [
      64.0604,
      64.340485
    ],
    [
      64.03428,
      64.32675
    ],
    [
      63.92028,
      64.21501
    ],
    [
      63.948208,
      64.22135
    ],
    [
      63.85805,
      64.13231
    ]
  ],
  "fps" : 10,
  "frameCount" : 12,
  "framesPath" : "releases\/qg-20260228-real-creatures\/runs\/qg-nnea-s300000\/1c7140da-1578-4efb-8819-c7c5491ca245\/frames.bin",
  "height" : 128,
  "palette" : "lenia-spectrum",
  "velocities" : [
    [
      0,
      0
    ],
    [
      -0.044727325,
      0.0036392212
    ],
    [
      0.15758896,
      0.080513
    ],
    [
      -0.1108017,
      -0.043388367
    ],
    [
      0.11293793,
      0.07310486
    ],
    [
      0.15441132,
      0.18338013
    ],
    [
      -0.10601807,
      -0.07203674
    ],
    [
      -0.112472534,
      -0.056884766
    ],
    [
      -0.026123047,
      -0.01373291
    ],
    [
      -0.11399841,
      -0.11174011
    ],
    [
      0.027927399,
      0.006340027
    ],
    [
      -0.090156555,
      -0.08904266
    ]
  ],
  "width" : 128
}