{
  "backend" : "mlx",
  "channels" : 1,
  "connectivity" : [
    [
      3
    ]
  ],
  "flow" : {
    "dt" : 0.2,
    "n" : 2,
    "theta_A" : 2
  },
  "grid" : {
    "sx" : 128,
    "sy" : 128
  },
  "implementation" : {
    "mode" : "paper"
  },
  "init" : {
    "a_uniform" : {
      "high" : 1,
      "low" : 0
    },
    "p_uniform" : {
      "high" : 1,
      "low" : 0
    },
    "patches" : [
      {
        "center" : [
          32,
          32
        ],
        "size" : 24
      },
      {
        "center" : [
          96,
          96
        ],
        "size" : 24
      }
    ],
    "seed" : 300091
  },
  "interventions" : [

  ],
  "parameter_embedding" : {
    "enabled" : true,
    "mix" : "stoch",
    "mix_seed" : 42
  },
  "params" : {
    "R" : 14.319742,
    "a" : [
      [
        0.2604496,
        0.56224436,
        0.80732083
      ],
      [
        0.5907982,
        0.14942068,
        0.28050774
      ],
      [
        0.7098134,
        0.7692814,
        0.96062213
      ]
    ],
    "b" : [
      [
        0.7620175,
        0.037394345,
        0.39968902
      ],
      [
        0.87067705,
        0.34482205,
        0.8454687
      ],
      [
        0.118073225,
        0.73989147,
        0.38412082
      ]
    ],
    "h" : [
      0.44008273,
      0.45372075,
      0.5819137
    ],
    "m" : [
      0.19088185,
      0.15629135,
      0.16885334
    ],
    "mode" : "explicit",
    "r" : [
      0.6255874,
      0.85827625,
      0.72647023
    ],
    "s" : [
      0.07992251,
      0.044772923,
      0.10346105
    ],
    "w" : [
      [
        0.47471634,
        0.4098505,
        0.38879952
      ],
      [
        0.49168512,
        0.34875137,
        0.35630468
      ],
      [
        0.14139095,
        0.1421149,
        0.38104385
      ]
    ]
  },
  "profile" : "experimental",
  "reintegration" : {
    "border" : "torus",
    "dd" : 5,
    "sigma" : 0.65
  },
  "run" : {
    "steps" : 500
  }
}