{
  "centroids" : [
    [
      63.185917,
      62.92298
    ],
    [
      63.30092,
      62.99011
    ],
    [
      63.261467,
      62.97571
    ],
    [
      63.52559,
      63.282303
    ],
    [
      63.656803,
      63.434258
    ],
    [
      63.862026,
      63.737095
    ],
    [
      63.93827,
      63.71115
    ],
    [
      63.87758,
      63.57467
    ],
    [
      63.835163,
      63.47248
    ],
    [
      63.875828,
      63.71959
    ],
    [
      63.77822,
      63.650547
    ],
    [
      63.822422,
      63.672333
    ]
  ],
  "fps" : 10,
  "frameCount" : 12,
  "framesPath" : "releases\/qg-20260228-real-creatures\/runs\/qg-nnea-s300064\/1087d49e-bca4-48f0-b758-ec5ec1b9ab22\/frames.bin",
  "height" : 128,
  "palette" : "lenia-spectrum",
  "velocities" : [
    [
      0,
      0
    ],
    [
      0.11500168,
      0.06712723
    ],
    [
      -0.0394516,
      -0.0143966675
    ],
    [
      0.264122,
      0.30659103
    ],
    [
      0.13121414,
      0.15195465
    ],
    [
      0.20522308,
      0.30283737
    ],
    [
      0.076244354,
      -0.025943756
    ],
    [
      -0.060691833,
      -0.13648224
    ],
    [
      -0.04241562,
      -0.10218811
    ],
    [
      0.040664673,
      0.24710846
    ],
    [
      -0.09760666,
      -0.069042206
    ],
    [
      0.044200897,
      0.021785736
    ]
  ],
  "width" : 128
}