{
  "backend" : "mlx",
  "channels" : 1,
  "connectivity" : [
    [
      3
    ]
  ],
  "flow" : {
    "dt" : 0.2,
    "n" : 2,
    "theta_A" : 2
  },
  "grid" : {
    "sx" : 128,
    "sy" : 128
  },
  "implementation" : {
    "mode" : "paper"
  },
  "init" : {
    "a_uniform" : {
      "high" : 1,
      "low" : 0
    },
    "p_uniform" : {
      "high" : 1,
      "low" : 0
    },
    "patches" : [
      {
        "center" : [
          32,
          32
        ],
        "size" : 24
      },
      {
        "center" : [
          96,
          96
        ],
        "size" : 24
      }
    ],
    "seed" : 300103
  },
  "interventions" : [

  ],
  "parameter_embedding" : {
    "enabled" : true,
    "mix" : "stoch",
    "mix_seed" : 42
  },
  "params" : {
    "R" : 11.949085,
    "a" : [
      [
        0.58111614,
        0.61842006,
        0.6704433
      ],
      [
        0.6291174,
        0.6947235,
        0.4993676
      ],
      [
        0.46566564,
        0.81695,
        0.17924803
      ]
    ],
    "b" : [
      [
        0.30118275,
        0.43376333,
        0.46707827
      ],
      [
        0.8223785,
        0.40851164,
        0.61029285
      ],
      [
        0.74712837,
        0.07968545,
        0.54941535
      ]
    ],
    "h" : [
      0.28103262,
      0.5257237,
      0.02266717
    ],
    "m" : [
      0.09501165,
      0.4644184,
      0.3939795
    ],
    "mode" : "explicit",
    "r" : [
      0.4883368,
      0.5873337,
      0.63376904
    ],
    "s" : [
      0.09631349,
      0.13449125,
      0.04611783
    ],
    "w" : [
      [
        0.08888583,
        0.27992445,
        0.018860716
      ],
      [
        0.32273632,
        0.40002537,
        0.045046277
      ],
      [
        0.40645498,
        0.010169542,
        0.46489927
      ]
    ]
  },
  "profile" : "experimental",
  "reintegration" : {
    "border" : "torus",
    "dd" : 5,
    "sigma" : 0.65
  },
  "run" : {
    "steps" : 500
  }
}