{
  "centroids" : [
    [
      63.599785,
      63.360233
    ],
    [
      63.18672,
      62.91292
    ],
    [
      63.405323,
      63.14743
    ],
    [
      63.35122,
      63.111717
    ],
    [
      63.65498,
      63.3735
    ],
    [
      63.606213,
      63.376293
    ],
    [
      63.62801,
      63.366745
    ],
    [
      63.651527,
      63.43239
    ],
    [
      63.644535,
      63.42291
    ],
    [
      63.68264,
      63.43978
    ],
    [
      63.67999,
      63.404377
    ],
    [
      63.68902,
      63.418724
    ]
  ],
  "fps" : 10,
  "frameCount" : 12,
  "framesPath" : "releases\/qg-20260228-real-creatures\/runs\/qg-nnea-s300096\/6cb2edd6-cc7a-4152-b4d2-eae166dc03ba\/frames.bin",
  "height" : 128,
  "palette" : "lenia-spectrum",
  "velocities" : [
    [
      0,
      0
    ],
    [
      -0.41306305,
      -0.4473114
    ],
    [
      0.21860123,
      0.23450851
    ],
    [
      -0.05410385,
      -0.035713196
    ],
    [
      0.30376053,
      0.2617836
    ],
    [
      -0.04876709,
      0.0027923584
    ],
    [
      0.02179718,
      -0.009548187
    ],
    [
      0.023517609,
      0.06564331
    ],
    [
      -0.00699234,
      -0.009479523
    ],
    [
      0.03810501,
      0.016872406
    ],
    [
      -0.0026512146,
      -0.035404205
    ],
    [
      0.009029388,
      0.014347076
    ]
  ],
  "width" : 128
}