{
  "backend" : "mlx",
  "channels" : 1,
  "connectivity" : [
    [
      3
    ]
  ],
  "flow" : {
    "dt" : 0.2,
    "n" : 2,
    "theta_A" : 2
  },
  "grid" : {
    "sx" : 128,
    "sy" : 128
  },
  "implementation" : {
    "mode" : "paper"
  },
  "init" : {
    "a_uniform" : {
      "high" : 1,
      "low" : 0
    },
    "p_uniform" : {
      "high" : 1,
      "low" : 0
    },
    "patches" : [
      {
        "center" : [
          32,
          32
        ],
        "size" : 24
      },
      {
        "center" : [
          96,
          96
        ],
        "size" : 24
      }
    ],
    "seed" : 300110
  },
  "interventions" : [

  ],
  "parameter_embedding" : {
    "enabled" : true,
    "mix" : "stoch",
    "mix_seed" : 42
  },
  "params" : {
    "R" : 10.126432,
    "a" : [
      [
        0.32836896,
        0.9839124,
        0.41374373
      ],
      [
        0.5039072,
        0.37552446,
        0.29049134
      ],
      [
        0.87024736,
        0.42968112,
        0.23764503
      ]
    ],
    "b" : [
      [
        0.83561146,
        0.14495367,
        0.7023608
      ],
      [
        0.26940036,
        0.9417176,
        0.7847944
      ],
      [
        0.8231829,
        0.46951038,
        0.94975233
      ]
    ],
    "h" : [
      0.39244324,
      0.50368595,
      0.5314741
    ],
    "m" : [
      0.17350385,
      0.22929159,
      0.39864546
    ],
    "mode" : "explicit",
    "r" : [
      0.6033654,
      0.4824345,
      0.22812028
    ],
    "s" : [
      0.07114391,
      0.07798836,
      0.02682311
    ],
    "w" : [
      [
        0.19022721,
        0.043093547,
        0.18573253
      ],
      [
        0.07650293,
        0.31474954,
        0.18464963
      ],
      [
        0.0563725,
        0.26600438,
        0.3024258
      ]
    ]
  },
  "profile" : "experimental",
  "reintegration" : {
    "border" : "torus",
    "dd" : 5,
    "sigma" : 0.65
  },
  "run" : {
    "steps" : 500
  }
}