{
  "centroids" : [
    [
      62.61921,
      63.006836
    ],
    [
      62.316452,
      62.635647
    ],
    [
      62.543797,
      62.79633
    ],
    [
      62.40768,
      62.6983
    ],
    [
      62.427834,
      62.73355
    ],
    [
      61.72777,
      61.982567
    ],
    [
      60.967167,
      61.070538
    ],
    [
      60.96715,
      61.115463
    ],
    [
      60.890636,
      61.010433
    ],
    [
      60.665462,
      60.7431
    ],
    [
      60.96116,
      61.080757
    ],
    [
      60.910507,
      61.039154
    ]
  ],
  "fps" : 10,
  "frameCount" : 12,
  "framesPath" : "releases\/qg-20260228-real-creatures\/runs\/qg-nnea-s300096\/887097be-99a4-4f02-9491-3512fb9bfb14\/frames.bin",
  "height" : 128,
  "palette" : "lenia-spectrum",
  "velocities" : [
    [
      0,
      0
    ],
    [
      -0.30275726,
      -0.37118912
    ],
    [
      0.22734451,
      0.16068268
    ],
    [
      -0.13611603,
      -0.09803009
    ],
    [
      0.020153046,
      0.035251617
    ],
    [
      -0.7000618,
      -0.7509842
    ],
    [
      -0.76060486,
      -0.91202927
    ],
    [
      -1.5258789e-05,
      0.04492569
    ],
    [
      -0.0765152,
      -0.10503006
    ],
    [
      -0.22517395,
      -0.26733398
    ],
    [
      0.29569626,
      0.33765793
    ],
    [
      -0.05065155,
      -0.04160309
    ]
  ],
  "width" : 128
}