{
  "backend" : "mlx",
  "channels" : 1,
  "connectivity" : [
    [
      3
    ]
  ],
  "flow" : {
    "dt" : 0.2,
    "n" : 2,
    "theta_A" : 2
  },
  "grid" : {
    "sx" : 128,
    "sy" : 128
  },
  "implementation" : {
    "mode" : "paper"
  },
  "init" : {
    "a_uniform" : {
      "high" : 1,
      "low" : 0
    },
    "p_uniform" : {
      "high" : 1,
      "low" : 0
    },
    "patches" : [
      {
        "center" : [
          32,
          32
        ],
        "size" : 24
      },
      {
        "center" : [
          96,
          96
        ],
        "size" : 24
      }
    ],
    "seed" : 300213
  },
  "interventions" : [

  ],
  "parameter_embedding" : {
    "enabled" : true,
    "mix" : "stoch",
    "mix_seed" : 42
  },
  "params" : {
    "R" : 12.928059,
    "a" : [
      [
        0.42946088,
        0.94604385,
        0.7552382
      ],
      [
        0.2878713,
        0.7296657,
        0.15447521
      ],
      [
        0.990538,
        0.49952215,
        0.2869802
      ]
    ],
    "b" : [
      [
        0.87879217,
        0.20349467,
        0.40360552
      ],
      [
        0.6789305,
        0.8851291,
        0.3885578
      ],
      [
        0.7103798,
        0.21460593,
        0.2666331
      ]
    ],
    "h" : [
      0.30816084,
      0.16303366,
      0.09568691
    ],
    "m" : [
      0.22868116,
      0.17073457,
      0.27121517
    ],
    "mode" : "explicit",
    "r" : [
      0.37451702,
      0.26966423,
      0.94103724
    ],
    "s" : [
      0.09621139,
      0.03292391,
      0.12700357
    ],
    "w" : [
      [
        0.1659251,
        0.15332761,
        0.39218298
      ],
      [
        0.054477334,
        0.46535912,
        0.20891063
      ],
      [
        0.46030742,
        0.19933708,
        0.2099283
      ]
    ]
  },
  "profile" : "experimental",
  "reintegration" : {
    "border" : "torus",
    "dd" : 5,
    "sigma" : 0.65
  },
  "run" : {
    "steps" : 500
  }
}