{
  "centroids" : [
    [
      64.616234,
      64.68214
    ],
    [
      64.74803,
      64.766426
    ],
    [
      64.79172,
      64.787865
    ],
    [
      64.748535,
      64.69397
    ],
    [
      64.502,
      64.44244
    ],
    [
      64.72117,
      64.67467
    ],
    [
      64.761024,
      64.74532
    ],
    [
      64.68374,
      64.666
    ],
    [
      64.57729,
      64.525665
    ],
    [
      64.456276,
      64.383575
    ],
    [
      64.56201,
      64.528786
    ],
    [
      64.497765,
      64.462906
    ]
  ],
  "fps" : 10,
  "frameCount" : 12,
  "framesPath" : "releases\/qg-20260228-real-creatures\/runs\/qg-nnea-s300192\/4dc0ca62-426a-4e1b-88b7-e6b3622057da\/frames.bin",
  "height" : 128,
  "palette" : "lenia-spectrum",
  "velocities" : [
    [
      0,
      0
    ],
    [
      0.13179779,
      0.08428955
    ],
    [
      0.043685913,
      0.021438599
    ],
    [
      -0.043182373,
      -0.09389496
    ],
    [
      -0.24653625,
      -0.2515335
    ],
    [
      0.21916962,
      0.23223114
    ],
    [
      0.039855957,
      0.07065582
    ],
    [
      -0.07728577,
      -0.079322815
    ],
    [
      -0.10644531,
      -0.14033508
    ],
    [
      -0.121017456,
      -0.14208984
    ],
    [
      0.10573578,
      0.14521027
    ],
    [
      -0.06424713,
      -0.06587982
    ]
  ],
  "width" : 128
}