{
  "backend" : "mlx",
  "channels" : 1,
  "connectivity" : [
    [
      3
    ]
  ],
  "flow" : {
    "dt" : 0.2,
    "n" : 2,
    "theta_A" : 2
  },
  "grid" : {
    "sx" : 128,
    "sy" : 128
  },
  "implementation" : {
    "mode" : "paper"
  },
  "init" : {
    "a_uniform" : {
      "high" : 1,
      "low" : 0
    },
    "p_uniform" : {
      "high" : 1,
      "low" : 0
    },
    "patches" : [
      {
        "center" : [
          32,
          32
        ],
        "size" : 24
      },
      {
        "center" : [
          96,
          96
        ],
        "size" : 24
      }
    ],
    "seed" : 300098
  },
  "interventions" : [

  ],
  "parameter_embedding" : {
    "enabled" : true,
    "mix" : "stoch",
    "mix_seed" : 42
  },
  "params" : {
    "R" : 4.592416,
    "a" : [
      [
        0.93167686,
        0.31871223,
        0.07777649
      ],
      [
        0.7711099,
        0.28057873,
        0.4347899
      ],
      [
        0.44696635,
        0.22958475,
        0.9815946
      ]
    ],
    "b" : [
      [
        0.9180623,
        0.9112794,
        0.4761721
      ],
      [
        0.37394905,
        0.2521615,
        0.27225858
      ],
      [
        0.5308461,
        0.7638861,
        0.011701107
      ]
    ],
    "h" : [
      0.051433742,
      0.2877397,
      0.21798718
    ],
    "m" : [
      0.23301661,
      0.49172956,
      0.08514627
    ],
    "mode" : "explicit",
    "r" : [
      0.9034558,
      0.6244971,
      0.7060939
    ],
    "s" : [
      0.0070666643,
      0.031412896,
      0.13298479
    ],
    "w" : [
      [
        0.46435192,
        0.24133734,
        0.13932154
      ],
      [
        0.4647099,
        0.45101407,
        0.08750084
      ],
      [
        0.47438008,
        0.016516592,
        0.2600288
      ]
    ]
  },
  "profile" : "experimental",
  "reintegration" : {
    "border" : "torus",
    "dd" : 5,
    "sigma" : 0.65
  },
  "run" : {
    "steps" : 500
  }
}