{
  "backend" : "mlx",
  "beam_mutation" : {
    "enabled" : true,
    "patch_size" : 10,
    "probability" : 0.02,
    "seed" : 99,
    "std" : 0.1
  },
  "channels" : 1,
  "connectivity" : [
    [
      3
    ]
  ],
  "environment" : {
    "depth" : 2,
    "passage_width" : 6,
    "type" : "cross_map",
    "wall_thickness" : 3,
    "wall_value" : -10
  },
  "flow" : {
    "dt" : 0.2,
    "n" : 2,
    "theta_A" : 2
  },
  "grid" : {
    "sx" : 128,
    "sy" : 128
  },
  "implementation" : {
    "mode" : "paper"
  },
  "init" : {
    "a_uniform" : {
      "high" : 1,
      "low" : 0
    },
    "p_uniform" : {
      "high" : 1,
      "low" : 0
    },
    "patches" : [
      {
        "center" : [
          32,
          32
        ],
        "size" : 20
      },
      {
        "center" : [
          96,
          32
        ],
        "size" : 20
      },
      {
        "center" : [
          32,
          96
        ],
        "size" : 20
      },
      {
        "center" : [
          96,
          96
        ],
        "size" : 20
      }
    ],
    "seed" : 94
  },
  "interventions" : [

  ],
  "parameter_embedding" : {
    "enabled" : true,
    "mix" : "stoch_gene_wise",
    "mix_seed" : 42
  },
  "params" : {
    "R" : 13.422946,
    "a" : [
      [
        0.76498145,
        0.19097245,
        0.7499166
      ],
      [
        0.6644042,
        0.95060587,
        0.7992614
      ],
      [
        0.16361827,
        0.64537305,
        0.51294714
      ]
    ],
    "b" : [
      [
        0.116622925,
        0.76634544,
        0.38523716
      ],
      [
        0.18567127,
        0.84224844,
        0.9278459
      ],
      [
        0.45550233,
        0.9689831,
        0.9824901
      ]
    ],
    "h" : [
      0.4822371,
      0.26107705,
      0.8878196
    ],
    "m" : [
      0.22329713,
      0.3943213,
      0.3882871
    ],
    "mode" : "explicit",
    "r" : [
      0.9798333,
      0.77426535,
      0.75885284
    ],
    "s" : [
      0.016721984,
      0.15320176,
      0.08740829
    ],
    "w" : [
      [
        0.48222536,
        0.4165653,
        0.3785125
      ],
      [
        0.3904641,
        0.38885897,
        0.3410384
      ],
      [
        0.043389313,
        0.42614955,
        0.2970139
      ]
    ]
  },
  "profile" : "experimental",
  "reintegration" : {
    "border" : "wall",
    "dd" : 5,
    "sigma" : 0.65
  },
  "run" : {
    "steps" : 500
  }
}