{
  "backend" : "mlx",
  "channels" : 1,
  "connectivity" : [
    [
      3
    ]
  ],
  "flow" : {
    "dt" : 0.2,
    "n" : 2,
    "theta_A" : 2
  },
  "grid" : {
    "sx" : 128,
    "sy" : 128
  },
  "implementation" : {
    "mode" : "paper"
  },
  "init" : {
    "a_uniform" : {
      "high" : 1,
      "low" : 0
    },
    "p_uniform" : {
      "high" : 1,
      "low" : 0
    },
    "patches" : [
      {
        "center" : [
          32,
          32
        ],
        "size" : 24
      },
      {
        "center" : [
          96,
          96
        ],
        "size" : 24
      }
    ],
    "seed" : 300166
  },
  "interventions" : [

  ],
  "parameter_embedding" : {
    "enabled" : true,
    "mix" : "stoch",
    "mix_seed" : 42
  },
  "params" : {
    "R" : 12.324766,
    "a" : [
      [
        0.50867295,
        0.4138053,
        0.46015066
      ],
      [
        0.45775336,
        0.94158584,
        0.46285427
      ],
      [
        0.18032092,
        0.21839839,
        0.9931961
      ]
    ],
    "b" : [
      [
        0.45146483,
        0.94671583,
        0.10408908
      ],
      [
        0.5514394,
        0.99951494,
        0.74307686
      ],
      [
        0.96046793,
        0.39165688,
        0.3405633
      ]
    ],
    "h" : [
      0.29876524,
      0.72060245,
      0.95237607
    ],
    "m" : [
      0.28189436,
      0.43385616,
      0.19643497
    ],
    "mode" : "explicit",
    "r" : [
      0.76265174,
      0.7708151,
      0.9348961
    ],
    "s" : [
      0.064631954,
      0.15656772,
      0.12766081
    ],
    "w" : [
      [
        0.10208099,
        0.2690706,
        0.1470645
      ],
      [
        0.26944336,
        0.41151348,
        0.47443166
      ],
      [
        0.23774111,
        0.29820943,
        0.44902033
      ]
    ]
  },
  "profile" : "experimental",
  "reintegration" : {
    "border" : "torus",
    "dd" : 5,
    "sigma" : 0.65
  },
  "run" : {
    "steps" : 500
  }
}