{
  "backend" : "mlx",
  "channels" : 1,
  "connectivity" : [
    [
      3
    ]
  ],
  "flow" : {
    "dt" : 0.2,
    "n" : 2,
    "theta_A" : 2
  },
  "grid" : {
    "sx" : 128,
    "sy" : 128
  },
  "implementation" : {
    "mode" : "paper"
  },
  "init" : {
    "a_uniform" : {
      "high" : 1,
      "low" : 0
    },
    "p_uniform" : {
      "high" : 1,
      "low" : 0
    },
    "patches" : [
      {
        "center" : [
          32,
          32
        ],
        "size" : 24
      },
      {
        "center" : [
          96,
          96
        ],
        "size" : 24
      }
    ],
    "seed" : 300071
  },
  "interventions" : [

  ],
  "parameter_embedding" : {
    "enabled" : true,
    "mix" : "stoch",
    "mix_seed" : 42
  },
  "params" : {
    "R" : 7.4417887,
    "a" : [
      [
        0.3828413,
        0.19923913,
        0.74057424
      ],
      [
        0.7067312,
        0.7433038,
        0.28979963
      ],
      [
        0.3444354,
        0.93706954,
        0.2311818
      ]
    ],
    "b" : [
      [
        0.63465416,
        0.89309263,
        0.76108336
      ],
      [
        0.75520927,
        0.23935735,
        0.46849412
      ],
      [
        0.22046453,
        0.8474294,
        0.7644522
      ]
    ],
    "h" : [
      0.90922403,
      0.7331668,
      0.8591704
    ],
    "m" : [
      0.43964556,
      0.26004046,
      0.4120364
    ],
    "mode" : "explicit",
    "r" : [
      0.9115911,
      0.2687531,
      0.9756773
    ],
    "s" : [
      0.015717305,
      0.18520604,
      0.07603123
    ],
    "w" : [
      [
        0.08549425,
        0.10766567,
        0.39677143
      ],
      [
        0.05794645,
        0.20056307,
        0.3114001
      ],
      [
        0.13024428,
        0.21281625,
        0.12398243
      ]
    ]
  },
  "profile" : "experimental",
  "reintegration" : {
    "border" : "torus",
    "dd" : 5,
    "sigma" : 0.65
  },
  "run" : {
    "steps" : 500
  }
}