{
  "centroids" : [
    [
      64.271095,
      64.46298
    ],
    [
      64.101845,
      64.25516
    ],
    [
      64.066956,
      64.28214
    ],
    [
      63.993702,
      64.16576
    ],
    [
      63.980106,
      64.159355
    ],
    [
      63.649353,
      63.84813
    ],
    [
      63.451767,
      63.650845
    ],
    [
      63.531643,
      63.746758
    ],
    [
      63.537846,
      63.760365
    ],
    [
      63.475594,
      63.68911
    ],
    [
      63.47351,
      63.701214
    ],
    [
      63.516575,
      63.78538
    ]
  ],
  "fps" : 10,
  "frameCount" : 12,
  "framesPath" : "releases\/qg-20260228-real-creatures\/runs\/qg-nnea-s300064\/20c9decb-f859-4995-8e7d-f6310e032f50\/frames.bin",
  "height" : 128,
  "palette" : "lenia-spectrum",
  "velocities" : [
    [
      0,
      0
    ],
    [
      -0.16925049,
      -0.2078247
    ],
    [
      -0.03488922,
      0.026985168
    ],
    [
      -0.07325363,
      -0.11638641
    ],
    [
      -0.013595581,
      -0.006401062
    ],
    [
      -0.33075333,
      -0.3112259
    ],
    [
      -0.19758606,
      -0.1972847
    ],
    [
      0.079875946,
      0.09591293
    ],
    [
      0.0062026978,
      0.013607025
    ],
    [
      -0.062252045,
      -0.07125473
    ],
    [
      -0.0020828247,
      0.012104034
    ],
    [
      0.043064117,
      0.08416748
    ]
  ],
  "width" : 128
}