{
  "backend" : "mlx",
  "channels" : 1,
  "connectivity" : [
    [
      3
    ]
  ],
  "flow" : {
    "dt" : 0.2,
    "n" : 2,
    "theta_A" : 2
  },
  "grid" : {
    "sx" : 128,
    "sy" : 128
  },
  "implementation" : {
    "mode" : "paper"
  },
  "init" : {
    "a_uniform" : {
      "high" : 1,
      "low" : 0
    },
    "p_uniform" : {
      "high" : 1,
      "low" : 0
    },
    "patches" : [
      {
        "center" : [
          32,
          32
        ],
        "size" : 24
      },
      {
        "center" : [
          96,
          96
        ],
        "size" : 24
      }
    ],
    "seed" : 300063
  },
  "interventions" : [

  ],
  "parameter_embedding" : {
    "enabled" : true,
    "mix" : "stoch",
    "mix_seed" : 42
  },
  "params" : {
    "R" : 9.977438,
    "a" : [
      [
        0.89548206,
        0.78437954,
        0.27392352
      ],
      [
        0.8611566,
        0.7056273,
        0.97171545
      ],
      [
        0.56235635,
        0.48672593,
        0.7423909
      ]
    ],
    "b" : [
      [
        0.51812327,
        0.77550954,
        0.8012529
      ],
      [
        0.44443756,
        0.22875571,
        0.15462142
      ],
      [
        0.23098677,
        0.56818724,
        0.79688096
      ]
    ],
    "h" : [
      0.8543491,
      0.02987665,
      0.3811015
    ],
    "m" : [
      0.33226728,
      0.19182545,
      0.12709428
    ],
    "mode" : "explicit",
    "r" : [
      0.29988846,
      0.48094648,
      0.3656416
    ],
    "s" : [
      0.10501856,
      0.15897997,
      0.19900833
    ],
    "w" : [
      [
        0.015601267,
        0.33160564,
        0.2110188
      ],
      [
        0.2329205,
        0.08074476,
        0.16536817
      ],
      [
        0.49130282,
        0.016844783,
        0.03499838
      ]
    ]
  },
  "profile" : "experimental",
  "reintegration" : {
    "border" : "torus",
    "dd" : 5,
    "sigma" : 0.65
  },
  "run" : {
    "steps" : 500
  }
}