{
  "centroids" : [
    [
      63.793865,
      63.910343
    ],
    [
      63.541897,
      63.752583
    ],
    [
      63.910378,
      63.70806
    ],
    [
      63.72933,
      63.429363
    ],
    [
      63.651653,
      63.53007
    ],
    [
      63.188545,
      63.419003
    ],
    [
      63.427116,
      63.377136
    ],
    [
      63.287598,
      63.110073
    ],
    [
      63.348476,
      63.314743
    ],
    [
      63.33473,
      63.302643
    ],
    [
      63.734974,
      63.666763
    ],
    [
      63.545326,
      63.57602
    ]
  ],
  "fps" : 10,
  "frameCount" : 12,
  "framesPath" : "releases\/qg-20260228-real-creatures\/runs\/qg-nnea-s300032\/b9e53b84-8016-42c3-b4ea-56a217bf187e\/frames.bin",
  "height" : 128,
  "palette" : "lenia-spectrum",
  "velocities" : [
    [
      0,
      0
    ],
    [
      -0.25196838,
      -0.15776062
    ],
    [
      0.36848068,
      -0.04452133
    ],
    [
      -0.18104935,
      -0.27869797
    ],
    [
      -0.077674866,
      0.10070801
    ],
    [
      -0.46310806,
      -0.111068726
    ],
    [
      0.23857117,
      -0.041866302
    ],
    [
      -0.13951874,
      -0.26706314
    ],
    [
      0.060878754,
      0.20466995
    ],
    [
      -0.013748169,
      -0.01210022
    ],
    [
      0.40024567,
      0.36412048
    ],
    [
      -0.18964767,
      -0.09074402
    ]
  ],
  "width" : 128
}