{
  "centroids" : [
    [
      62.56162,
      62.57257
    ],
    [
      62.316856,
      62.328144
    ],
    [
      62.39331,
      62.359604
    ],
    [
      62.420994,
      62.350708
    ],
    [
      62.47994,
      62.448326
    ],
    [
      62.73662,
      62.650627
    ],
    [
      62.53192,
      62.427624
    ],
    [
      62.474228,
      62.423523
    ],
    [
      62.47235,
      62.417282
    ],
    [
      62.533985,
      62.466145
    ],
    [
      62.594498,
      62.53199
    ],
    [
      62.595512,
      62.536743
    ]
  ],
  "fps" : 10,
  "frameCount" : 12,
  "framesPath" : "releases\/qg-20260228-real-creatures\/runs\/qg-nnea-s300032\/9e273a5f-1341-4b8a-880d-64f5238a842b\/frames.bin",
  "height" : 128,
  "palette" : "lenia-spectrum",
  "velocities" : [
    [
      0,
      0
    ],
    [
      -0.24476242,
      -0.24442673
    ],
    [
      0.07645416,
      0.03145981
    ],
    [
      0.027683258,
      -0.008895874
    ],
    [
      0.058944702,
      0.0976181
    ],
    [
      0.25668335,
      0.20230103
    ],
    [
      -0.20470047,
      -0.22300339
    ],
    [
      -0.05769348,
      -0.0041007996
    ],
    [
      -0.001876831,
      -0.0062408447
    ],
    [
      0.061634064,
      0.048862457
    ],
    [
      0.060512543,
      0.06584549
    ],
    [
      0.0010147095,
      0.004753113
    ]
  ],
  "width" : 128
}