{
  "backend" : "mlx",
  "beam_mutation" : {
    "enabled" : true,
    "patch_size" : 10,
    "probability" : 0.02,
    "seed" : 99,
    "std" : 0.1
  },
  "channels" : 1,
  "connectivity" : [
    [
      3
    ]
  ],
  "environment" : {
    "depth" : 2,
    "passage_width" : 6,
    "type" : "cross_map",
    "wall_thickness" : 3,
    "wall_value" : -10
  },
  "flow" : {
    "dt" : 0.2,
    "n" : 2,
    "theta_A" : 2
  },
  "grid" : {
    "sx" : 128,
    "sy" : 128
  },
  "implementation" : {
    "mode" : "paper"
  },
  "init" : {
    "a_uniform" : {
      "high" : 1,
      "low" : 0
    },
    "p_uniform" : {
      "high" : 1,
      "low" : 0
    },
    "patches" : [
      {
        "center" : [
          32,
          32
        ],
        "size" : 20
      },
      {
        "center" : [
          96,
          32
        ],
        "size" : 20
      },
      {
        "center" : [
          32,
          96
        ],
        "size" : 20
      },
      {
        "center" : [
          96,
          96
        ],
        "size" : 20
      }
    ],
    "seed" : 35
  },
  "interventions" : [

  ],
  "parameter_embedding" : {
    "enabled" : true,
    "mix" : "stoch_gene_wise",
    "mix_seed" : 42
  },
  "params" : {
    "R" : 12.6519165,
    "a" : [
      [
        0.2322861,
        0.3249839,
        0.6564551
      ],
      [
        0.42578048,
        0.5652306,
        0.5603798
      ],
      [
        0.5988387,
        0.5147647,
        0.8915009
      ]
    ],
    "b" : [
      [
        0.71203095,
        0.6894888,
        0.75669646
      ],
      [
        0.069024384,
        0.019598186,
        0.5443468
      ],
      [
        0.17000997,
        0.9158015,
        0.85808057
      ]
    ],
    "h" : [
      0.43122858,
      0.90580654,
      0.87283486
    ],
    "m" : [
      0.45411077,
      0.30322218,
      0.27524513
    ],
    "mode" : "explicit",
    "r" : [
      0.8989586,
      0.5549264,
      0.59697837
    ],
    "s" : [
      0.10420541,
      0.11294205,
      0.04067276
    ],
    "w" : [
      [
        0.306145,
        0.27154368,
        0.016297048
      ],
      [
        0.34384975,
        0.42927253,
        0.4570735
      ],
      [
        0.19181016,
        0.45195565,
        0.04416343
      ]
    ]
  },
  "profile" : "experimental",
  "reintegration" : {
    "border" : "wall",
    "dd" : 5,
    "sigma" : 0.65
  },
  "run" : {
    "steps" : 500
  }
}