{
  "centroids" : [
    [
      63.989006,
      64.17107
    ],
    [
      64.2482,
      64.18201
    ],
    [
      64.514145,
      64.12719
    ],
    [
      64.52535,
      64.3816
    ],
    [
      64.82654,
      64.68231
    ],
    [
      64.84508,
      64.89982
    ],
    [
      65.144,
      64.984795
    ],
    [
      65.14324,
      65.297554
    ],
    [
      65.4372,
      65.413086
    ],
    [
      65.52659,
      65.67258
    ],
    [
      65.6791,
      65.82329
    ],
    [
      66.03978,
      65.891335
    ],
    [
      66.14043,
      66.128204
    ],
    [
      66.38278,
      66.15754
    ],
    [
      66.500435,
      66.33821
    ],
    [
      66.64374,
      66.457886
    ],
    [
      66.798874,
      66.53741
    ],
    [
      66.96323,
      66.63232
    ],
    [
      67.12511,
      66.86239
    ],
    [
      67.22182,
      66.9279
    ],
    [
      67.263054,
      67.060394
    ],
    [
      67.42208,
      67.12434
    ],
    [
      67.373795,
      67.30385
    ],
    [
      67.4262,
      67.41019
    ],
    [
      67.47505,
      67.520676
    ],
    [
      67.60657,
      67.59739
    ],
    [
      67.58667,
      67.7132
    ],
    [
      67.74041,
      67.78657
    ],
    [
      67.81386,
      67.88693
    ],
    [
      67.951614,
      67.91122
    ],
    [
      68.0212,
      67.98682
    ],
    [
      68.01783,
      68.074425
    ],
    [
      68.1056,
      68.133415
    ],
    [
      68.23901,
      68.09128
    ],
    [
      68.343124,
      68.12032
    ],
    [
      68.29461,
      68.208275
    ]
  ],
  "fps" : 12,
  "frameCount" : 36,
  "framesPath" : "releases\/discovery-20260306-movers\/runs\/crossmap-motion-c001-s32\/7ee2671d-fd4d-4fe5-9cb5-8c3b45ba8b5a\/frames.bin",
  "height" : 128,
  "palette" : "lenia-spectrum",
  "velocities" : [
    [
      0,
      0
    ],
    [
      0.25919342,
      0.010940552
    ],
    [
      0.26594543,
      -0.0548172
    ],
    [
      0.011207581,
      0.2544098
    ],
    [
      0.3011856,
      0.3007126
    ],
    [
      0.018539429,
      0.21750641
    ],
    [
      0.29891968,
      0.0849762
    ],
    [
      -0.00075531006,
      0.3127594
    ],
    [
      0.29396057,
      0.11553192
    ],
    [
      0.08938599,
      0.25949097
    ],
    [
      0.1525116,
      0.15071106
    ],
    [
      0.36067963,
      0.06804657
    ],
    [
      0.10064697,
      0.23686981
    ],
    [
      0.24235535,
      0.029335022
    ],
    [
      0.11765289,
      0.18067169
    ],
    [
      0.14330292,
      0.11967468
    ],
    [
      0.15513611,
      0.07952118
    ],
    [
      0.16435242,
      0.09490967
    ],
    [
      0.1618805,
      0.23007202
    ],
    [
      0.096710205,
      0.06551361
    ],
    [
      0.041236877,
      0.13249207
    ],
    [
      0.1590271,
      0.063941956
    ],
    [
      -0.048286438,
      0.17951202
    ],
    [
      0.05240631,
      0.1063385
    ],
    [
      0.048851013,
      0.11048889
    ],
    [
      0.1315155,
      0.07671356
    ],
    [
      -0.019897461,
      0.11581421
    ],
    [
      0.15373993,
      0.07336426
    ],
    [
      0.07344818,
      0.100364685
    ],
    [
      0.13775635,
      0.024284363
    ],
    [
      0.06958771,
      0.07559967
    ],
    [
      -0.0033721924,
      0.08760834
    ],
    [
      0.087768555,
      0.05899048
    ],
    [
      0.13341522,
      -0.042137146
    ],
    [
      0.10411072,
      0.029045105
    ],
    [
      -0.04851532,
      0.08795166
    ]
  ],
  "width" : 128
}