{
  "backend" : "mlx",
  "channels" : 1,
  "connectivity" : [
    [
      3
    ]
  ],
  "flow" : {
    "dt" : 0.2,
    "n" : 2,
    "theta_A" : 2
  },
  "grid" : {
    "sx" : 128,
    "sy" : 128
  },
  "implementation" : {
    "mode" : "paper"
  },
  "init" : {
    "a_uniform" : {
      "high" : 1,
      "low" : 0
    },
    "p_uniform" : {
      "high" : 1,
      "low" : 0
    },
    "patches" : [
      {
        "center" : [
          32,
          32
        ],
        "size" : 24
      },
      {
        "center" : [
          96,
          96
        ],
        "size" : 24
      }
    ],
    "seed" : 300168
  },
  "interventions" : [

  ],
  "parameter_embedding" : {
    "enabled" : true,
    "mix" : "stoch",
    "mix_seed" : 42
  },
  "params" : {
    "R" : 5.83967,
    "a" : [
      [
        0.7820957,
        0.74054855,
        0.4978857
      ],
      [
        0.2625698,
        0.99556196,
        0.5592668
      ],
      [
        0.5233239,
        0.13181573,
        0.89145005
      ]
    ],
    "b" : [
      [
        0.852229,
        0.5266317,
        0.541731
      ],
      [
        0.68852425,
        0.8770101,
        0.9033099
      ],
      [
        0.34886456,
        0.8567101,
        0.7043803
      ]
    ],
    "h" : [
      0.26702166,
      0.9764286,
      0.5017918
    ],
    "m" : [
      0.14060333,
      0.4294852,
      0.46121737
    ],
    "mode" : "explicit",
    "r" : [
      0.64804167,
      0.6666298,
      0.7749613
    ],
    "s" : [
      0.03621741,
      0.15109248,
      0.056000236
    ],
    "w" : [
      [
        0.04552205,
        0.40108117,
        0.36876988
      ],
      [
        0.033250242,
        0.23461561,
        0.47958264
      ],
      [
        0.18111461,
        0.38880107,
        0.12663554
      ]
    ]
  },
  "profile" : "experimental",
  "reintegration" : {
    "border" : "torus",
    "dd" : 5,
    "sigma" : 0.65
  },
  "run" : {
    "steps" : 500
  }
}