{
  "centroids" : [
    [
      64.08012,
      63.809414
    ],
    [
      63.922356,
      63.670773
    ],
    [
      63.962566,
      63.6654
    ],
    [
      63.90509,
      63.6137
    ],
    [
      63.96136,
      63.62424
    ],
    [
      63.985786,
      63.70344
    ],
    [
      63.98762,
      63.66381
    ],
    [
      64.12576,
      63.810513
    ],
    [
      64.19067,
      63.886826
    ],
    [
      64.25339,
      63.939598
    ],
    [
      64.42528,
      64.10694
    ],
    [
      64.4193,
      64.0988
    ]
  ],
  "fps" : 10,
  "frameCount" : 12,
  "framesPath" : "releases\/qg-20260228-real-creatures\/runs\/qg-nnea-s300160\/1f2ffb29-b1d8-489f-911f-51360115ec38\/frames.bin",
  "height" : 128,
  "palette" : "lenia-spectrum",
  "velocities" : [
    [
      0,
      0
    ],
    [
      -0.15776062,
      -0.13864136
    ],
    [
      0.040210724,
      -0.0053710938
    ],
    [
      -0.057476044,
      -0.051700592
    ],
    [
      0.0562706,
      0.010540009
    ],
    [
      0.024425507,
      0.079200745
    ],
    [
      0.0018348694,
      -0.03963089
    ],
    [
      0.13814163,
      0.14670181
    ],
    [
      0.06490326,
      0.07631302
    ],
    [
      0.06272125,
      0.052772522
    ],
    [
      0.17189026,
      0.16734314
    ],
    [
      -0.0059814453,
      -0.008140564
    ]
  ],
  "width" : 128
}