{
  "centroids" : [
    [
      63.661797,
      63.849384
    ],
    [
      63.63476,
      63.827324
    ],
    [
      63.693485,
      63.89817
    ],
    [
      63.583733,
      63.79192
    ],
    [
      63.759655,
      63.976765
    ],
    [
      63.82124,
      64.07448
    ],
    [
      63.718266,
      63.942905
    ],
    [
      63.773247,
      64.00461
    ],
    [
      63.813904,
      64.05704
    ],
    [
      63.958485,
      64.22801
    ],
    [
      64.0406,
      64.316734
    ],
    [
      64.189,
      64.45391
    ]
  ],
  "fps" : 10,
  "frameCount" : 12,
  "framesPath" : "releases\/qg-20260228-real-creatures\/runs\/qg-nnea-s300064\/235e6552-4bf4-4542-aabd-f4e9c5465dac\/frames.bin",
  "height" : 128,
  "palette" : "lenia-spectrum",
  "velocities" : [
    [
      0,
      0
    ],
    [
      -0.02703476,
      -0.022060394
    ],
    [
      0.05872345,
      0.07084656
    ],
    [
      -0.109752655,
      -0.10625076
    ],
    [
      0.1759224,
      0.18484497
    ],
    [
      0.061584473,
      0.09771347
    ],
    [
      -0.10297394,
      -0.13157272
    ],
    [
      0.05498123,
      0.06170273
    ],
    [
      0.040657043,
      0.0524292
    ],
    [
      0.14458084,
      0.17097473
    ],
    [
      0.08211899,
      0.08872223
    ],
    [
      0.14839935,
      0.13717651
    ]
  ],
  "width" : 128
}