{
  "backend" : "mlx",
  "beam_mutation" : {
    "enabled" : true,
    "patch_size" : 10,
    "probability" : 0.02,
    "seed" : 99,
    "std" : 0.1
  },
  "channels" : 1,
  "connectivity" : [
    [
      3
    ]
  ],
  "environment" : {
    "depth" : 2,
    "passage_width" : 6,
    "type" : "cross_map",
    "wall_thickness" : 3,
    "wall_value" : -10
  },
  "flow" : {
    "dt" : 0.2,
    "n" : 2,
    "theta_A" : 2
  },
  "grid" : {
    "sx" : 128,
    "sy" : 128
  },
  "implementation" : {
    "mode" : "paper"
  },
  "init" : {
    "a_uniform" : {
      "high" : 1,
      "low" : 0
    },
    "p_uniform" : {
      "high" : 1,
      "low" : 0
    },
    "patches" : [
      {
        "center" : [
          32,
          32
        ],
        "size" : 20
      },
      {
        "center" : [
          96,
          32
        ],
        "size" : 20
      },
      {
        "center" : [
          32,
          96
        ],
        "size" : 20
      },
      {
        "center" : [
          96,
          96
        ],
        "size" : 20
      }
    ],
    "seed" : 2
  },
  "interventions" : [

  ],
  "parameter_embedding" : {
    "enabled" : true,
    "mix" : "stoch_gene_wise",
    "mix_seed" : 42
  },
  "params" : {
    "R" : 4.8413353,
    "a" : [
      [
        0.011495769,
        0.55295044,
        0.44421643
      ],
      [
        0.86238146,
        0.18261158,
        0.89768887
      ],
      [
        0.19654888,
        0.061719358,
        0.11177713
      ]
    ],
    "b" : [
      [
        0.99963325,
        0.24645966,
        0.48351592
      ],
      [
        0.68082273,
        0.960997,
        0.34582216
      ],
      [
        0.9353023,
        0.9089493,
        0.19426876
      ]
    ],
    "h" : [
      0.8783205,
      0.523849,
      0.09028262
    ],
    "m" : [
      0.36740035,
      0.13609016,
      0.11105247
    ],
    "mode" : "explicit",
    "r" : [
      0.28934735,
      0.23745261,
      0.8921671
    ],
    "s" : [
      0.074895084,
      0.07494389,
      0.1827538
    ],
    "w" : [
      [
        0.19698755,
        0.36371237,
        0.10310394
      ],
      [
        0.06905328,
        0.31166598,
        0.3419624
      ],
      [
        0.21213819,
        0.40443587,
        0.15735592
      ]
    ]
  },
  "profile" : "experimental",
  "reintegration" : {
    "border" : "wall",
    "dd" : 5,
    "sigma" : 0.65
  },
  "run" : {
    "steps" : 500
  }
}