{
  "centroids" : [
    [
      63.57775,
      63.450256
    ],
    [
      63.713833,
      63.644733
    ],
    [
      63.986717,
      63.849552
    ],
    [
      64.213165,
      63.76605
    ],
    [
      64.242935,
      63.92987
    ],
    [
      64.2423,
      63.95618
    ],
    [
      64.33056,
      64.07732
    ],
    [
      64.26413,
      64.27268
    ],
    [
      64.28602,
      64.39754
    ],
    [
      64.41415,
      64.35474
    ],
    [
      64.45019,
      64.34934
    ],
    [
      64.61083,
      64.25971
    ],
    [
      64.65132,
      64.25756
    ],
    [
      64.589325,
      64.297356
    ],
    [
      64.67244,
      64.27487
    ],
    [
      64.63426,
      64.377045
    ],
    [
      64.70171,
      64.36089
    ],
    [
      64.66658,
      64.38883
    ],
    [
      64.71493,
      64.42781
    ],
    [
      64.77217,
      64.437164
    ],
    [
      64.80536,
      64.47385
    ],
    [
      64.93372,
      64.493034
    ],
    [
      64.94088,
      64.55883
    ],
    [
      64.95401,
      64.55025
    ],
    [
      64.98766,
      64.58471
    ],
    [
      65.02845,
      64.56646
    ],
    [
      65.06791,
      64.618996
    ],
    [
      65.14387,
      64.63262
    ],
    [
      65.14712,
      64.700874
    ],
    [
      65.234886,
      64.691826
    ],
    [
      65.30004,
      64.71889
    ],
    [
      65.328735,
      64.791405
    ],
    [
      65.397995,
      64.803
    ],
    [
      65.4322,
      64.82222
    ],
    [
      65.4285,
      64.875275
    ],
    [
      65.38462,
      64.83058
    ]
  ],
  "fps" : 12,
  "frameCount" : 36,
  "framesPath" : "releases\/orbium-like-20260307\/runs\/glider-family-luminous-spiral-4134-c000-s0\/bc634ee4-cd29-4604-ba7a-46858051c92e\/frames.bin",
  "height" : 128,
  "palette" : "lenia-spectrum",
  "velocities" : [
    [
      0,
      0
    ],
    [
      0.1360817,
      0.19447708
    ],
    [
      0.27288437,
      0.20481873
    ],
    [
      0.22644806,
      -0.08350372
    ],
    [
      0.029769897,
      0.16382217
    ],
    [
      -0.00063323975,
      0.026309967
    ],
    [
      0.088256836,
      0.12113571
    ],
    [
      -0.06642914,
      0.1953659
    ],
    [
      0.021888733,
      0.12485504
    ],
    [
      0.12812805,
      -0.042800903
    ],
    [
      0.03604126,
      -0.005393982
    ],
    [
      0.16064453,
      -0.08963013
    ],
    [
      0.040489197,
      -0.0021514893
    ],
    [
      -0.06199646,
      0.039794922
    ],
    [
      0.083114624,
      -0.022483826
    ],
    [
      -0.03817749,
      0.10217285
    ],
    [
      0.06745148,
      -0.016151428
    ],
    [
      -0.03513336,
      0.027938843
    ],
    [
      0.048347473,
      0.038978577
    ],
    [
      0.057243347,
      0.009353638
    ],
    [
      0.033187866,
      0.03668213
    ],
    [
      0.12836456,
      0.019187927
    ],
    [
      0.007156372,
      0.0657959
    ],
    [
      0.013130188,
      -0.008583069
    ],
    [
      0.03365326,
      0.034461975
    ],
    [
      0.040786743,
      -0.018249512
    ],
    [
      0.03945923,
      0.05253601
    ],
    [
      0.07595825,
      0.013626099
    ],
    [
      0.003250122,
      0.06825256
    ],
    [
      0.087768555,
      -0.009048462
    ],
    [
      0.06515503,
      0.027061462
    ],
    [
      0.028694153,
      0.072517395
    ],
    [
      0.06925964,
      0.01159668
    ],
    [
      0.034202576,
      0.019218445
    ],
    [
      -0.0037002563,
      0.05305481
    ],
    [
      -0.043876648,
      -0.044692993
    ]
  ],
  "width" : 128
}