{
  "backend" : "mlx",
  "beam_mutation" : {
    "enabled" : true,
    "patch_size" : 10,
    "probability" : 0.02,
    "seed" : 99,
    "std" : 0.1
  },
  "channels" : 1,
  "connectivity" : [
    [
      3
    ]
  ],
  "environment" : {
    "depth" : 2,
    "passage_width" : 6,
    "type" : "cross_map",
    "wall_thickness" : 3,
    "wall_value" : -10
  },
  "flow" : {
    "dt" : 0.2,
    "n" : 2,
    "theta_A" : 2
  },
  "grid" : {
    "sx" : 128,
    "sy" : 128
  },
  "implementation" : {
    "mode" : "paper"
  },
  "init" : {
    "a_uniform" : {
      "high" : 1,
      "low" : 0
    },
    "p_uniform" : {
      "high" : 1,
      "low" : 0
    },
    "patches" : [
      {
        "center" : [
          32,
          32
        ],
        "size" : 20
      },
      {
        "center" : [
          96,
          32
        ],
        "size" : 20
      },
      {
        "center" : [
          32,
          96
        ],
        "size" : 20
      },
      {
        "center" : [
          96,
          96
        ],
        "size" : 20
      }
    ],
    "seed" : 76
  },
  "interventions" : [

  ],
  "parameter_embedding" : {
    "enabled" : true,
    "mix" : "stoch_gene_wise",
    "mix_seed" : 42
  },
  "params" : {
    "R" : 5.321282,
    "a" : [
      [
        0.59389436,
        0.9850331,
        0.6987439
      ],
      [
        0.63392395,
        0.027543545,
        0.35129392
      ],
      [
        0.73696023,
        0.07391065,
        0.90262115
      ]
    ],
    "b" : [
      [
        0.2450347,
        0.8417911,
        0.83830947
      ],
      [
        0.784482,
        0.39953554,
        0.48433113
      ],
      [
        0.37245393,
        0.7384574,
        0.8855835
      ]
    ],
    "h" : [
      0.9674043,
      0.61962324,
      0.39642566
    ],
    "m" : [
      0.322269,
      0.27124184,
      0.26885828
    ],
    "mode" : "explicit",
    "r" : [
      0.8763777,
      0.9320929,
      0.5084818
    ],
    "s" : [
      0.10457585,
      0.19326076,
      0.16548853
    ],
    "w" : [
      [
        0.40235245,
        0.4436934,
        0.024459327
      ],
      [
        0.061753057,
        0.2339504,
        0.27167454
      ],
      [
        0.31400388,
        0.23969905,
        0.45965677
      ]
    ]
  },
  "profile" : "experimental",
  "reintegration" : {
    "border" : "wall",
    "dd" : 5,
    "sigma" : 0.65
  },
  "run" : {
    "steps" : 500
  }
}