{
  "centroids" : [
    [
      63.39378,
      63.1773
    ],
    [
      63.313934,
      63.09647
    ],
    [
      63.334442,
      63.085537
    ],
    [
      63.46887,
      63.194424
    ],
    [
      63.512314,
      63.2073
    ],
    [
      63.58031,
      63.241665
    ],
    [
      63.690712,
      63.338524
    ],
    [
      63.77862,
      63.43545
    ],
    [
      63.923885,
      63.568443
    ],
    [
      64.00324,
      63.630516
    ],
    [
      64.00299,
      63.626152
    ],
    [
      64.00086,
      63.626183
    ]
  ],
  "fps" : 10,
  "frameCount" : 12,
  "framesPath" : "releases\/qg-20260228-real-creatures\/runs\/qg-nnea-s300000\/05aaf1fb-859d-4713-975c-210a9caab66a\/frames.bin",
  "height" : 128,
  "palette" : "lenia-spectrum",
  "velocities" : [
    [
      0,
      0
    ],
    [
      -0.07984543,
      -0.08082962
    ],
    [
      0.020507812,
      -0.010932922
    ],
    [
      0.13442612,
      0.10888672
    ],
    [
      0.043445587,
      0.012874603
    ],
    [
      0.06799698,
      0.034366608
    ],
    [
      0.11040115,
      0.09685898
    ],
    [
      0.0879097,
      0.09692764
    ],
    [
      0.14526367,
      0.13299179
    ],
    [
      0.07935715,
      0.062072754
    ],
    [
      -0.00025177002,
      -0.0043640137
    ],
    [
      -0.002128601,
      3.0517578e-05
    ]
  ],
  "width" : 128
}