{
  "backend" : "mlx",
  "beam_mutation" : {
    "enabled" : true,
    "patch_size" : 10,
    "probability" : 0.02,
    "seed" : 99,
    "std" : 0.1
  },
  "channels" : 1,
  "connectivity" : [
    [
      3
    ]
  ],
  "environment" : {
    "depth" : 2,
    "passage_width" : 6,
    "type" : "cross_map",
    "wall_thickness" : 3,
    "wall_value" : -10
  },
  "flow" : {
    "dt" : 0.2,
    "n" : 2,
    "theta_A" : 2
  },
  "grid" : {
    "sx" : 128,
    "sy" : 128
  },
  "implementation" : {
    "mode" : "paper"
  },
  "init" : {
    "a_uniform" : {
      "high" : 1,
      "low" : 0
    },
    "p_uniform" : {
      "high" : 1,
      "low" : 0
    },
    "patches" : [
      {
        "center" : [
          32,
          32
        ],
        "size" : 20
      },
      {
        "center" : [
          96,
          32
        ],
        "size" : 20
      },
      {
        "center" : [
          32,
          96
        ],
        "size" : 20
      },
      {
        "center" : [
          96,
          96
        ],
        "size" : 20
      }
    ],
    "seed" : 55
  },
  "interventions" : [

  ],
  "parameter_embedding" : {
    "enabled" : true,
    "mix" : "stoch_gene_wise",
    "mix_seed" : 42
  },
  "params" : {
    "R" : 14.60421,
    "a" : [
      [
        0.83467203,
        0.83082885,
        0.94161713
      ],
      [
        0.28974295,
        0.22084892,
        0.02131778
      ],
      [
        0.3846017,
        0.88502777,
        0.18398547
      ]
    ],
    "b" : [
      [
        0.1801812,
        0.8559297,
        0.4071756
      ],
      [
        0.20636803,
        0.7856328,
        0.01445061
      ],
      [
        0.32868743,
        0.4041806,
        0.7019583
      ]
    ],
    "h" : [
      0.42030662,
      0.28591424,
      0.9623677
    ],
    "m" : [
      0.33458132,
      0.14742112,
      0.39796734
    ],
    "mode" : "explicit",
    "r" : [
      0.36444336,
      0.86519474,
      0.5904049
    ],
    "s" : [
      0.0034675468,
      0.07529972,
      0.056015845
    ],
    "w" : [
      [
        0.26119033,
        0.4899162,
        0.0176007
      ],
      [
        0.3689627,
        0.09742484,
        0.31141093
      ],
      [
        0.26277566,
        0.31439126,
        0.21173891
      ]
    ]
  },
  "profile" : "experimental",
  "reintegration" : {
    "border" : "wall",
    "dd" : 5,
    "sigma" : 0.65
  },
  "run" : {
    "steps" : 500
  }
}