{
  "backend" : "mlx",
  "beam_mutation" : {
    "enabled" : true,
    "patch_size" : 10,
    "probability" : 0.02,
    "seed" : 99,
    "std" : 0.1
  },
  "channels" : 1,
  "connectivity" : [
    [
      3
    ]
  ],
  "environment" : {
    "depth" : 2,
    "passage_width" : 6,
    "type" : "cross_map",
    "wall_thickness" : 3,
    "wall_value" : -10
  },
  "flow" : {
    "dt" : 0.2,
    "n" : 2,
    "theta_A" : 2
  },
  "grid" : {
    "sx" : 128,
    "sy" : 128
  },
  "implementation" : {
    "mode" : "paper"
  },
  "init" : {
    "a_uniform" : {
      "high" : 1,
      "low" : 0
    },
    "p_uniform" : {
      "high" : 1,
      "low" : 0
    },
    "patches" : [
      {
        "center" : [
          32,
          32
        ],
        "size" : 20
      },
      {
        "center" : [
          96,
          32
        ],
        "size" : 20
      },
      {
        "center" : [
          32,
          96
        ],
        "size" : 20
      },
      {
        "center" : [
          96,
          96
        ],
        "size" : 20
      }
    ],
    "seed" : 51
  },
  "interventions" : [

  ],
  "parameter_embedding" : {
    "enabled" : true,
    "mix" : "stoch_gene_wise",
    "mix_seed" : 42
  },
  "params" : {
    "R" : 13.298768,
    "a" : [
      [
        0.92914015,
        0.71001834,
        0.15460002
      ],
      [
        0.18460643,
        0.48610038,
        0.92725706
      ],
      [
        0.22060978,
        0.25275016,
        0.11798972
      ]
    ],
    "b" : [
      [
        0.321994,
        0.87567276,
        0.3762372
      ],
      [
        0.036644816,
        0.80590224,
        0.04036045
      ],
      [
        0.9930376,
        0.39660686,
        0.30915183
      ]
    ],
    "h" : [
      0.026253164,
      0.17119014,
      0.5666915
    ],
    "m" : [
      0.19770013,
      0.3675975,
      0.2907678
    ],
    "mode" : "explicit",
    "r" : [
      0.445401,
      0.3821022,
      0.919439
    ],
    "s" : [
      0.021231743,
      0.08713307,
      0.123426795
    ],
    "w" : [
      [
        0.2295169,
        0.07214199,
        0.09452495
      ],
      [
        0.2663091,
        0.46223798,
        0.080724955
      ],
      [
        0.29658362,
        0.39834526,
        0.4702823
      ]
    ]
  },
  "profile" : "experimental",
  "reintegration" : {
    "border" : "wall",
    "dd" : 5,
    "sigma" : 0.65
  },
  "run" : {
    "steps" : 500
  }
}