{
  "centroids" : [
    [
      65.05643,
      64.62312
    ],
    [
      65.19869,
      64.73999
    ],
    [
      65.31071,
      64.68861
    ],
    [
      65.469986,
      64.96063
    ],
    [
      65.66656,
      65.09317
    ],
    [
      65.82,
      65.293594
    ],
    [
      66.02037,
      65.61298
    ],
    [
      66.13349,
      65.920586
    ],
    [
      66.31073,
      66.11329
    ],
    [
      66.58044,
      66.22855
    ],
    [
      66.85933,
      66.27284
    ],
    [
      66.98025,
      66.41702
    ],
    [
      67.1087,
      66.53086
    ],
    [
      67.29125,
      66.61982
    ],
    [
      67.32867,
      66.79246
    ],
    [
      67.51975,
      66.889
    ],
    [
      67.67312,
      67.0175
    ],
    [
      67.75369,
      67.134995
    ],
    [
      67.996155,
      67.26404
    ],
    [
      68.10589,
      67.31274
    ],
    [
      68.09703,
      67.54019
    ],
    [
      68.22827,
      67.68023
    ],
    [
      68.24545,
      67.8454
    ],
    [
      68.32907,
      67.90295
    ],
    [
      68.39611,
      68.003296
    ],
    [
      68.46346,
      68.06019
    ],
    [
      68.57173,
      68.11762
    ],
    [
      68.64407,
      68.19242
    ],
    [
      68.72808,
      68.29427
    ],
    [
      68.79651,
      68.29369
    ],
    [
      68.902626,
      68.37135
    ],
    [
      68.98358,
      68.37098
    ],
    [
      69.10054,
      68.35487
    ],
    [
      69.07461,
      68.43484
    ],
    [
      69.208305,
      68.48011
    ],
    [
      69.23372,
      68.52653
    ]
  ],
  "fps" : 12,
  "frameCount" : 36,
  "framesPath" : "releases\/discovery-20260306-movers\/runs\/crossmap-motion-c001-s32\/85259895-ff0c-42d6-823b-50be8442130c\/frames.bin",
  "height" : 128,
  "palette" : "lenia-spectrum",
  "velocities" : [
    [
      0,
      0
    ],
    [
      0.14226532,
      0.116867065
    ],
    [
      0.11201477,
      -0.051383972
    ],
    [
      0.15927887,
      0.27202606
    ],
    [
      0.19657135,
      0.13253784
    ],
    [
      0.15344238,
      0.2004242
    ],
    [
      0.20037079,
      0.31938934
    ],
    [
      0.11312103,
      0.30760193
    ],
    [
      0.17723846,
      0.19270325
    ],
    [
      0.26970673,
      0.11526489
    ],
    [
      0.27889252,
      0.044288635
    ],
    [
      0.120918274,
      0.1441803
    ],
    [
      0.12845612,
      0.113838196
    ],
    [
      0.18254852,
      0.08895874
    ],
    [
      0.03741455,
      0.17263794
    ],
    [
      0.19108582,
      0.09654236
    ],
    [
      0.15336609,
      0.12850189
    ],
    [
      0.080574036,
      0.117492676
    ],
    [
      0.24246216,
      0.12904358
    ],
    [
      0.10973358,
      0.048698425
    ],
    [
      -0.008857727,
      0.22745514
    ],
    [
      0.13124084,
      0.14003754
    ],
    [
      0.017181396,
      0.16516876
    ],
    [
      0.083618164,
      0.057548523
    ],
    [
      0.06703949,
      0.100349426
    ],
    [
      0.067352295,
      0.056892395
    ],
    [
      0.10826874,
      0.057434082
    ],
    [
      0.07234192,
      0.074798584
    ],
    [
      0.08400726,
      0.10185242
    ],
    [
      0.06842804,
      -0.000579834
    ],
    [
      0.10611725,
      0.07765961
    ],
    [
      0.080955505,
      -0.00037384033
    ],
    [
      0.11695862,
      -0.016105652
    ],
    [
      -0.025932312,
      0.079963684
    ],
    [
      0.13369751,
      0.045272827
    ],
    [
      0.025413513,
      0.046417236
    ]
  ],
  "width" : 128
}