{
  "centroids" : [
    [
      65.31431,
      64.61424
    ],
    [
      65.78739,
      65.17334
    ],
    [
      66.34008,
      65.91623
    ],
    [
      66.4021,
      66.18256
    ],
    [
      66.08261,
      65.68971
    ],
    [
      66.17579,
      65.9181
    ],
    [
      66.42633,
      66.09833
    ],
    [
      66.46042,
      66.36562
    ],
    [
      67.15626,
      66.57869
    ],
    [
      67.15712,
      66.71902
    ],
    [
      67.45907,
      67.02051
    ],
    [
      67.650604,
      67.18484
    ]
  ],
  "fps" : 10,
  "frameCount" : 12,
  "framesPath" : "releases\/qg-20260228-real-creatures\/runs\/qg-nnea-s300064\/67afdf6e-e4c4-454e-a858-c6294f87f679\/frames.bin",
  "height" : 128,
  "palette" : "lenia-spectrum",
  "velocities" : [
    [
      0,
      0
    ],
    [
      0.4730835,
      0.5590973
    ],
    [
      0.5526886,
      0.7428894
    ],
    [
      0.06201935,
      0.26633453
    ],
    [
      -0.31948853,
      -0.49285126
    ],
    [
      0.093177795,
      0.22838593
    ],
    [
      0.2505417,
      0.18022919
    ],
    [
      0.034088135,
      0.26729584
    ],
    [
      0.6958389,
      0.2130661
    ],
    [
      0.0008621216,
      0.14032745
    ],
    [
      0.30194855,
      0.30149078
    ],
    [
      0.19153595,
      0.16432953
    ]
  ],
  "width" : 128
}