{
  "centroids" : [
    [
      64.2245,
      63.984188
    ],
    [
      64.12055,
      63.905018
    ],
    [
      64.072876,
      63.858395
    ],
    [
      64.09588,
      63.870056
    ],
    [
      64.169525,
      63.909996
    ],
    [
      64.099396,
      63.832977
    ],
    [
      64.14031,
      63.85663
    ],
    [
      64.12202,
      63.87582
    ],
    [
      64.15722,
      63.909798
    ],
    [
      64.16317,
      63.90814
    ],
    [
      64.16264,
      63.915043
    ],
    [
      64.1735,
      63.92189
    ]
  ],
  "fps" : 10,
  "frameCount" : 12,
  "framesPath" : "releases\/qg-20260228-real-creatures\/runs\/qg-nnea-s300128\/7871d054-e5c0-4975-9ed9-22e03d7f0ab3\/frames.bin",
  "height" : 128,
  "palette" : "lenia-spectrum",
  "velocities" : [
    [
      0,
      0
    ],
    [
      -0.1039505,
      -0.07917023
    ],
    [
      -0.047676086,
      -0.04662323
    ],
    [
      0.023002625,
      0.01166153
    ],
    [
      0.073646545,
      0.03993988
    ],
    [
      -0.070129395,
      -0.07701874
    ],
    [
      0.040916443,
      0.023651123
    ],
    [
      -0.018295288,
      0.019191742
    ],
    [
      0.035202026,
      0.03397751
    ],
    [
      0.0059509277,
      -0.0016593933
    ],
    [
      -0.0005264282,
      0.006904602
    ],
    [
      0.010856628,
      0.0068473816
    ]
  ],
  "width" : 128
}