{
  "backend" : "mlx",
  "channels" : 1,
  "connectivity" : [
    [
      3
    ]
  ],
  "flow" : {
    "dt" : 0.2,
    "n" : 2,
    "theta_A" : 2
  },
  "grid" : {
    "sx" : 128,
    "sy" : 128
  },
  "implementation" : {
    "mode" : "paper"
  },
  "init" : {
    "a_uniform" : {
      "high" : 1,
      "low" : 0
    },
    "p_uniform" : {
      "high" : 1,
      "low" : 0
    },
    "patches" : [
      {
        "center" : [
          32,
          32
        ],
        "size" : 24
      },
      {
        "center" : [
          96,
          96
        ],
        "size" : 24
      }
    ],
    "seed" : 300061
  },
  "interventions" : [

  ],
  "parameter_embedding" : {
    "enabled" : true,
    "mix" : "stoch",
    "mix_seed" : 42
  },
  "params" : {
    "R" : 7.2380457,
    "a" : [
      [
        0.48542374,
        0.27436328,
        0.5036354
      ],
      [
        0.87187654,
        0.35800558,
        0.10753012
      ],
      [
        0.047675133,
        0.6703388,
        0.8729901
      ]
    ],
    "b" : [
      [
        0.81698346,
        0.54820096,
        0.7310622
      ],
      [
        0.23081976,
        0.86264575,
        0.9202065
      ],
      [
        0.59656405,
        0.29037333,
        0.922211
      ]
    ],
    "h" : [
      0.10578948,
      0.8738754,
      0.30071676
    ],
    "m" : [
      0.2429985,
      0.49575475,
      0.1670353
    ],
    "mode" : "explicit",
    "r" : [
      0.7721537,
      0.7341169,
      0.575751
    ],
    "s" : [
      0.103897855,
      0.18309456,
      0.19166397
    ],
    "w" : [
      [
        0.07702087,
        0.34015077,
        0.10427783
      ],
      [
        0.2565203,
        0.49963975,
        0.42286643
      ],
      [
        0.13565797,
        0.13364726,
        0.42455497
      ]
    ]
  },
  "profile" : "experimental",
  "reintegration" : {
    "border" : "torus",
    "dd" : 5,
    "sigma" : 0.65
  },
  "run" : {
    "steps" : 500
  }
}