{
  "centroids" : [
    [
      63.15158,
      63.13379
    ],
    [
      62.920994,
      62.98338
    ],
    [
      62.899254,
      63.045063
    ],
    [
      63.340527,
      63.41997
    ],
    [
      62.982235,
      62.98696
    ],
    [
      63.095394,
      63.095222
    ],
    [
      62.861588,
      62.861866
    ],
    [
      62.906033,
      62.874004
    ],
    [
      62.949097,
      62.952244
    ],
    [
      63.23439,
      63.22872
    ],
    [
      63.263073,
      63.274277
    ],
    [
      63.115616,
      63.011192
    ]
  ],
  "fps" : 10,
  "frameCount" : 12,
  "framesPath" : "releases\/qg-20260228-real-creatures\/runs\/qg-nnea-s300032\/bde3f369-f240-46df-93b5-245cd97ebe39\/frames.bin",
  "height" : 128,
  "palette" : "lenia-spectrum",
  "velocities" : [
    [
      0,
      0
    ],
    [
      -0.230587,
      -0.1504097
    ],
    [
      -0.02173996,
      0.061683655
    ],
    [
      0.44127274,
      0.37490845
    ],
    [
      -0.35829163,
      -0.4330101
    ],
    [
      0.11315918,
      0.10826111
    ],
    [
      -0.23380661,
      -0.23335648
    ],
    [
      0.044445038,
      0.012138367
    ],
    [
      0.043064117,
      0.07823944
    ],
    [
      0.28529358,
      0.2764778
    ],
    [
      0.028682709,
      0.045555115
    ],
    [
      -0.14745712,
      -0.2630844
    ]
  ],
  "width" : 128
}