{
  "backend" : "mlx",
  "beam_mutation" : {
    "enabled" : true,
    "patch_size" : 10,
    "probability" : 0.02,
    "seed" : 99,
    "std" : 0.1
  },
  "channels" : 1,
  "connectivity" : [
    [
      3
    ]
  ],
  "environment" : {
    "depth" : 2,
    "passage_width" : 6,
    "type" : "cross_map",
    "wall_thickness" : 3,
    "wall_value" : -10
  },
  "flow" : {
    "dt" : 0.2,
    "n" : 2,
    "theta_A" : 2
  },
  "grid" : {
    "sx" : 128,
    "sy" : 128
  },
  "implementation" : {
    "mode" : "paper"
  },
  "init" : {
    "a_uniform" : {
      "high" : 1,
      "low" : 0
    },
    "p_uniform" : {
      "high" : 1,
      "low" : 0
    },
    "patches" : [
      {
        "center" : [
          32,
          32
        ],
        "size" : 20
      },
      {
        "center" : [
          96,
          32
        ],
        "size" : 20
      },
      {
        "center" : [
          32,
          96
        ],
        "size" : 20
      },
      {
        "center" : [
          96,
          96
        ],
        "size" : 20
      }
    ],
    "seed" : 87
  },
  "interventions" : [

  ],
  "parameter_embedding" : {
    "enabled" : true,
    "mix" : "stoch_gene_wise",
    "mix_seed" : 42
  },
  "params" : {
    "R" : 6.7012076,
    "a" : [
      [
        0.930259,
        0.07879484,
        0.51082724
      ],
      [
        0.4856394,
        0.9091206,
        0.027622461
      ],
      [
        0.68399537,
        0.7452593,
        0.037270904
      ]
    ],
    "b" : [
      [
        0.874779,
        0.116055846,
        0.015049577
      ],
      [
        0.83101153,
        0.8564584,
        0.09819639
      ],
      [
        0.8599495,
        0.97378194,
        0.5290682
      ]
    ],
    "h" : [
      0.27973956,
      0.6493813,
      0.38479662
    ],
    "m" : [
      0.31769487,
      0.21659645,
      0.10242477
    ],
    "mode" : "explicit",
    "r" : [
      0.4689992,
      0.21624938,
      0.9344653
    ],
    "s" : [
      0.08984519,
      0.037887197,
      0.16019581
    ],
    "w" : [
      [
        0.39593968,
        0.3169177,
        0.30021125
      ],
      [
        0.09787248,
        0.24011235,
        0.32050055
      ],
      [
        0.1093634,
        0.20374244,
        0.4180398
      ]
    ]
  },
  "profile" : "experimental",
  "reintegration" : {
    "border" : "wall",
    "dd" : 5,
    "sigma" : 0.65
  },
  "run" : {
    "steps" : 500
  }
}