{
  "backend" : "mlx",
  "beam_mutation" : {
    "enabled" : true,
    "patch_size" : 10,
    "probability" : 0.02,
    "seed" : 99,
    "std" : 0.1
  },
  "channels" : 1,
  "connectivity" : [
    [
      3
    ]
  ],
  "environment" : {
    "depth" : 2,
    "passage_width" : 6,
    "type" : "cross_map",
    "wall_thickness" : 3,
    "wall_value" : -10
  },
  "flow" : {
    "dt" : 0.2,
    "n" : 2,
    "theta_A" : 2
  },
  "grid" : {
    "sx" : 128,
    "sy" : 128
  },
  "implementation" : {
    "mode" : "paper"
  },
  "init" : {
    "a_uniform" : {
      "high" : 1,
      "low" : 0
    },
    "p_uniform" : {
      "high" : 1,
      "low" : 0
    },
    "patches" : [
      {
        "center" : [
          32,
          32
        ],
        "size" : 20
      },
      {
        "center" : [
          96,
          32
        ],
        "size" : 20
      },
      {
        "center" : [
          32,
          96
        ],
        "size" : 20
      },
      {
        "center" : [
          96,
          96
        ],
        "size" : 20
      }
    ],
    "seed" : 72
  },
  "interventions" : [

  ],
  "parameter_embedding" : {
    "enabled" : true,
    "mix" : "stoch_gene_wise",
    "mix_seed" : 42
  },
  "params" : {
    "R" : 4.632272,
    "a" : [
      [
        0.9173204,
        0.14504772,
        0.39995056
      ],
      [
        0.6371104,
        0.8264546,
        0.46791095
      ],
      [
        0.9206202,
        0.68254507,
        0.9751371
      ]
    ],
    "b" : [
      [
        0.22501981,
        0.60713005,
        0.7716818
      ],
      [
        0.140428,
        0.36850953,
        0.39775163
      ],
      [
        0.1547693,
        0.24610561,
        0.55732644
      ]
    ],
    "h" : [
      0.27602828,
      0.87637174,
      0.14217412
    ],
    "m" : [
      0.45331436,
      0.43595743,
      0.14140475
    ],
    "mode" : "explicit",
    "r" : [
      0.4880926,
      0.6186006,
      0.62293845
    ],
    "s" : [
      0.11131719,
      0.19609056,
      0.06430726
    ],
    "w" : [
      [
        0.40322435,
        0.40453526,
        0.22936969
      ],
      [
        0.036079716,
        0.14877649,
        0.08180982
      ],
      [
        0.04050239,
        0.20548384,
        0.15208425
      ]
    ]
  },
  "profile" : "experimental",
  "reintegration" : {
    "border" : "wall",
    "dd" : 5,
    "sigma" : 0.65
  },
  "run" : {
    "steps" : 500
  }
}