{
  "centroids" : [
    [
      64.41263,
      63.5713
    ],
    [
      64.50198,
      63.54645
    ],
    [
      64.5443,
      63.452213
    ],
    [
      64.42517,
      63.5251
    ],
    [
      64.468544,
      63.77834
    ],
    [
      64.64039,
      63.6301
    ],
    [
      64.64041,
      64.027145
    ],
    [
      64.63645,
      64.16737
    ],
    [
      65.0451,
      64.249954
    ],
    [
      65.28448,
      64.42526
    ],
    [
      65.535065,
      64.58556
    ],
    [
      65.70926,
      64.827614
    ],
    [
      65.7621,
      65.122475
    ],
    [
      66.00645,
      65.16786
    ],
    [
      66.088455,
      65.32905
    ],
    [
      66.19997,
      65.39408
    ],
    [
      66.31446,
      65.6102
    ],
    [
      66.38034,
      65.63762
    ],
    [
      66.57516,
      65.86089
    ],
    [
      66.65482,
      65.96878
    ],
    [
      66.66907,
      66.09376
    ],
    [
      66.80088,
      66.10686
    ],
    [
      66.98219,
      66.11461
    ],
    [
      67.01252,
      66.208115
    ],
    [
      67.10139,
      66.3438
    ],
    [
      67.20303,
      66.34923
    ],
    [
      67.13432,
      66.47713
    ],
    [
      67.31138,
      66.46805
    ],
    [
      67.33628,
      66.54265
    ],
    [
      67.383095,
      66.70867
    ],
    [
      67.54004,
      66.724724
    ],
    [
      67.52925,
      66.79376
    ],
    [
      67.655716,
      66.81979
    ],
    [
      67.68369,
      66.86705
    ],
    [
      67.75806,
      66.845024
    ],
    [
      67.84799,
      66.865814
    ]
  ],
  "fps" : 12,
  "frameCount" : 36,
  "framesPath" : "releases\/discovery-20260306-movers\/runs\/crossmap-motion-c002-s64\/0eb0aebb-894a-45d0-a88e-8611fc958f79\/frames.bin",
  "height" : 128,
  "palette" : "lenia-spectrum",
  "velocities" : [
    [
      0,
      0
    ],
    [
      0.08935547,
      -0.024848938
    ],
    [
      0.042312622,
      -0.09423828
    ],
    [
      -0.119125366,
      0.07288742
    ],
    [
      0.043373108,
      0.25323868
    ],
    [
      0.17184448,
      -0.14823914
    ],
    [
      2.2888184e-05,
      0.39704514
    ],
    [
      -0.0039596558,
      0.14022827
    ],
    [
      0.40864563,
      0.08258057
    ],
    [
      0.23937988,
      0.17530823
    ],
    [
      0.25058746,
      0.16030121
    ],
    [
      0.17419434,
      0.24205017
    ],
    [
      0.052841187,
      0.29486084
    ],
    [
      0.24434662,
      0.045387268
    ],
    [
      0.08200836,
      0.16118622
    ],
    [
      0.11151123,
      0.06503296
    ],
    [
      0.114494324,
      0.21611786
    ],
    [
      0.06587982,
      0.027420044
    ],
    [
      0.19481659,
      0.22327423
    ],
    [
      0.07966614,
      0.10788727
    ],
    [
      0.01424408,
      0.12497711
    ],
    [
      0.13181305,
      0.01309967
    ],
    [
      0.18131256,
      0.007751465
    ],
    [
      0.030326843,
      0.09350586
    ],
    [
      0.08886719,
      0.13568878
    ],
    [
      0.10164642,
      0.0054244995
    ],
    [
      -0.06871033,
      0.12789917
    ],
    [
      0.17705536,
      -0.0090789795
    ],
    [
      0.024902344,
      0.07460022
    ],
    [
      0.046813965,
      0.16602325
    ],
    [
      0.15694427,
      0.016052246
    ],
    [
      -0.010787964,
      0.06903839
    ],
    [
      0.12646484,
      0.026031494
    ],
    [
      0.02797699,
      0.04725647
    ],
    [
      0.07436371,
      -0.022026062
    ],
    [
      0.0899353,
      0.0207901
    ]
  ],
  "width" : 128
}