{
  "backend" : "mlx",
  "beam_mutation" : {
    "enabled" : true,
    "patch_size" : 10,
    "probability" : 0.02,
    "seed" : 99,
    "std" : 0.1
  },
  "channels" : 1,
  "connectivity" : [
    [
      3
    ]
  ],
  "environment" : {
    "depth" : 2,
    "passage_width" : 6,
    "type" : "cross_map",
    "wall_thickness" : 3,
    "wall_value" : -10
  },
  "flow" : {
    "dt" : 0.2,
    "n" : 2,
    "theta_A" : 2
  },
  "grid" : {
    "sx" : 128,
    "sy" : 128
  },
  "implementation" : {
    "mode" : "paper"
  },
  "init" : {
    "a_uniform" : {
      "high" : 1,
      "low" : 0
    },
    "p_uniform" : {
      "high" : 1,
      "low" : 0
    },
    "patches" : [
      {
        "center" : [
          32,
          32
        ],
        "size" : 20
      },
      {
        "center" : [
          96,
          32
        ],
        "size" : 20
      },
      {
        "center" : [
          32,
          96
        ],
        "size" : 20
      },
      {
        "center" : [
          96,
          96
        ],
        "size" : 20
      }
    ],
    "seed" : 59
  },
  "interventions" : [

  ],
  "parameter_embedding" : {
    "enabled" : true,
    "mix" : "stoch_gene_wise",
    "mix_seed" : 42
  },
  "params" : {
    "R" : 7.3641634,
    "a" : [
      [
        0.61258966,
        0.92503947,
        0.23647714
      ],
      [
        0.22973758,
        0.018226922,
        0.99854493
      ],
      [
        0.9733913,
        0.30665678,
        0.7871773
      ]
    ],
    "b" : [
      [
        0.4781503,
        0.9790514,
        0.40572572
      ],
      [
        0.8899263,
        0.15571469,
        0.8176695
      ],
      [
        0.6543341,
        0.88654995,
        0.039435506
      ]
    ],
    "h" : [
      0.4303425,
      0.20212615,
      0.011627197
    ],
    "m" : [
      0.40129095,
      0.25223646,
      0.3313708
    ],
    "mode" : "explicit",
    "r" : [
      0.35257226,
      0.9266139,
      0.8604075
    ],
    "s" : [
      0.033937946,
      0.063032284,
      0.17307581
    ],
    "w" : [
      [
        0.41381082,
        0.22217341,
        0.06347591
      ],
      [
        0.20150314,
        0.15255614,
        0.06836796
      ],
      [
        0.122791015,
        0.3650317,
        0.40697756
      ]
    ]
  },
  "profile" : "experimental",
  "reintegration" : {
    "border" : "wall",
    "dd" : 5,
    "sigma" : 0.65
  },
  "run" : {
    "steps" : 500
  }
}