{
  "backend" : "mlx",
  "channels" : 1,
  "connectivity" : [
    [
      3
    ]
  ],
  "flow" : {
    "dt" : 0.2,
    "n" : 2,
    "theta_A" : 2
  },
  "grid" : {
    "sx" : 128,
    "sy" : 128
  },
  "implementation" : {
    "mode" : "paper"
  },
  "init" : {
    "a_uniform" : {
      "high" : 1,
      "low" : 0
    },
    "p_uniform" : {
      "high" : 1,
      "low" : 0
    },
    "patches" : [
      {
        "center" : [
          32,
          32
        ],
        "size" : 24
      },
      {
        "center" : [
          96,
          96
        ],
        "size" : 24
      }
    ],
    "seed" : 300057
  },
  "interventions" : [

  ],
  "parameter_embedding" : {
    "enabled" : true,
    "mix" : "stoch",
    "mix_seed" : 42
  },
  "params" : {
    "R" : 13.703461,
    "a" : [
      [
        0.057650626,
        0.08971667,
        0.7134488
      ],
      [
        0.88371706,
        0.13106,
        0.5493463
      ],
      [
        0.52491,
        0.88919556,
        0.62340534
      ]
    ],
    "b" : [
      [
        0.57352227,
        0.27732885,
        0.7477249
      ],
      [
        0.77582455,
        0.74792075,
        0.23270154
      ],
      [
        0.97129166,
        0.015075982,
        0.2247814
      ]
    ],
    "h" : [
      0.09597969,
      0.9397528,
      0.48346782
    ],
    "m" : [
      0.33197325,
      0.27002013,
      0.48833454
    ],
    "mode" : "explicit",
    "r" : [
      0.38029003,
      0.6251125,
      0.57369834
    ],
    "s" : [
      0.0074635916,
      0.13952611,
      0.05261232
    ],
    "w" : [
      [
        0.32321668,
        0.32187155,
        0.21348177
      ],
      [
        0.12029318,
        0.13694204,
        0.08366588
      ],
      [
        0.40599275,
        0.034457657,
        0.35499418
      ]
    ]
  },
  "profile" : "experimental",
  "reintegration" : {
    "border" : "torus",
    "dd" : 5,
    "sigma" : 0.65
  },
  "run" : {
    "steps" : 500
  }
}