{
  "backend" : "mlx",
  "beam_mutation" : {
    "enabled" : true,
    "patch_size" : 10,
    "probability" : 0.02,
    "seed" : 99,
    "std" : 0.1
  },
  "channels" : 1,
  "connectivity" : [
    [
      3
    ]
  ],
  "environment" : {
    "depth" : 2,
    "passage_width" : 6,
    "type" : "cross_map",
    "wall_thickness" : 3,
    "wall_value" : -10
  },
  "flow" : {
    "dt" : 0.2,
    "n" : 2,
    "theta_A" : 2
  },
  "grid" : {
    "sx" : 128,
    "sy" : 128
  },
  "implementation" : {
    "mode" : "paper"
  },
  "init" : {
    "a_uniform" : {
      "high" : 1,
      "low" : 0
    },
    "p_uniform" : {
      "high" : 1,
      "low" : 0
    },
    "patches" : [
      {
        "center" : [
          32,
          32
        ],
        "size" : 20
      },
      {
        "center" : [
          96,
          32
        ],
        "size" : 20
      },
      {
        "center" : [
          32,
          96
        ],
        "size" : 20
      },
      {
        "center" : [
          96,
          96
        ],
        "size" : 20
      }
    ],
    "seed" : 7
  },
  "interventions" : [

  ],
  "parameter_embedding" : {
    "enabled" : true,
    "mix" : "stoch_gene_wise",
    "mix_seed" : 42
  },
  "params" : {
    "R" : 15.458232,
    "a" : [
      [
        0.17583,
        0.66060114,
        0.37781626
      ],
      [
        0.36440742,
        0.22704661,
        0.1916138
      ],
      [
        0.9491475,
        0.8730972,
        0.98761207
      ]
    ],
    "b" : [
      [
        0.4032923,
        0.4145223,
        0.79587805
      ],
      [
        0.20219141,
        0.23832315,
        0.5988831
      ],
      [
        0.53310126,
        0.022307992,
        0.1596281
      ]
    ],
    "h" : [
      0.68249166,
      0.29055226,
      0.954473
    ],
    "m" : [
      0.2965644,
      0.23903331,
      0.47183782
    ],
    "mode" : "explicit",
    "r" : [
      0.47873604,
      0.96323735,
      0.78341264
    ],
    "s" : [
      0.088739134,
      0.14972334,
      0.1921657
    ],
    "w" : [
      [
        0.15216176,
        0.3220026,
        0.031765595
      ],
      [
        0.06152659,
        0.21830265,
        0.4281266
      ],
      [
        0.15663975,
        0.19125436,
        0.010566251
      ]
    ]
  },
  "profile" : "experimental",
  "reintegration" : {
    "border" : "wall",
    "dd" : 5,
    "sigma" : 0.65
  },
  "run" : {
    "steps" : 500
  }
}