{
  "backend" : "mlx",
  "channels" : 1,
  "connectivity" : [
    [
      3
    ]
  ],
  "flow" : {
    "dt" : 0.2,
    "n" : 2,
    "theta_A" : 2
  },
  "grid" : {
    "sx" : 128,
    "sy" : 128
  },
  "implementation" : {
    "mode" : "paper"
  },
  "init" : {
    "a_uniform" : {
      "high" : 1,
      "low" : 0
    },
    "p_uniform" : {
      "high" : 1,
      "low" : 0
    },
    "patches" : [
      {
        "center" : [
          32,
          32
        ],
        "size" : 24
      },
      {
        "center" : [
          96,
          96
        ],
        "size" : 24
      }
    ],
    "seed" : 300017
  },
  "interventions" : [

  ],
  "parameter_embedding" : {
    "enabled" : true,
    "mix" : "stoch",
    "mix_seed" : 42
  },
  "params" : {
    "R" : 6.1057816,
    "a" : [
      [
        0.98078203,
        0.21943647,
        0.62528974
      ],
      [
        0.21400094,
        0.012578785,
        0.7060855
      ],
      [
        0.17122447,
        0.3976388,
        0.34204084
      ]
    ],
    "b" : [
      [
        0.08621895,
        0.68300366,
        0.91484314
      ],
      [
        0.9054841,
        0.9096815,
        0.22569191
      ],
      [
        0.8715303,
        0.8372887,
        0.99853677
      ]
    ],
    "h" : [
      0.69671136,
      0.66514516,
      0.18227708
    ],
    "m" : [
      0.11731817,
      0.4901403,
      0.31549805
    ],
    "mode" : "explicit",
    "r" : [
      0.9170403,
      0.21646981,
      0.3065959
    ],
    "s" : [
      0.03364004,
      0.08242645,
      0.13668469
    ],
    "w" : [
      [
        0.42239407,
        0.067236096,
        0.45496696
      ],
      [
        0.47867304,
        0.13367495,
        0.19232504
      ],
      [
        0.41442302,
        0.15191564,
        0.42750537
      ]
    ]
  },
  "profile" : "experimental",
  "reintegration" : {
    "border" : "torus",
    "dd" : 5,
    "sigma" : 0.65
  },
  "run" : {
    "steps" : 500
  }
}