{
  "centroids" : [
    [
      61.50674,
      61.29028
    ],
    [
      61.61071,
      61.36587
    ],
    [
      61.479195,
      61.304436
    ],
    [
      61.457806,
      61.339214
    ],
    [
      61.31652,
      61.202587
    ],
    [
      61.336277,
      61.223984
    ],
    [
      61.465206,
      61.37987
    ],
    [
      61.40552,
      61.329185
    ],
    [
      61.550266,
      61.48833
    ],
    [
      61.63016,
      61.565445
    ],
    [
      61.606445,
      61.527607
    ],
    [
      61.63231,
      61.54254
    ]
  ],
  "fps" : 10,
  "frameCount" : 12,
  "framesPath" : "releases\/qg-20260228-real-creatures\/runs\/qg-nnea-s300000\/9e016e3d-ab43-4e06-ad23-49c59b850461\/frames.bin",
  "height" : 128,
  "palette" : "lenia-spectrum",
  "velocities" : [
    [
      0,
      0
    ],
    [
      0.103969574,
      0.07559204
    ],
    [
      -0.1315155,
      -0.0614357
    ],
    [
      -0.021389008,
      0.034778595
    ],
    [
      -0.14128494,
      -0.1366272
    ],
    [
      0.019756317,
      0.021396637
    ],
    [
      0.12892914,
      0.1558876
    ],
    [
      -0.059684753,
      -0.050685883
    ],
    [
      0.14474487,
      0.15914536
    ],
    [
      0.07989502,
      0.077114105
    ],
    [
      -0.023715973,
      -0.037837982
    ],
    [
      0.025863647,
      0.01493454
    ]
  ],
  "width" : 128
}