{
  "backend" : "mlx",
  "beam_mutation" : {
    "enabled" : true,
    "patch_size" : 10,
    "probability" : 0.02,
    "seed" : 99,
    "std" : 0.1
  },
  "channels" : 1,
  "connectivity" : [
    [
      3
    ]
  ],
  "environment" : {
    "depth" : 2,
    "passage_width" : 6,
    "type" : "cross_map",
    "wall_thickness" : 3,
    "wall_value" : -10
  },
  "flow" : {
    "dt" : 0.2,
    "n" : 2,
    "theta_A" : 2
  },
  "grid" : {
    "sx" : 128,
    "sy" : 128
  },
  "implementation" : {
    "mode" : "paper"
  },
  "init" : {
    "a_uniform" : {
      "high" : 1,
      "low" : 0
    },
    "p_uniform" : {
      "high" : 1,
      "low" : 0
    },
    "patches" : [
      {
        "center" : [
          32,
          32
        ],
        "size" : 20
      },
      {
        "center" : [
          96,
          32
        ],
        "size" : 20
      },
      {
        "center" : [
          32,
          96
        ],
        "size" : 20
      },
      {
        "center" : [
          96,
          96
        ],
        "size" : 20
      }
    ],
    "seed" : 20
  },
  "interventions" : [

  ],
  "parameter_embedding" : {
    "enabled" : true,
    "mix" : "stoch_gene_wise",
    "mix_seed" : 42
  },
  "params" : {
    "R" : 6.8862643,
    "a" : [
      [
        0.026010573,
        0.8798232,
        0.09939176
      ],
      [
        0.6522208,
        0.2514609,
        0.9316433
      ],
      [
        0.22264707,
        0.3440581,
        0.6216626
      ]
    ],
    "b" : [
      [
        0.57570606,
        0.42381454,
        0.7536218
      ],
      [
        0.20494771,
        0.96372056,
        0.26655525
      ],
      [
        0.3056931,
        0.11093682,
        0.856971
      ]
    ],
    "h" : [
      0.7061067,
      0.5212896,
      0.6205604
    ],
    "m" : [
      0.23950975,
      0.17569841,
      0.24778251
    ],
    "mode" : "explicit",
    "r" : [
      0.42527473,
      0.7249682,
      0.85670936
    ],
    "s" : [
      0.15519865,
      0.04856863,
      0.041816406
    ],
    "w" : [
      [
        0.33479908,
        0.035756927,
        0.39345253
      ],
      [
        0.2074545,
        0.031579785,
        0.20908844
      ],
      [
        0.46384573,
        0.17051286,
        0.4865134
      ]
    ]
  },
  "profile" : "experimental",
  "reintegration" : {
    "border" : "wall",
    "dd" : 5,
    "sigma" : 0.65
  },
  "run" : {
    "steps" : 500
  }
}