{
  "centroids" : [
    [
      63.482227,
      62.97122
    ],
    [
      63.090588,
      63.347694
    ],
    [
      63.32912,
      63.051754
    ],
    [
      63.46294,
      62.91177
    ],
    [
      63.114777,
      63.19945
    ],
    [
      62.96031,
      63.387115
    ],
    [
      63.08782,
      63.2606
    ],
    [
      63.062683,
      63.275955
    ],
    [
      63.218575,
      63.066383
    ],
    [
      62.98712,
      63.281853
    ],
    [
      63.29606,
      62.827686
    ],
    [
      62.67452,
      63.433086
    ],
    [
      63.02894,
      63.026493
    ],
    [
      62.93662,
      63.043957
    ],
    [
      62.78547,
      63.228004
    ],
    [
      63.007782,
      63.020752
    ],
    [
      63.110733,
      62.91499
    ],
    [
      63.174072,
      62.814564
    ],
    [
      62.569435,
      63.434784
    ],
    [
      62.98379,
      62.979076
    ],
    [
      63.216705,
      62.82233
    ],
    [
      63.140263,
      62.795246
    ],
    [
      63.11198,
      62.838993
    ],
    [
      62.950195,
      62.968388
    ],
    [
      62.959087,
      62.964935
    ],
    [
      62.92756,
      62.924793
    ],
    [
      62.97109,
      62.902046
    ],
    [
      62.8147,
      63.015553
    ],
    [
      62.923767,
      62.950253
    ],
    [
      63.15834,
      62.681904
    ],
    [
      63.047215,
      62.76554
    ],
    [
      63.160725,
      62.584637
    ],
    [
      62.90432,
      62.86514
    ],
    [
      63.074142,
      62.638542
    ],
    [
      62.948586,
      62.788567
    ],
    [
      62.897755,
      62.778316
    ]
  ],
  "fps" : 12,
  "frameCount" : 36,
  "framesPath" : "releases\/glider-candidates-20260307\/runs\/open-glider-c001-s32\/8710e6f6-e2fd-4c0b-a647-99e723a8f494\/frames.bin",
  "height" : 128,
  "palette" : "lenia-spectrum",
  "velocities" : [
    [
      0,
      0
    ],
    [
      -0.3916397,
      0.3764763
    ],
    [
      0.23853302,
      -0.2959404
    ],
    [
      0.13381958,
      -0.13998413
    ],
    [
      -0.3481636,
      0.28768158
    ],
    [
      -0.15446472,
      0.18766403
    ],
    [
      0.12750626,
      -0.12651443
    ],
    [
      -0.02513504,
      0.0153541565
    ],
    [
      0.15589142,
      -0.20957184
    ],
    [
      -0.23145294,
      0.21546936
    ],
    [
      0.30893707,
      -0.4541664
    ],
    [
      -0.62154007,
      0.6054001
    ],
    [
      0.3544197,
      -0.40659332
    ],
    [
      -0.09231949,
      0.017463684
    ],
    [
      -0.15114975,
      0.1840477
    ],
    [
      0.22231293,
      -0.2072525
    ],
    [
      0.10295105,
      -0.10576248
    ],
    [
      0.06333923,
      -0.10042572
    ],
    [
      -0.60463715,
      0.6202202
    ],
    [
      0.41435623,
      -0.45570755
    ],
    [
      0.23291397,
      -0.15674591
    ],
    [
      -0.07644272,
      -0.02708435
    ],
    [
      -0.028282166,
      0.04374695
    ],
    [
      -0.16178513,
      0.12939453
    ],
    [
      0.008892059,
      -0.003452301
    ],
    [
      -0.031528473,
      -0.04014206
    ],
    [
      0.04352951,
      -0.02274704
    ],
    [
      -0.15638733,
      0.11350632
    ],
    [
      0.10906601,
      -0.06529999
    ],
    [
      0.23457336,
      -0.2683487
    ],
    [
      -0.111125946,
      0.08363724
    ],
    [
      0.11351013,
      -0.18090439
    ],
    [
      -0.25640488,
      0.28050232
    ],
    [
      0.1698227,
      -0.22659683
    ],
    [
      -0.12555695,
      0.15002441
    ],
    [
      -0.05083084,
      -0.010250092
    ]
  ],
  "width" : 128
}