{
  "backend" : "mlx",
  "beam_mutation" : {
    "enabled" : true,
    "patch_size" : 10,
    "probability" : 0.02,
    "seed" : 99,
    "std" : 0.1
  },
  "channels" : 1,
  "connectivity" : [
    [
      3
    ]
  ],
  "environment" : {
    "depth" : 2,
    "passage_width" : 6,
    "type" : "cross_map",
    "wall_thickness" : 3,
    "wall_value" : -10
  },
  "flow" : {
    "dt" : 0.2,
    "n" : 2,
    "theta_A" : 2
  },
  "grid" : {
    "sx" : 128,
    "sy" : 128
  },
  "implementation" : {
    "mode" : "paper"
  },
  "init" : {
    "a_uniform" : {
      "high" : 1,
      "low" : 0
    },
    "p_uniform" : {
      "high" : 1,
      "low" : 0
    },
    "patches" : [
      {
        "center" : [
          32,
          32
        ],
        "size" : 20
      },
      {
        "center" : [
          96,
          32
        ],
        "size" : 20
      },
      {
        "center" : [
          32,
          96
        ],
        "size" : 20
      },
      {
        "center" : [
          96,
          96
        ],
        "size" : 20
      }
    ],
    "seed" : 3
  },
  "interventions" : [

  ],
  "parameter_embedding" : {
    "enabled" : true,
    "mix" : "stoch_gene_wise",
    "mix_seed" : 42
  },
  "params" : {
    "R" : 15.5436125,
    "a" : [
      [
        0.875054,
        0.5922414,
        0.20417833
      ],
      [
        0.05616373,
        0.6172006,
        0.51809573
      ],
      [
        0.12008119,
        0.5939984,
        0.8695173
      ]
    ],
    "b" : [
      [
        0.4010588,
        0.79186404,
        0.03563398
      ],
      [
        0.79588306,
        0.8614131,
        0.78237814
      ],
      [
        0.6328647,
        0.84308594,
        0.1889081
      ]
    ],
    "h" : [
      0.9197827,
      0.017182052,
      0.8859387
    ],
    "m" : [
      0.07697495,
      0.47746867,
      0.49838114
    ],
    "mode" : "explicit",
    "r" : [
      0.88439405,
      0.5859578,
      0.8509871
    ],
    "s" : [
      0.1468143,
      0.13437009,
      0.11558228
    ],
    "w" : [
      [
        0.31062642,
        0.29176065,
        0.20511557
      ],
      [
        0.19664037,
        0.43905276,
        0.41688576
      ],
      [
        0.48096424,
        0.45551908,
        0.47730872
      ]
    ]
  },
  "profile" : "experimental",
  "reintegration" : {
    "border" : "wall",
    "dd" : 5,
    "sigma" : 0.65
  },
  "run" : {
    "steps" : 500
  }
}