{
  "centroids" : [
    [
      63.91135,
      63.93026
    ],
    [
      63.81868,
      63.88882
    ],
    [
      63.755272,
      63.77934
    ],
    [
      63.62452,
      63.599174
    ],
    [
      63.72912,
      63.79392
    ],
    [
      63.512592,
      63.571007
    ],
    [
      63.424942,
      63.510174
    ],
    [
      63.544323,
      63.635223
    ],
    [
      63.25275,
      63.35212
    ],
    [
      63.139706,
      63.21544
    ],
    [
      63.18953,
      63.248074
    ],
    [
      63.240337,
      63.2924
    ]
  ],
  "fps" : 10,
  "frameCount" : 12,
  "framesPath" : "releases\/qg-20260228-real-creatures\/runs\/qg-nnea-s300192\/4042a358-2214-4b13-a241-02aaa4f10751\/frames.bin",
  "height" : 128,
  "palette" : "lenia-spectrum",
  "velocities" : [
    [
      0,
      0
    ],
    [
      -0.09267044,
      -0.041439056
    ],
    [
      -0.0634079,
      -0.10948181
    ],
    [
      -0.13075256,
      -0.18016434
    ],
    [
      0.104599,
      0.19474411
    ],
    [
      -0.21652603,
      -0.22291183
    ],
    [
      -0.0876503,
      -0.060832977
    ],
    [
      0.11938095,
      0.12504959
    ],
    [
      -0.29157257,
      -0.28310394
    ],
    [
      -0.11304474,
      -0.1366806
    ],
    [
      0.04982376,
      0.032634735
    ],
    [
      0.050807953,
      0.044326782
    ]
  ],
  "width" : 128
}