{
  "backend" : "mlx",
  "channels" : 1,
  "connectivity" : [
    [
      3
    ]
  ],
  "flow" : {
    "dt" : 0.2,
    "n" : 2,
    "theta_A" : 2
  },
  "grid" : {
    "sx" : 128,
    "sy" : 128
  },
  "implementation" : {
    "mode" : "paper"
  },
  "init" : {
    "a_uniform" : {
      "high" : 1,
      "low" : 0
    },
    "p_uniform" : {
      "high" : 1,
      "low" : 0
    },
    "patches" : [
      {
        "center" : [
          32,
          32
        ],
        "size" : 24
      },
      {
        "center" : [
          96,
          96
        ],
        "size" : 24
      }
    ],
    "seed" : 300205
  },
  "interventions" : [

  ],
  "parameter_embedding" : {
    "enabled" : true,
    "mix" : "stoch",
    "mix_seed" : 42
  },
  "params" : {
    "R" : 13.873985,
    "a" : [
      [
        0.8288781,
        0.8674281,
        0.22310132
      ],
      [
        0.6279846,
        0.06133163,
        0.11089194
      ],
      [
        0.18617535,
        0.17268085,
        0.4527024
      ]
    ],
    "b" : [
      [
        0.66356915,
        0.030156016,
        0.22288954
      ],
      [
        0.19842982,
        0.18352044,
        0.532814
      ],
      [
        0.076680064,
        0.03412801,
        0.84262806
      ]
    ],
    "h" : [
      0.97021055,
      0.76704043,
      0.5893533
    ],
    "m" : [
      0.19827376,
      0.38891593,
      0.19422996
    ],
    "mode" : "explicit",
    "r" : [
      0.7683924,
      0.7497724,
      0.92428756
    ],
    "s" : [
      0.020318124,
      0.12604584,
      0.11404184
    ],
    "w" : [
      [
        0.34829506,
        0.44615692,
        0.062110245
      ],
      [
        0.2737822,
        0.13814001,
        0.43498135
      ],
      [
        0.27210498,
        0.32502434,
        0.15628527
      ]
    ]
  },
  "profile" : "experimental",
  "reintegration" : {
    "border" : "torus",
    "dd" : 5,
    "sigma" : 0.65
  },
  "run" : {
    "steps" : 500
  }
}