{
  "backend" : "mlx",
  "channels" : 1,
  "connectivity" : [
    [
      3
    ]
  ],
  "flow" : {
    "dt" : 0.2,
    "n" : 2,
    "theta_A" : 2
  },
  "grid" : {
    "sx" : 128,
    "sy" : 128
  },
  "implementation" : {
    "mode" : "paper"
  },
  "init" : {
    "a_uniform" : {
      "high" : 1,
      "low" : 0
    },
    "p_uniform" : {
      "high" : 1,
      "low" : 0
    },
    "patches" : [
      {
        "center" : [
          32,
          32
        ],
        "size" : 24
      },
      {
        "center" : [
          96,
          96
        ],
        "size" : 24
      }
    ],
    "seed" : 300142
  },
  "interventions" : [

  ],
  "parameter_embedding" : {
    "enabled" : true,
    "mix" : "stoch",
    "mix_seed" : 42
  },
  "params" : {
    "R" : 17.363476,
    "a" : [
      [
        0.184277,
        0.4240107,
        0.79473466
      ],
      [
        0.17618704,
        0.35413283,
        0.75486207
      ],
      [
        0.2627282,
        0.6692319,
        0.16080463
      ]
    ],
    "b" : [
      [
        0.31435633,
        0.23454201,
        0.074606955
      ],
      [
        0.24583119,
        0.9150957,
        0.7961421
      ],
      [
        0.6693965,
        0.5660799,
        0.7593945
      ]
    ],
    "h" : [
      0.29381108,
      0.37877154,
      0.75413436
    ],
    "m" : [
      0.27136818,
      0.35231656,
      0.47215936
    ],
    "mode" : "explicit",
    "r" : [
      0.28363824,
      0.79603916,
      0.43752134
    ],
    "s" : [
      0.13660602,
      0.18705224,
      0.07731594
    ],
    "w" : [
      [
        0.47826543,
        0.3175002,
        0.13853513
      ],
      [
        0.14078197,
        0.47677815,
        0.3119446
      ],
      [
        0.42368922,
        0.44623452,
        0.30686978
      ]
    ]
  },
  "profile" : "experimental",
  "reintegration" : {
    "border" : "torus",
    "dd" : 5,
    "sigma" : 0.65
  },
  "run" : {
    "steps" : 500
  }
}