{
  "centroids" : [
    [
      63.873203,
      63.641556
    ],
    [
      64.032455,
      63.796223
    ],
    [
      63.996983,
      63.766644
    ],
    [
      63.92962,
      63.70505
    ],
    [
      63.983906,
      63.776928
    ],
    [
      63.810654,
      63.619816
    ],
    [
      63.676064,
      63.497456
    ],
    [
      63.46862,
      63.283195
    ],
    [
      63.354378,
      63.1554
    ],
    [
      63.259384,
      63.059708
    ],
    [
      63.291565,
      63.09849
    ],
    [
      63.28747,
      63.09251
    ]
  ],
  "fps" : 10,
  "frameCount" : 12,
  "framesPath" : "releases\/qg-20260228-real-creatures\/runs\/qg-nnea-s300128\/f6c80b88-dd96-44ec-b05f-30d657d6dca1\/frames.bin",
  "height" : 128,
  "palette" : "lenia-spectrum",
  "velocities" : [
    [
      0,
      0
    ],
    [
      0.15925217,
      0.1546669
    ],
    [
      -0.03547287,
      -0.029579163
    ],
    [
      -0.06736374,
      -0.061592102
    ],
    [
      0.054286957,
      0.071876526
    ],
    [
      -0.1732521,
      -0.15711212
    ],
    [
      -0.13459015,
      -0.12236023
    ],
    [
      -0.20744324,
      -0.2142601
    ],
    [
      -0.11424255,
      -0.12779617
    ],
    [
      -0.09499359,
      -0.09569168
    ],
    [
      0.032180786,
      0.038784027
    ],
    [
      -0.00409317,
      -0.0059814453
    ]
  ],
  "width" : 128
}