{
  "centroids" : [
    [
      64.47253,
      64.42499
    ],
    [
      64.53632,
      64.67162
    ],
    [
      64.73963,
      65.12086
    ],
    [
      64.99679,
      65.15224
    ],
    [
      64.83189,
      64.88407
    ],
    [
      64.62578,
      64.6628
    ],
    [
      63.913387,
      64.026924
    ],
    [
      63.749435,
      63.934986
    ],
    [
      63.446938,
      63.519405
    ],
    [
      63.669823,
      63.612926
    ],
    [
      63.548664,
      63.56549
    ],
    [
      63.764034,
      63.71143
    ]
  ],
  "fps" : 10,
  "frameCount" : 12,
  "framesPath" : "releases\/qg-20260228-real-creatures\/runs\/qg-nnea-s300096\/dd3658ce-dfb4-4e3b-a986-84455aaff19b\/frames.bin",
  "height" : 128,
  "palette" : "lenia-spectrum",
  "velocities" : [
    [
      0,
      0
    ],
    [
      0.063797,
      0.24663544
    ],
    [
      0.2033081,
      0.449234
    ],
    [
      0.25715637,
      0.0313797
    ],
    [
      -0.16490173,
      -0.2681656
    ],
    [
      -0.2061081,
      -0.2212677
    ],
    [
      -0.7123909,
      -0.6358795
    ],
    [
      -0.16395187,
      -0.09193802
    ],
    [
      -0.30249786,
      -0.41558075
    ],
    [
      0.22288513,
      0.09352112
    ],
    [
      -0.1211586,
      -0.04743576
    ],
    [
      0.21537018,
      0.14593887
    ]
  ],
  "width" : 128
}