{
  "centroids" : [
    [
      64.953575,
      65.15133
    ],
    [
      64.755,
      64.86889
    ],
    [
      64.55067,
      64.70274
    ],
    [
      64.28037,
      64.40875
    ],
    [
      64.10522,
      64.15149
    ],
    [
      63.53613,
      63.524902
    ],
    [
      63.462585,
      63.321667
    ],
    [
      63.10686,
      63.020622
    ],
    [
      62.986496,
      62.848503
    ],
    [
      63.032574,
      62.94988
    ],
    [
      63.064655,
      63.09284
    ],
    [
      63.04223,
      63.026985
    ]
  ],
  "fps" : 10,
  "frameCount" : 12,
  "framesPath" : "releases\/qg-20260228-real-creatures\/runs\/qg-nnea-s300032\/44f480a9-3e43-4627-86b4-496647934159\/frames.bin",
  "height" : 128,
  "palette" : "lenia-spectrum",
  "velocities" : [
    [
      0,
      0
    ],
    [
      -0.19857788,
      -0.2824402
    ],
    [
      -0.20433044,
      -0.16614532
    ],
    [
      -0.2702942,
      -0.2939911
    ],
    [
      -0.17515564,
      -0.25726318
    ],
    [
      -0.569088,
      -0.6265869
    ],
    [
      -0.07354355,
      -0.20323563
    ],
    [
      -0.35572433,
      -0.30104446
    ],
    [
      -0.12036514,
      -0.17211914
    ],
    [
      0.04607773,
      0.10137558
    ],
    [
      0.032081604,
      0.1429596
    ],
    [
      -0.022426605,
      -0.06585312
    ]
  ],
  "width" : 128
}