{
  "backend" : "mlx",
  "beam_mutation" : {
    "enabled" : true,
    "patch_size" : 10,
    "probability" : 0.02,
    "seed" : 99,
    "std" : 0.1
  },
  "channels" : 1,
  "connectivity" : [
    [
      3
    ]
  ],
  "environment" : {
    "depth" : 2,
    "passage_width" : 6,
    "type" : "cross_map",
    "wall_thickness" : 3,
    "wall_value" : -10
  },
  "flow" : {
    "dt" : 0.2,
    "n" : 2,
    "theta_A" : 2
  },
  "grid" : {
    "sx" : 128,
    "sy" : 128
  },
  "implementation" : {
    "mode" : "paper"
  },
  "init" : {
    "a_uniform" : {
      "high" : 1,
      "low" : 0
    },
    "p_uniform" : {
      "high" : 1,
      "low" : 0
    },
    "patches" : [
      {
        "center" : [
          32,
          32
        ],
        "size" : 20
      },
      {
        "center" : [
          96,
          32
        ],
        "size" : 20
      },
      {
        "center" : [
          32,
          96
        ],
        "size" : 20
      },
      {
        "center" : [
          96,
          96
        ],
        "size" : 20
      }
    ],
    "seed" : 42
  },
  "interventions" : [

  ],
  "parameter_embedding" : {
    "enabled" : true,
    "mix" : "stoch_gene_wise",
    "mix_seed" : 42
  },
  "params" : {
    "R" : 4.372593,
    "a" : [
      [
        0.14891708,
        0.003083527,
        0.32990694
      ],
      [
        0.16295964,
        0.47486717,
        0.023935795
      ],
      [
        0.56142575,
        0.8038395,
        0.32556713
      ]
    ],
    "b" : [
      [
        0.05583018,
        0.14172578,
        0.23634118
      ],
      [
        0.27037698,
        0.61960125,
        0.043906987
      ],
      [
        0.16210121,
        0.46623385,
        0.26987177
      ]
    ],
    "h" : [
      0.043607414,
      0.58638567,
      0.49505424
    ],
    "m" : [
      0.16615191,
      0.19170421,
      0.15510826
    ],
    "mode" : "explicit",
    "r" : [
      0.3497489,
      0.7575066,
      0.25956568
    ],
    "s" : [
      0.15774639,
      0.0592535,
      0.19032067
    ],
    "w" : [
      [
        0.25355157,
        0.14767364,
        0.015559414
      ],
      [
        0.15831146,
        0.47582546,
        0.48181358
      ],
      [
        0.14907171,
        0.089334294,
        0.20204657
      ]
    ]
  },
  "profile" : "experimental",
  "reintegration" : {
    "border" : "wall",
    "dd" : 5,
    "sigma" : 0.65
  },
  "run" : {
    "steps" : 500
  }
}