{
  "backend" : "mlx",
  "channels" : 1,
  "connectivity" : [
    [
      3
    ]
  ],
  "flow" : {
    "dt" : 0.2,
    "n" : 2,
    "theta_A" : 2
  },
  "grid" : {
    "sx" : 128,
    "sy" : 128
  },
  "implementation" : {
    "mode" : "paper"
  },
  "init" : {
    "a_uniform" : {
      "high" : 1,
      "low" : 0
    },
    "p_uniform" : {
      "high" : 1,
      "low" : 0
    },
    "patches" : [
      {
        "center" : [
          32,
          32
        ],
        "size" : 24
      },
      {
        "center" : [
          96,
          96
        ],
        "size" : 24
      }
    ],
    "seed" : 300116
  },
  "interventions" : [

  ],
  "parameter_embedding" : {
    "enabled" : true,
    "mix" : "stoch",
    "mix_seed" : 42
  },
  "params" : {
    "R" : 16.990257,
    "a" : [
      [
        0.3567853,
        0.22819644,
        0.59250325
      ],
      [
        0.14816749,
        0.12065208,
        0.2701398
      ],
      [
        0.89133286,
        0.13164729,
        0.6918371
      ]
    ],
    "b" : [
      [
        0.15160984,
        0.5458808,
        0.6928096
      ],
      [
        0.36569023,
        0.010198891,
        0.35913783
      ],
      [
        0.09005195,
        0.964991,
        0.96776605
      ]
    ],
    "h" : [
      0.28303075,
      0.60589415,
      0.9885915
    ],
    "m" : [
      0.38429868,
      0.3915,
      0.06272499
    ],
    "mode" : "explicit",
    "r" : [
      0.918369,
      0.6394879,
      0.89451
    ],
    "s" : [
      0.02487528,
      0.14920563,
      0.13183004
    ],
    "w" : [
      [
        0.27233005,
        0.1273949,
        0.04394228
      ],
      [
        0.12648918,
        0.10459644,
        0.025015851
      ],
      [
        0.15010707,
        0.14089663,
        0.4862465
      ]
    ]
  },
  "profile" : "experimental",
  "reintegration" : {
    "border" : "torus",
    "dd" : 5,
    "sigma" : 0.65
  },
  "run" : {
    "steps" : 500
  }
}