{
  "centroids" : [
    [
      63.5853,
      63.642426
    ],
    [
      63.55961,
      63.605087
    ],
    [
      63.479122,
      63.528572
    ],
    [
      63.46962,
      63.51382
    ],
    [
      63.351387,
      63.387867
    ],
    [
      63.40369,
      63.448086
    ],
    [
      63.391186,
      63.441174
    ],
    [
      63.35045,
      63.406612
    ],
    [
      63.345707,
      63.3891
    ],
    [
      63.34344,
      63.377823
    ],
    [
      63.339878,
      63.38012
    ],
    [
      63.348087,
      63.388172
    ]
  ],
  "fps" : 10,
  "frameCount" : 12,
  "framesPath" : "releases\/qg-20260228-real-creatures\/runs\/qg-nnea-s300096\/84d2f646-3251-450a-8356-9372c07de5ab\/frames.bin",
  "height" : 128,
  "palette" : "lenia-spectrum",
  "velocities" : [
    [
      0,
      0
    ],
    [
      -0.025691986,
      -0.037338257
    ],
    [
      -0.0804863,
      -0.0765152
    ],
    [
      -0.009502411,
      -0.014751434
    ],
    [
      -0.11823273,
      -0.12595367
    ],
    [
      0.052303314,
      0.06021881
    ],
    [
      -0.012504578,
      -0.0069122314
    ],
    [
      -0.040737152,
      -0.034561157
    ],
    [
      -0.0047416687,
      -0.017513275
    ],
    [
      -0.0022659302,
      -0.011276245
    ],
    [
      -0.0035629272,
      0.0022964478
    ],
    [
      0.0082092285,
      0.008052826
    ]
  ],
  "width" : 128
}