{
  "backend" : "mlx",
  "channels" : 1,
  "connectivity" : [
    [
      3
    ]
  ],
  "flow" : {
    "dt" : 0.2,
    "n" : 2,
    "theta_A" : 2
  },
  "grid" : {
    "sx" : 128,
    "sy" : 128
  },
  "implementation" : {
    "mode" : "paper"
  },
  "init" : {
    "a_uniform" : {
      "high" : 1,
      "low" : 0
    },
    "p_uniform" : {
      "high" : 1,
      "low" : 0
    },
    "patches" : [
      {
        "center" : [
          32,
          32
        ],
        "size" : 24
      },
      {
        "center" : [
          96,
          96
        ],
        "size" : 24
      }
    ],
    "seed" : 300041
  },
  "interventions" : [

  ],
  "parameter_embedding" : {
    "enabled" : true,
    "mix" : "stoch",
    "mix_seed" : 42
  },
  "params" : {
    "R" : 15.799719,
    "a" : [
      [
        0.40403628,
        0.9342176,
        0.8450459
      ],
      [
        0.263004,
        0.7703768,
        0.79132277
      ],
      [
        0.72758156,
        0.090316296,
        0.23891848
      ]
    ],
    "b" : [
      [
        0.25896323,
        0.6487632,
        0.7177326
      ],
      [
        0.75164837,
        0.88988626,
        0.69039387
      ],
      [
        0.13620144,
        0.7887664,
        0.061205328
      ]
    ],
    "h" : [
      0.13136023,
      0.19523543,
      0.6314059
    ],
    "m" : [
      0.14810225,
      0.48672396,
      0.08984937
    ],
    "mode" : "explicit",
    "r" : [
      0.8509878,
      0.61868876,
      0.6467347
    ],
    "s" : [
      0.038694907,
      0.1460564,
      0.051786263
    ],
    "w" : [
      [
        0.06689689,
        0.23736307,
        0.30179206
      ],
      [
        0.2966915,
        0.08815097,
        0.3767385
      ],
      [
        0.47985485,
        0.14064874,
        0.32362774
      ]
    ]
  },
  "profile" : "experimental",
  "reintegration" : {
    "border" : "torus",
    "dd" : 5,
    "sigma" : 0.65
  },
  "run" : {
    "steps" : 500
  }
}