{
  "centroids" : [
    [
      62.84218,
      62.8924
    ],
    [
      62.855732,
      62.918602
    ],
    [
      62.997215,
      63.08001
    ],
    [
      62.900967,
      63.009716
    ],
    [
      62.80476,
      62.915245
    ],
    [
      62.68146,
      62.808712
    ],
    [
      62.540504,
      62.678017
    ],
    [
      62.580242,
      62.734264
    ],
    [
      62.55509,
      62.708496
    ],
    [
      62.537006,
      62.69216
    ],
    [
      62.50998,
      62.653645
    ],
    [
      62.528843,
      62.66422
    ]
  ],
  "fps" : 10,
  "frameCount" : 12,
  "framesPath" : "releases\/qg-20260228-real-creatures\/runs\/qg-nnea-s300032\/7a08fdb4-0e0c-452d-b10c-6f65fad2b813\/frames.bin",
  "height" : 128,
  "palette" : "lenia-spectrum",
  "velocities" : [
    [
      0,
      0
    ],
    [
      0.013553619,
      0.026203156
    ],
    [
      0.1414833,
      0.16140747
    ],
    [
      -0.09624863,
      -0.07029343
    ],
    [
      -0.096206665,
      -0.09447098
    ],
    [
      -0.123298645,
      -0.10653305
    ],
    [
      -0.14095688,
      -0.13069534
    ],
    [
      0.0397377,
      0.05624771
    ],
    [
      -0.0251503,
      -0.02576828
    ],
    [
      -0.01808548,
      -0.016334534
    ],
    [
      -0.02702713,
      -0.038517
    ],
    [
      0.018863678,
      0.010574341
    ]
  ],
  "width" : 128
}