{
  "backend" : "mlx",
  "beam_mutation" : {
    "enabled" : true,
    "patch_size" : 10,
    "probability" : 0.02,
    "seed" : 99,
    "std" : 0.1
  },
  "channels" : 1,
  "connectivity" : [
    [
      3
    ]
  ],
  "environment" : {
    "depth" : 2,
    "passage_width" : 6,
    "type" : "cross_map",
    "wall_thickness" : 3,
    "wall_value" : -10
  },
  "flow" : {
    "dt" : 0.2,
    "n" : 2,
    "theta_A" : 2
  },
  "grid" : {
    "sx" : 128,
    "sy" : 128
  },
  "implementation" : {
    "mode" : "paper"
  },
  "init" : {
    "a_uniform" : {
      "high" : 1,
      "low" : 0
    },
    "p_uniform" : {
      "high" : 1,
      "low" : 0
    },
    "patches" : [
      {
        "center" : [
          32,
          32
        ],
        "size" : 20
      },
      {
        "center" : [
          96,
          32
        ],
        "size" : 20
      },
      {
        "center" : [
          32,
          96
        ],
        "size" : 20
      },
      {
        "center" : [
          96,
          96
        ],
        "size" : 20
      }
    ],
    "seed" : 25
  },
  "interventions" : [

  ],
  "parameter_embedding" : {
    "enabled" : true,
    "mix" : "stoch_gene_wise",
    "mix_seed" : 42
  },
  "params" : {
    "R" : 13.11224,
    "a" : [
      [
        0.77063,
        0.41972017,
        0.16452765
      ],
      [
        0.86424226,
        0.0075646043,
        0.69987774
      ],
      [
        0.38913423,
        0.9052405,
        0.48663783
      ]
    ],
    "b" : [
      [
        0.9029511,
        0.39558554,
        0.88134336
      ],
      [
        0.4211957,
        0.27354693,
        0.69778657
      ],
      [
        0.8962707,
        0.95639884,
        0.2106266
      ]
    ],
    "h" : [
      0.40727627,
      0.2402553,
      0.6131216
    ],
    "m" : [
      0.1364735,
      0.2911569,
      0.100693315
    ],
    "mode" : "explicit",
    "r" : [
      0.95243794,
      0.41041702,
      0.51444477
    ],
    "s" : [
      0.047209643,
      0.0040428094,
      0.08212741
    ],
    "w" : [
      [
        0.11853312,
        0.44651166,
        0.33337262
      ],
      [
        0.33364004,
        0.03695351,
        0.16072644
      ],
      [
        0.32092083,
        0.40712363,
        0.22338708
      ]
    ]
  },
  "profile" : "experimental",
  "reintegration" : {
    "border" : "wall",
    "dd" : 5,
    "sigma" : 0.65
  },
  "run" : {
    "steps" : 500
  }
}