{
  "backend" : "mlx",
  "channels" : 1,
  "connectivity" : [
    [
      3
    ]
  ],
  "flow" : {
    "dt" : 0.2,
    "n" : 2,
    "theta_A" : 2
  },
  "grid" : {
    "sx" : 128,
    "sy" : 128
  },
  "implementation" : {
    "mode" : "paper"
  },
  "init" : {
    "a_uniform" : {
      "high" : 1,
      "low" : 0
    },
    "p_uniform" : {
      "high" : 1,
      "low" : 0
    },
    "patches" : [
      {
        "center" : [
          32,
          32
        ],
        "size" : 24
      },
      {
        "center" : [
          96,
          96
        ],
        "size" : 24
      }
    ],
    "seed" : 300031
  },
  "interventions" : [

  ],
  "parameter_embedding" : {
    "enabled" : true,
    "mix" : "stoch",
    "mix_seed" : 42
  },
  "params" : {
    "R" : 15.039866,
    "a" : [
      [
        0.8902727,
        0.5476083,
        0.863574
      ],
      [
        0.5433641,
        0.29077005,
        0.03305626
      ],
      [
        0.77763206,
        0.38012266,
        0.64664793
      ]
    ],
    "b" : [
      [
        0.33312446,
        0.016938508,
        0.7527227
      ],
      [
        0.17324132,
        0.59047586,
        0.5592854
      ],
      [
        0.536633,
        0.43384022,
        0.89189863
      ]
    ],
    "h" : [
      0.425488,
      0.23498136,
      0.8264091
    ],
    "m" : [
      0.36532435,
      0.1828872,
      0.37385532
    ],
    "mode" : "explicit",
    "r" : [
      0.28971124,
      0.2897242,
      0.26402608
    ],
    "s" : [
      0.16576606,
      0.15427713,
      0.19510794
    ],
    "w" : [
      [
        0.20427127,
        0.40831026,
        0.32386738
      ],
      [
        0.21032028,
        0.2382248,
        0.28990102
      ],
      [
        0.18522622,
        0.25580424,
        0.2541157
      ]
    ]
  },
  "profile" : "experimental",
  "reintegration" : {
    "border" : "torus",
    "dd" : 5,
    "sigma" : 0.65
  },
  "run" : {
    "steps" : 500
  }
}