{
  "backend" : "mlx",
  "channels" : 1,
  "connectivity" : [
    [
      3
    ]
  ],
  "flow" : {
    "dt" : 0.2,
    "n" : 2,
    "theta_A" : 2
  },
  "grid" : {
    "sx" : 128,
    "sy" : 128
  },
  "implementation" : {
    "mode" : "paper"
  },
  "init" : {
    "a_uniform" : {
      "high" : 1,
      "low" : 0
    },
    "p_uniform" : {
      "high" : 1,
      "low" : 0
    },
    "patches" : [
      {
        "center" : [
          32,
          32
        ],
        "size" : 24
      },
      {
        "center" : [
          96,
          96
        ],
        "size" : 24
      }
    ],
    "seed" : 300044
  },
  "interventions" : [

  ],
  "parameter_embedding" : {
    "enabled" : true,
    "mix" : "stoch",
    "mix_seed" : 42
  },
  "params" : {
    "R" : 12.556301,
    "a" : [
      [
        0.2892673,
        0.7852885,
        0.7604053
      ],
      [
        0.098813474,
        0.9782358,
        0.72641426
      ],
      [
        0.39629608,
        0.82568794,
        0.62200606
      ]
    ],
    "b" : [
      [
        0.95656794,
        0.06456691,
        0.10991734
      ],
      [
        0.68814707,
        0.025948703,
        0.77331686
      ],
      [
        0.53061503,
        0.74591756,
        0.85002893
      ]
    ],
    "h" : [
      0.9115419,
      0.48436862,
      0.1401267
    ],
    "m" : [
      0.07431677,
      0.43969077,
      0.35813713
    ],
    "mode" : "explicit",
    "r" : [
      0.9361082,
      0.8167396,
      0.8170856
    ],
    "s" : [
      0.06197552,
      0.08813537,
      0.1471128
    ],
    "w" : [
      [
        0.10802724,
        0.3228945,
        0.26702154
      ],
      [
        0.09164457,
        0.21452858,
        0.09609958
      ],
      [
        0.05700861,
        0.43059784,
        0.2656727
      ]
    ]
  },
  "profile" : "experimental",
  "reintegration" : {
    "border" : "torus",
    "dd" : 5,
    "sigma" : 0.65
  },
  "run" : {
    "steps" : 500
  }
}