{
  "centroids" : [
    [
      63.743164,
      63.261845
    ],
    [
      63.653587,
      63.202084
    ],
    [
      63.299496,
      63.144203
    ],
    [
      63.125095,
      62.867104
    ],
    [
      62.88212,
      62.75311
    ],
    [
      62.869873,
      62.762615
    ],
    [
      62.860683,
      62.630795
    ],
    [
      62.836388,
      62.557842
    ],
    [
      62.813103,
      62.469845
    ],
    [
      62.892673,
      62.228893
    ],
    [
      62.880924,
      62.225044
    ],
    [
      62.87604,
      62.1652
    ],
    [
      62.69835,
      62.276028
    ],
    [
      62.572533,
      62.29742
    ],
    [
      62.4542,
      62.13788
    ],
    [
      62.39218,
      62.03707
    ],
    [
      62.277092,
      61.957527
    ],
    [
      62.110218,
      61.923214
    ],
    [
      62.094143,
      61.891266
    ],
    [
      62.03692,
      61.905334
    ],
    [
      61.984226,
      61.8695
    ],
    [
      61.932156,
      61.806293
    ],
    [
      61.92074,
      61.680653
    ],
    [
      61.884094,
      61.59485
    ],
    [
      61.828136,
      61.56933
    ],
    [
      61.8287,
      61.547306
    ],
    [
      61.730095,
      61.47306
    ],
    [
      61.71584,
      61.47537
    ],
    [
      61.65848,
      61.431084
    ],
    [
      61.636784,
      61.43896
    ],
    [
      61.60158,
      61.39108
    ],
    [
      61.60742,
      61.401993
    ],
    [
      61.57167,
      61.382645
    ],
    [
      61.602047,
      61.339
    ],
    [
      61.60826,
      61.30434
    ],
    [
      61.643948,
      61.29289
    ]
  ],
  "fps" : 12,
  "frameCount" : 36,
  "framesPath" : "releases\/orbium-like-20260307\/runs\/glider-family-luminous-spiral-4134-c000-s0\/d70ec197-6efc-4d8a-a983-1fd578a73eed\/frames.bin",
  "height" : 128,
  "palette" : "lenia-spectrum",
  "velocities" : [
    [
      0,
      0
    ],
    [
      -0.08957672,
      -0.059761047
    ],
    [
      -0.35409164,
      -0.0578804
    ],
    [
      -0.17440033,
      -0.2770996
    ],
    [
      -0.24297714,
      -0.1139946
    ],
    [
      -0.012245178,
      0.009506226
    ],
    [
      -0.009189606,
      -0.13182068
    ],
    [
      -0.024295807,
      -0.07295227
    ],
    [
      -0.023284912,
      -0.08799744
    ],
    [
      0.07957077,
      -0.24095154
    ],
    [
      -0.011749268,
      -0.0038490295
    ],
    [
      -0.0048828125,
      -0.05984497
    ],
    [
      -0.17769241,
      0.1108284
    ],
    [
      -0.12581635,
      0.021392822
    ],
    [
      -0.11833191,
      -0.15954208
    ],
    [
      -0.06201935,
      -0.10080719
    ],
    [
      -0.11508942,
      -0.07954407
    ],
    [
      -0.16687393,
      -0.034313202
    ],
    [
      -0.016075134,
      -0.03194809
    ],
    [
      -0.057224274,
      0.0140686035
    ],
    [
      -0.052692413,
      -0.035835266
    ],
    [
      -0.052070618,
      -0.06320572
    ],
    [
      -0.011417389,
      -0.12564087
    ],
    [
      -0.036643982,
      -0.085803986
    ],
    [
      -0.055957794,
      -0.025520325
    ],
    [
      0.0005645752,
      -0.022022247
    ],
    [
      -0.09860611,
      -0.07424545
    ],
    [
      -0.014255524,
      0.0023078918
    ],
    [
      -0.057357788,
      -0.04428482
    ],
    [
      -0.021697998,
      0.00787735
    ],
    [
      -0.035202026,
      -0.04788208
    ],
    [
      0.0058403015,
      0.010913849
    ],
    [
      -0.035751343,
      -0.019348145
    ],
    [
      0.030376434,
      -0.04364395
    ],
    [
      0.006214142,
      -0.03466034
    ],
    [
      0.035686493,
      -0.011451721
    ]
  ],
  "width" : 128
}