{
  "backend" : "mlx",
  "channels" : 1,
  "connectivity" : [
    [
      3
    ]
  ],
  "flow" : {
    "dt" : 0.2,
    "n" : 2,
    "theta_A" : 2
  },
  "grid" : {
    "sx" : 128,
    "sy" : 128
  },
  "implementation" : {
    "mode" : "paper"
  },
  "init" : {
    "a_uniform" : {
      "high" : 1,
      "low" : 0
    },
    "p_uniform" : {
      "high" : 1,
      "low" : 0
    },
    "patches" : [
      {
        "center" : [
          32,
          32
        ],
        "size" : 24
      },
      {
        "center" : [
          96,
          96
        ],
        "size" : 24
      }
    ],
    "seed" : 300189
  },
  "interventions" : [

  ],
  "parameter_embedding" : {
    "enabled" : true,
    "mix" : "stoch",
    "mix_seed" : 42
  },
  "params" : {
    "R" : 15.995682,
    "a" : [
      [
        0.76029277,
        0.057697415,
        0.7111679
      ],
      [
        0.5662065,
        0.8620441,
        0.48031592
      ],
      [
        0.9187053,
        0.5797103,
        0.540156
      ]
    ],
    "b" : [
      [
        0.20772749,
        0.60338116,
        0.21852094
      ],
      [
        0.5092689,
        0.29966772,
        0.88275236
      ],
      [
        0.25757116,
        0.9550371,
        0.22166502
      ]
    ],
    "h" : [
      0.7671808,
      0.9877291,
      0.72136277
    ],
    "m" : [
      0.15413807,
      0.3848606,
      0.3511447
    ],
    "mode" : "explicit",
    "r" : [
      0.82017326,
      0.3309639,
      0.4384529
    ],
    "s" : [
      0.08282202,
      0.0795963,
      0.18127328
    ],
    "w" : [
      [
        0.4527344,
        0.02539086,
        0.47032553
      ],
      [
        0.3175787,
        0.33283257,
        0.292702
      ],
      [
        0.10276503,
        0.056714885,
        0.06037113
      ]
    ]
  },
  "profile" : "experimental",
  "reintegration" : {
    "border" : "torus",
    "dd" : 5,
    "sigma" : 0.65
  },
  "run" : {
    "steps" : 500
  }
}