{
  "backend" : "mlx",
  "channels" : 1,
  "connectivity" : [
    [
      3
    ]
  ],
  "flow" : {
    "dt" : 0.2,
    "n" : 2,
    "theta_A" : 2
  },
  "grid" : {
    "sx" : 128,
    "sy" : 128
  },
  "implementation" : {
    "mode" : "paper"
  },
  "init" : {
    "a_uniform" : {
      "high" : 1,
      "low" : 0
    },
    "p_uniform" : {
      "high" : 1,
      "low" : 0
    },
    "patches" : [
      {
        "center" : [
          32,
          32
        ],
        "size" : 24
      },
      {
        "center" : [
          96,
          96
        ],
        "size" : 24
      }
    ],
    "seed" : 300001
  },
  "interventions" : [

  ],
  "parameter_embedding" : {
    "enabled" : true,
    "mix" : "stoch",
    "mix_seed" : 42
  },
  "params" : {
    "R" : 12.736494,
    "a" : [
      [
        0.20784706,
        0.08873361,
        0.81099874
      ],
      [
        0.7976789,
        0.4405052,
        0.16453022
      ],
      [
        0.86929446,
        0.28645945,
        0.26039445
      ]
    ],
    "b" : [
      [
        0.26126605,
        0.297549,
        0.023459136
      ],
      [
        0.8197546,
        0.24934274,
        0.079230905
      ],
      [
        0.8900247,
        0.30649924,
        0.45896947
      ]
    ],
    "h" : [
      0.52772635,
      0.3071577,
      0.64790326
    ],
    "m" : [
      0.43162432,
      0.4032166,
      0.0785015
    ],
    "mode" : "explicit",
    "r" : [
      0.43140012,
      0.37423414,
      0.44612557
    ],
    "s" : [
      0.18743487,
      0.12116067,
      0.18031885
    ],
    "w" : [
      [
        0.19710764,
        0.16715364,
        0.47701576
      ],
      [
        0.39831865,
        0.07492342,
        0.12980905
      ],
      [
        0.4472045,
        0.056987144,
        0.28733277
      ]
    ]
  },
  "profile" : "experimental",
  "reintegration" : {
    "border" : "torus",
    "dd" : 5,
    "sigma" : 0.65
  },
  "run" : {
    "steps" : 500
  }
}