{
  "centroids" : [
    [
      63.214706,
      63.112434
    ],
    [
      63.31721,
      63.254333
    ],
    [
      63.37595,
      63.356575
    ],
    [
      63.330025,
      63.37042
    ],
    [
      63.37097,
      63.33997
    ],
    [
      63.558846,
      63.505928
    ],
    [
      63.47411,
      63.446404
    ],
    [
      63.42095,
      63.352837
    ],
    [
      63.448536,
      63.398342
    ],
    [
      63.45268,
      63.39001
    ],
    [
      63.551823,
      63.4545
    ],
    [
      63.43091,
      63.345345
    ]
  ],
  "fps" : 10,
  "frameCount" : 12,
  "framesPath" : "releases\/qg-20260228-real-creatures\/runs\/qg-nnea-s300000\/b7ddb47d-d607-489c-ab18-25c6fda2444e\/frames.bin",
  "height" : 128,
  "palette" : "lenia-spectrum",
  "velocities" : [
    [
      0,
      0
    ],
    [
      0.10250473,
      0.14189911
    ],
    [
      0.05873871,
      0.102241516
    ],
    [
      -0.04592514,
      0.013843536
    ],
    [
      0.04094696,
      -0.030448914
    ],
    [
      0.18787384,
      0.1659584
    ],
    [
      -0.08473587,
      -0.059524536
    ],
    [
      -0.053157806,
      -0.093566895
    ],
    [
      0.027584076,
      0.045505524
    ],
    [
      0.004142761,
      -0.008331299
    ],
    [
      0.09914398,
      0.06448746
    ],
    [
      -0.12091446,
      -0.10915375
    ]
  ],
  "width" : 128
}