{
  "backend" : "mlx",
  "beam_mutation" : {
    "enabled" : true,
    "patch_size" : 10,
    "probability" : 0.02,
    "seed" : 99,
    "std" : 0.1
  },
  "channels" : 1,
  "connectivity" : [
    [
      3
    ]
  ],
  "environment" : {
    "depth" : 2,
    "passage_width" : 6,
    "type" : "cross_map",
    "wall_thickness" : 3,
    "wall_value" : -10
  },
  "flow" : {
    "dt" : 0.2,
    "n" : 2,
    "theta_A" : 2
  },
  "grid" : {
    "sx" : 128,
    "sy" : 128
  },
  "implementation" : {
    "mode" : "paper"
  },
  "init" : {
    "a_uniform" : {
      "high" : 1,
      "low" : 0
    },
    "p_uniform" : {
      "high" : 1,
      "low" : 0
    },
    "patches" : [
      {
        "center" : [
          32,
          32
        ],
        "size" : 20
      },
      {
        "center" : [
          96,
          32
        ],
        "size" : 20
      },
      {
        "center" : [
          32,
          96
        ],
        "size" : 20
      },
      {
        "center" : [
          96,
          96
        ],
        "size" : 20
      }
    ],
    "seed" : 8
  },
  "interventions" : [

  ],
  "parameter_embedding" : {
    "enabled" : true,
    "mix" : "stoch_gene_wise",
    "mix_seed" : 42
  },
  "params" : {
    "R" : 5.753319,
    "a" : [
      [
        0.8442131,
        0.111896634,
        0.59329474
      ],
      [
        0.9013751,
        0.84803444,
        0.6922388
      ],
      [
        0.9809849,
        0.6575384,
        0.853637
      ]
    ],
    "b" : [
      [
        0.054164708,
        0.3887828,
        0.33805466
      ],
      [
        0.9285559,
        0.7828236,
        0.49627256
      ],
      [
        0.9455486,
        0.058085382,
        0.6595726
      ]
    ],
    "h" : [
      0.8100641,
      0.8835264,
      0.7153508
    ],
    "m" : [
      0.21702132,
      0.24772887,
      0.3128145
    ],
    "mode" : "explicit",
    "r" : [
      0.9486965,
      0.4234066,
      0.26843864
    ],
    "s" : [
      0.046153817,
      0.0868742,
      0.14602996
    ],
    "w" : [
      [
        0.31899044,
        0.4541689,
        0.21020459
      ],
      [
        0.1208127,
        0.09760536,
        0.1850869
      ],
      [
        0.1325788,
        0.20681666,
        0.3351781
      ]
    ]
  },
  "profile" : "experimental",
  "reintegration" : {
    "border" : "wall",
    "dd" : 5,
    "sigma" : 0.65
  },
  "run" : {
    "steps" : 500
  }
}