{
  "backend" : "mlx",
  "beam_mutation" : {
    "enabled" : true,
    "patch_size" : 10,
    "probability" : 0.02,
    "seed" : 99,
    "std" : 0.1
  },
  "channels" : 1,
  "connectivity" : [
    [
      3
    ]
  ],
  "environment" : {
    "depth" : 2,
    "passage_width" : 6,
    "type" : "cross_map",
    "wall_thickness" : 3,
    "wall_value" : -10
  },
  "flow" : {
    "dt" : 0.2,
    "n" : 2,
    "theta_A" : 2
  },
  "grid" : {
    "sx" : 128,
    "sy" : 128
  },
  "implementation" : {
    "mode" : "paper"
  },
  "init" : {
    "a_uniform" : {
      "high" : 1,
      "low" : 0
    },
    "p_uniform" : {
      "high" : 1,
      "low" : 0
    },
    "patches" : [
      {
        "center" : [
          32,
          32
        ],
        "size" : 20
      },
      {
        "center" : [
          96,
          32
        ],
        "size" : 20
      },
      {
        "center" : [
          32,
          96
        ],
        "size" : 20
      },
      {
        "center" : [
          96,
          96
        ],
        "size" : 20
      }
    ],
    "seed" : 30
  },
  "interventions" : [

  ],
  "parameter_embedding" : {
    "enabled" : true,
    "mix" : "stoch_gene_wise",
    "mix_seed" : 42
  },
  "params" : {
    "R" : 6.3309402,
    "a" : [
      [
        0.47376752,
        0.5624447,
        0.09797287
      ],
      [
        0.60517395,
        0.79866207,
        0.205342
      ],
      [
        0.84758574,
        0.79825515,
        0.85201764
      ]
    ],
    "b" : [
      [
        0.00075143576,
        0.7669005,
        0.021201074
      ],
      [
        0.04400897,
        0.15883964,
        0.4636745
      ],
      [
        0.8595864,
        0.08604723,
        0.32593757
      ]
    ],
    "h" : [
      0.7905839,
      0.627817,
      0.6002083
    ],
    "m" : [
      0.13479345,
      0.46697846,
      0.1522232
    ],
    "mode" : "explicit",
    "r" : [
      0.95764226,
      0.89403486,
      0.99071705
    ],
    "s" : [
      0.1569402,
      0.03427601,
      0.16979694
    ],
    "w" : [
      [
        0.085103765,
        0.3443634,
        0.092305765
      ],
      [
        0.26362953,
        0.347795,
        0.24222285
      ],
      [
        0.4445763,
        0.4391499,
        0.45430315
      ]
    ]
  },
  "profile" : "experimental",
  "reintegration" : {
    "border" : "wall",
    "dd" : 5,
    "sigma" : 0.65
  },
  "run" : {
    "steps" : 500
  }
}