{
  "backend" : "mlx",
  "channels" : 1,
  "connectivity" : [
    [
      3
    ]
  ],
  "flow" : {
    "dt" : 0.2,
    "n" : 2,
    "theta_A" : 2
  },
  "grid" : {
    "sx" : 128,
    "sy" : 128
  },
  "implementation" : {
    "mode" : "paper"
  },
  "init" : {
    "a_uniform" : {
      "high" : 1,
      "low" : 0
    },
    "p_uniform" : {
      "high" : 1,
      "low" : 0
    },
    "patches" : [
      {
        "center" : [
          32,
          32
        ],
        "size" : 24
      },
      {
        "center" : [
          96,
          96
        ],
        "size" : 24
      }
    ],
    "seed" : 300119
  },
  "interventions" : [

  ],
  "parameter_embedding" : {
    "enabled" : true,
    "mix" : "stoch",
    "mix_seed" : 42
  },
  "params" : {
    "R" : 8.435174,
    "a" : [
      [
        0.0977149,
        0.2844634,
        0.7684484
      ],
      [
        0.7063833,
        0.6129756,
        0.782804
      ],
      [
        0.49606746,
        0.24260622,
        0.4689119
      ]
    ],
    "b" : [
      [
        0.31661248,
        0.5939464,
        0.3947239
      ],
      [
        0.7200163,
        0.72358656,
        0.2782929
      ],
      [
        0.04836613,
        0.90543824,
        0.311615
      ]
    ],
    "h" : [
      0.09128821,
      0.5639971,
      0.62025756
    ],
    "m" : [
      0.36371896,
      0.101223245,
      0.45346138
    ],
    "mode" : "explicit",
    "r" : [
      0.8952083,
      0.3681964,
      0.5143676
    ],
    "s" : [
      0.1161305,
      0.1502531,
      0.1881329
    ],
    "w" : [
      [
        0.40036407,
        0.21916215,
        0.06278497
      ],
      [
        0.20047604,
        0.35870367,
        0.2001057
      ],
      [
        0.19037206,
        0.22431602,
        0.17943251
      ]
    ]
  },
  "profile" : "experimental",
  "reintegration" : {
    "border" : "torus",
    "dd" : 5,
    "sigma" : 0.65
  },
  "run" : {
    "steps" : 500
  }
}