{
  "artifact_source" : "computed_replay_configs",
  "creature" : {
    "config_hash" : "035c5d3d6b6f",
    "genotype" : {
      "R" : 7.3641634,
      "a" : [
        [
          0.61258966,
          0.92503947,
          0.23647714
        ],
        [
          0.22973758,
          0.018226922,
          0.99854493
        ],
        [
          0.9733913,
          0.30665678,
          0.7871773
        ]
      ],
      "b" : [
        [
          0.4781503,
          0.9790514,
          0.40572572
        ],
        [
          0.8899263,
          0.15571469,
          0.8176695
        ],
        [
          0.6543341,
          0.88654995,
          0.039435506
        ]
      ],
      "h" : [
        0.4303425,
        0.20212615,
        0.011627197
      ],
      "m" : [
        0.40129095,
        0.25223646,
        0.3313708
      ],
      "r" : [
        0.35257226,
        0.9266139,
        0.8604075
      ],
      "s" : [
        0.033937946,
        0.063032284,
        0.17307581
      ],
      "w" : [
        [
          0.41381082,
          0.22217341,
          0.06347591
        ],
        [
          0.20150314,
          0.15255614,
          0.06836796
        ],
        [
          0.122791015,
          0.3650317,
          0.40697756
        ]
      ]
    },
    "id" : "01200A42-ABDF-463D-9550-274837F0F05B",
    "metrics" : {
      "center_velocity" : 0.01064785,
      "complexity_mean" : 0.79216003,
      "complexity_scales" : [
        0.42352295,
        0.5205078,
        0.8144531,
        1.4101562
      ],
      "displacement" : 4.5253363,
      "energy_mean" : 206.26732,
      "gyration" : 3517.3796,
      "heading_rad" : 0.7718873,
      "is_stable" : true,
      "mass_max" : 792.07983,
      "mass_mean" : 792.0709,
      "mass_min" : 792.062,
      "mass_std" : 0,
      "occupancy_mean" : 0.2513733,
      "path_length" : 4.53634,
      "sample_count" : 18,
      "speed_count" : 17,
      "speed_mean" : 0.010673742,
      "variance_mean" : 0.010252399,
      "velocity_x" : 0.0076302025,
      "velocity_y" : 0.007426758
    },
    "name" : "vibrant-orbiter-4810",
    "owner_id" : "local-node",
    "phenotype" : {
      "a_uniform" : {
        "high" : 1,
        "low" : 0
      },
      "p_uniform" : {
        "high" : 1,
        "low" : 0
      },
      "patches" : [
        {
          "center" : [
            32,
            32
          ],
          "size" : 20
        },
        {
          "center" : [
            96,
            32
          ],
          "size" : 20
        },
        {
          "center" : [
            32,
            96
          ],
          "size" : 20
        },
        {
          "center" : [
            96,
            96
          ],
          "size" : 20
        }
      ],
      "seed" : 59
    },
    "score" : 13.827644,
    "score_weights" : {
      "center_velocity" : 4,
      "complexity_mean" : 0.25,
      "displacement" : 2,
      "path_length" : 1
    },
    "timestamp" : "2026-03-06T21:54:34.589Z"
  },
  "published_at" : "2026-03-06T23:13:07.393Z",
  "recorded_at" : "2026-03-06T21:54:34.589Z",
  "run_id" : "crossmap-motion-c001-s32",
  "run_name" : "crossmap-motion-c001-s32",
  "source_db" : "\/Users\/ludwig\/dev\/specter-labs\/dossiers\/lenia-swarm\/artifacts\/discovery-20260306-1936\/compendium.sqlite"
}