{
  "artifact_source" : "computed_replay_configs",
  "creature" : {
    "config_hash" : "035c5d3d6b6f",
    "genotype" : {
      "R" : 9.329875,
      "a" : [
        [
          0.27760786,
          0.9584067,
          0.08513087
        ],
        [
          0.07110655,
          0.4135831,
          0.3483578
        ],
        [
          0.08750105,
          0.95303935,
          0.8699015
        ]
      ],
      "b" : [
        [
          0.28935677,
          0.45909423,
          0.33982432
        ],
        [
          0.942244,
          0.50279945,
          0.45451403
        ],
        [
          0.32195246,
          0.64708906,
          0.8970994
        ]
      ],
      "h" : [
        0.77599096,
        0.5643328,
        0.8177463
      ],
      "m" : [
        0.36128262,
        0.23765701,
        0.28593042
      ],
      "r" : [
        0.43879366,
        0.74213797,
        0.8799676
      ],
      "s" : [
        0.15153123,
        0.097924106,
        0.076828286
      ],
      "w" : [
        [
          0.107208505,
          0.04748006,
          0.46630457
        ],
        [
          0.32013187,
          0.4907029,
          0.46887836
        ],
        [
          0.38533422,
          0.04733418,
          0.15159112
        ]
      ]
    },
    "id" : "017ABE4E-323C-40EA-BE6E-FA0BC2A35AEB",
    "metrics" : {
      "center_velocity" : 0.010597856,
      "complexity_mean" : 0.81051636,
      "complexity_scales" : [
        0.39367676,
        0.5202637,
        0.84765625,
        1.4804688
      ],
      "displacement" : 4.504089,
      "energy_mean" : 215.5425,
      "gyration" : 3493.3088,
      "heading_rad" : 0.82072973,
      "is_stable" : true,
      "mass_max" : 795.79614,
      "mass_mean" : 795.7872,
      "mass_min" : 795.77826,
      "mass_std" : 0,
      "occupancy_mean" : 0.24760945,
      "path_length" : 4.514611,
      "sample_count" : 18,
      "speed_count" : 17,
      "speed_mean" : 0.010622613,
      "variance_mean" : 0.010796527,
      "velocity_x" : 0.007224426,
      "velocity_y" : 0.0077538523
    },
    "name" : "radiant-blob-3637",
    "owner_id" : "local-node",
    "phenotype" : {
      "a_uniform" : {
        "high" : 1,
        "low" : 0
      },
      "p_uniform" : {
        "high" : 1,
        "low" : 0
      },
      "patches" : [
        {
          "center" : [
            32,
            32
          ],
          "size" : 20
        },
        {
          "center" : [
            96,
            32
          ],
          "size" : 20
        },
        {
          "center" : [
            32,
            96
          ],
          "size" : 20
        },
        {
          "center" : [
            96,
            96
          ],
          "size" : 20
        }
      ],
      "seed" : 91
    },
    "score" : 13.767809,
    "score_weights" : {
      "center_velocity" : 4,
      "complexity_mean" : 0.25,
      "displacement" : 2,
      "path_length" : 1
    },
    "timestamp" : "2026-03-06T22:08:57.861Z"
  },
  "published_at" : "2026-03-06T23:13:07.393Z",
  "recorded_at" : "2026-03-06T22:08:57.861Z",
  "run_id" : "crossmap-motion-c002-s64",
  "run_name" : "crossmap-motion-c002-s64",
  "source_db" : "\/Users\/ludwig\/dev\/specter-labs\/dossiers\/lenia-swarm\/artifacts\/discovery-20260306-1936\/compendium.sqlite"
}