{
  "artifact_source" : "computed_replay_configs",
  "creature" : {
    "config_hash" : "035c5d3d6b6f",
    "genotype" : {
      "R" : 6.7432103,
      "a" : [
        [
          0.14825821,
          0.90648943,
          0.41296405
        ],
        [
          0.9649065,
          0.24972576,
          0.5226037
        ],
        [
          0.03967315,
          0.68287,
          0.8698969
        ]
      ],
      "b" : [
        [
          0.92213297,
          0.3325134,
          0.02453953
        ],
        [
          0.30476928,
          0.5718098,
          0.082200825
        ],
        [
          0.45948434,
          0.59701616,
          0.1978845
        ]
      ],
      "h" : [
        0.44340134,
        0.4809441,
        0.40753168
      ],
      "m" : [
        0.42677107,
        0.07560045,
        0.25414002
      ],
      "r" : [
        0.3300089,
        0.2702561,
        0.55739504
      ],
      "s" : [
        0.12500376,
        0.107318185,
        0.055100292
      ],
      "w" : [
        [
          0.24257922,
          0.29002598,
          0.27691603
        ],
        [
          0.1953928,
          0.051555037,
          0.24123494
        ],
        [
          0.36596268,
          0.24569869,
          0.4461394
        ]
      ]
    },
    "id" : "32A3EBAE-D0F1-4682-A3D2-093E5FAF2091",
    "metrics" : {
      "center_velocity" : 0.009791916,
      "complexity_mean" : 0.80007935,
      "complexity_scales" : [
        0.4156494,
        0.5161133,
        0.81152344,
        1.4570312
      ],
      "displacement" : 4.1615644,
      "energy_mean" : 246.14594,
      "gyration" : 3660.382,
      "heading_rad" : 0.8072043,
      "is_stable" : true,
      "mass_max" : 795.7952,
      "mass_mean" : 795.7862,
      "mass_min" : 795.7773,
      "mass_std" : 0.25,
      "occupancy_mean" : 0.22412787,
      "path_length" : 4.168311,
      "sample_count" : 18,
      "speed_count" : 17,
      "speed_mean" : 0.009807791,
      "variance_mean" : 0.0126644205,
      "velocity_x" : 0.006771312,
      "velocity_y" : 0.0070732567
    },
    "name" : "flowing-pattern-2091",
    "owner_id" : "local-node",
    "phenotype" : {
      "a_uniform" : {
        "high" : 1,
        "low" : 0
      },
      "p_uniform" : {
        "high" : 1,
        "low" : 0
      },
      "patches" : [
        {
          "center" : [
            32,
            32
          ],
          "size" : 20
        },
        {
          "center" : [
            96,
            32
          ],
          "size" : 20
        },
        {
          "center" : [
            32,
            96
          ],
          "size" : 20
        },
        {
          "center" : [
            96,
            96
          ],
          "size" : 20
        }
      ],
      "seed" : 44
    },
    "score" : 12.730627,
    "score_weights" : {
      "center_velocity" : 4,
      "complexity_mean" : 0.25,
      "displacement" : 2,
      "path_length" : 1
    },
    "timestamp" : "2026-03-06T21:54:34.588Z"
  },
  "published_at" : "2026-03-06T23:13:07.393Z",
  "recorded_at" : "2026-03-06T21:54:34.588Z",
  "run_id" : "crossmap-motion-c001-s32",
  "run_name" : "crossmap-motion-c001-s32",
  "source_db" : "\/Users\/ludwig\/dev\/specter-labs\/dossiers\/lenia-swarm\/artifacts\/discovery-20260306-1936\/compendium.sqlite"
}