{
  "artifact_source" : "computed_replay_configs",
  "creature" : {
    "config_hash" : "035c5d3d6b6f",
    "genotype" : {
      "R" : 8.471963,
      "a" : [
        [
          0.052132666,
          0.44439912,
          0.29557985
        ],
        [
          0.6067244,
          0.5012775,
          0.040507197
        ],
        [
          0.2772953,
          0.67978203,
          0.8349952
        ]
      ],
      "b" : [
        [
          0.28114623,
          0.8201462,
          0.092100084
        ],
        [
          0.16213876,
          0.5105022,
          0.2161786
        ],
        [
          0.14116865,
          0.20959032,
          0.15038949
        ]
      ],
      "h" : [
        0.99930054,
        0.8060362,
        0.50120765
      ],
      "m" : [
        0.18923633,
        0.23466563,
        0.23119834
      ],
      "r" : [
        0.9430013,
        0.9579751,
        0.8887131
      ],
      "s" : [
        0.053274065,
        0.06081317,
        0.049924914
      ],
      "w" : [
        [
          0.16054802,
          0.10535172,
          0.41769668
        ],
        [
          0.34881505,
          0.20683034,
          0.3432334
        ],
        [
          0.18786132,
          0.25771436,
          0.070582084
        ]
      ]
    },
    "id" : "466FBEF5-D086-46BD-BB9F-658D47CD1B8E",
    "metrics" : {
      "center_velocity" : 0.0109071825,
      "complexity_mean" : 0.78549194,
      "complexity_scales" : [
        0.4029541,
        0.48413086,
        0.8330078,
        1.421875
      ],
      "displacement" : 4.6355524,
      "energy_mean" : 236.79974,
      "gyration" : 3562.4146,
      "heading_rad" : 0.788289,
      "is_stable" : true,
      "mass_max" : 800.63995,
      "mass_mean" : 800.6309,
      "mass_min" : 800.62195,
      "mass_std" : 0.25,
      "occupancy_mean" : 0.2403361,
      "path_length" : 4.6547465,
      "sample_count" : 18,
      "speed_count" : 17,
      "speed_mean" : 0.010952345,
      "variance_mean" : 0.012065161,
      "velocity_x" : 0.007690214,
      "velocity_y" : 0.007734806
    },
    "name" : "serene-spiral-9269",
    "owner_id" : "local-node",
    "phenotype" : {
      "a_uniform" : {
        "high" : 1,
        "low" : 0
      },
      "p_uniform" : {
        "high" : 1,
        "low" : 0
      },
      "patches" : [
        {
          "center" : [
            32,
            32
          ],
          "size" : 20
        },
        {
          "center" : [
            96,
            32
          ],
          "size" : 20
        },
        {
          "center" : [
            32,
            96
          ],
          "size" : 20
        },
        {
          "center" : [
            96,
            96
          ],
          "size" : 20
        }
      ],
      "seed" : 49
    },
    "score" : 14.1658535,
    "score_weights" : {
      "center_velocity" : 4,
      "complexity_mean" : 0.25,
      "displacement" : 2,
      "path_length" : 1
    },
    "timestamp" : "2026-03-06T21:54:34.588Z"
  },
  "published_at" : "2026-03-06T23:13:07.393Z",
  "recorded_at" : "2026-03-06T21:54:34.588Z",
  "run_id" : "crossmap-motion-c001-s32",
  "run_name" : "crossmap-motion-c001-s32",
  "source_db" : "\/Users\/ludwig\/dev\/specter-labs\/dossiers\/lenia-swarm\/artifacts\/discovery-20260306-1936\/compendium.sqlite"
}