{
  "artifact_source" : "rendered_stage_media_with_replay",
  "creature" : {
    "config_hash" : "035c5d3d6b6f",
    "genotype" : {
      "R" : 17.156078,
      "a" : [
        [
          0.007329464,
          0.7240001,
          0.42929286
        ],
        [
          0.3083607,
          0.64898044,
          0.504687
        ],
        [
          0.95497423,
          0.2612427,
          0.09199917
        ]
      ],
      "b" : [
        [
          0.6304856,
          0.6831979,
          0.76022583
        ],
        [
          0.5317801,
          0.33307242,
          0.1986605
        ],
        [
          0.6160301,
          0.950718,
          0.3273102
        ]
      ],
      "h" : [
        0.4475599,
        0.059524477,
        0.26548988
      ],
      "m" : [
        0.07880521,
        0.42479995,
        0.34701303
      ],
      "r" : [
        0.90273404,
        0.4184587,
        0.5353972
      ],
      "s" : [
        0.06980678,
        0.042014323,
        0.042103224
      ],
      "w" : [
        [
          0.36646158,
          0.36827135,
          0.3649925
        ],
        [
          0.13556561,
          0.186615,
          0.47285962
        ],
        [
          0.058861546,
          0.27184466,
          0.13097505
        ]
      ]
    },
    "id" : "521FA253-010A-49EF-A1A8-196E33BDE71A",
    "metrics" : {
      "center_velocity" : 0.011953343,
      "complexity_mean" : 0.8125458,
      "complexity_scales" : [
        0.48651123,
        0.5566406,
        0.81640625,
        1.390625
      ],
      "displacement" : 5.0801706,
      "energy_mean" : 217.94855,
      "gyration" : 3652.0227,
      "heading_rad" : 0.80128217,
      "is_stable" : true,
      "mass_max" : 803.1339,
      "mass_mean" : 803.1249,
      "mass_min" : 803.11584,
      "mass_std" : 0.25,
      "occupancy_mean" : 0.23800999,
      "path_length" : 5.098842,
      "sample_count" : 18,
      "speed_count" : 17,
      "speed_mean" : 0.011997276,
      "variance_mean" : 0.010899677,
      "velocity_x" : 0.008316973,
      "velocity_y" : 0.008585474
    },
    "name" : "crystal-amoeba-9690",
    "owner_id" : "local-node",
    "phenotype" : {
      "a_uniform" : {
        "high" : 1,
        "low" : 0
      },
      "p_uniform" : {
        "high" : 1,
        "low" : 0
      },
      "patches" : [
        {
          "center" : [
            32,
            32
          ],
          "size" : 20
        },
        {
          "center" : [
            96,
            32
          ],
          "size" : 20
        },
        {
          "center" : [
            32,
            96
          ],
          "size" : 20
        },
        {
          "center" : [
            96,
            96
          ],
          "size" : 20
        }
      ],
      "seed" : 83
    },
    "score" : 15.510134,
    "score_weights" : {
      "center_velocity" : 4,
      "complexity_mean" : 0.25,
      "displacement" : 2,
      "path_length" : 1
    },
    "timestamp" : "2026-03-06T22:08:57.860Z"
  },
  "media" : {
    "anatomy" : {
      "deltaPath" : "releases\/discovery-20260306-movers\/runs\/crossmap-motion-c002-s64\/521fa253-010a-49ef-a1a8-196e33bde71a\/delta.png",
      "fieldPath" : "releases\/discovery-20260306-movers\/runs\/crossmap-motion-c002-s64\/521fa253-010a-49ef-a1a8-196e33bde71a\/field.png",
      "kernelPath" : "releases\/discovery-20260306-movers\/runs\/crossmap-motion-c002-s64\/521fa253-010a-49ef-a1a8-196e33bde71a\/kernel.png",
      "neighborPath" : "releases\/discovery-20260306-movers\/runs\/crossmap-motion-c002-s64\/521fa253-010a-49ef-a1a8-196e33bde71a\/neighbor.png"
    },
    "height" : 128,
    "posterPath" : "releases\/discovery-20260306-movers\/runs\/crossmap-motion-c002-s64\/521fa253-010a-49ef-a1a8-196e33bde71a\/poster.png",
    "replayPath" : "releases\/discovery-20260306-movers\/runs\/crossmap-motion-c002-s64\/521fa253-010a-49ef-a1a8-196e33bde71a\/replay.json",
    "width" : 128
  },
  "published_at" : "2026-03-06T23:13:07.393Z",
  "recorded_at" : "2026-03-06T22:08:57.860Z",
  "run_id" : "crossmap-motion-c002-s64",
  "run_name" : "crossmap-motion-c002-s64",
  "source_db" : "\/Users\/ludwig\/dev\/specter-labs\/dossiers\/lenia-swarm\/artifacts\/discovery-20260306-1936\/compendium.sqlite",
  "telemetry" : {
    "centroid" : {
      "x" : 0.53618157,
      "y" : 0.5398978
    },
    "headingRad" : -0.9633635,
    "speed" : 0.00045521063,
    "trail" : [
      {
        "x" : 0.53495604,
        "y" : 0.5390896
      },
      {
        "x" : 0.53571093,
        "y" : 0.5380519
      },
      {
        "x" : 0.53592175,
        "y" : 0.539524
      }
    ],
    "vx" : 0.00025981665,
    "vy" : -0.00037378073
  }
}