{
  "artifact_source" : "rendered_stage_media_with_replay",
  "creature" : {
    "config_hash" : "035c5d3d6b6f",
    "genotype" : {
      "R" : 10.578058,
      "a" : [
        [
          0.8775935,
          0.5414568,
          0.04695022
        ],
        [
          0.9142976,
          0.54952294,
          0.32138216
        ],
        [
          0.42817956,
          0.78087497,
          0.9059175
        ]
      ],
      "b" : [
        [
          0.8738555,
          0.524664,
          0.9466526
        ],
        [
          0.62569827,
          0.41568804,
          0.757838
        ],
        [
          0.96035403,
          0.36714727,
          0.003550768
        ]
      ],
      "h" : [
        0.88428426,
        0.032841504,
        0.9793565
      ],
      "m" : [
        0.18502009,
        0.39193338,
        0.19737388
      ],
      "r" : [
        0.356714,
        0.5445649,
        0.92954785
      ],
      "s" : [
        0.103404924,
        0.09360136,
        0.039939754
      ],
      "w" : [
        [
          0.40631506,
          0.16711596,
          0.2270968
        ],
        [
          0.2440181,
          0.46242088,
          0.20716135
        ],
        [
          0.07277048,
          0.3362545,
          0.47460788
        ]
      ]
    },
    "id" : "52EEEDF0-9ED0-48A3-8F27-81FD95DF3AE0",
    "metrics" : {
      "center_velocity" : 0.011379223,
      "complexity_mean" : 0.8124695,
      "complexity_scales" : [
        0.42663574,
        0.5263672,
        0.83203125,
        1.4648438
      ],
      "displacement" : 4.8361697,
      "energy_mean" : 231.74954,
      "gyration" : 3582.5732,
      "heading_rad" : 0.80017143,
      "is_stable" : true,
      "mass_max" : 822.32605,
      "mass_mean" : 822.3168,
      "mass_min" : 822.3075,
      "mass_std" : 0,
      "occupancy_mean" : 0.2553304,
      "path_length" : 4.845663,
      "sample_count" : 18,
      "speed_count" : 17,
      "speed_mean" : 0.01140156,
      "variance_mean" : 0.011625808,
      "velocity_x" : 0.007926581,
      "velocity_y" : 0.008164314
    },
    "name" : "luminous-form-2760",
    "owner_id" : "local-node",
    "phenotype" : {
      "a_uniform" : {
        "high" : 1,
        "low" : 0
      },
      "p_uniform" : {
        "high" : 1,
        "low" : 0
      },
      "patches" : [
        {
          "center" : [
            32,
            32
          ],
          "size" : 20
        },
        {
          "center" : [
            96,
            32
          ],
          "size" : 20
        },
        {
          "center" : [
            32,
            96
          ],
          "size" : 20
        },
        {
          "center" : [
            96,
            96
          ],
          "size" : 20
        }
      ],
      "seed" : 84
    },
    "score" : 14.766637,
    "score_weights" : {
      "center_velocity" : 4,
      "complexity_mean" : 0.25,
      "displacement" : 2,
      "path_length" : 1
    },
    "timestamp" : "2026-03-06T22:08:57.861Z"
  },
  "media" : {
    "anatomy" : {
      "deltaPath" : "releases\/discovery-20260306-movers\/runs\/crossmap-motion-c002-s64\/52eeedf0-9ed0-48a3-8f27-81fd95df3ae0\/delta.png",
      "fieldPath" : "releases\/discovery-20260306-movers\/runs\/crossmap-motion-c002-s64\/52eeedf0-9ed0-48a3-8f27-81fd95df3ae0\/field.png",
      "kernelPath" : "releases\/discovery-20260306-movers\/runs\/crossmap-motion-c002-s64\/52eeedf0-9ed0-48a3-8f27-81fd95df3ae0\/kernel.png",
      "neighborPath" : "releases\/discovery-20260306-movers\/runs\/crossmap-motion-c002-s64\/52eeedf0-9ed0-48a3-8f27-81fd95df3ae0\/neighbor.png"
    },
    "height" : 128,
    "posterPath" : "releases\/discovery-20260306-movers\/runs\/crossmap-motion-c002-s64\/52eeedf0-9ed0-48a3-8f27-81fd95df3ae0\/poster.png",
    "replayPath" : "releases\/discovery-20260306-movers\/runs\/crossmap-motion-c002-s64\/52eeedf0-9ed0-48a3-8f27-81fd95df3ae0\/replay.json",
    "width" : 128
  },
  "published_at" : "2026-03-06T23:13:07.393Z",
  "recorded_at" : "2026-03-06T22:08:57.861Z",
  "run_id" : "crossmap-motion-c002-s64",
  "run_name" : "crossmap-motion-c002-s64",
  "source_db" : "\/Users\/ludwig\/dev\/specter-labs\/dossiers\/lenia-swarm\/artifacts\/discovery-20260306-1936\/compendium.sqlite",
  "telemetry" : {
    "centroid" : {
      "x" : 0.527735,
      "y" : 0.52949744
    },
    "headingRad" : -0.87604654,
    "speed" : 0.0006611325,
    "trail" : [
      {
        "x" : 0.5261995,
        "y" : 0.528166
      },
      {
        "x" : 0.5264768,
        "y" : 0.5284879
      },
      {
        "x" : 0.52731174,
        "y" : 0.52898955
      }
    ],
    "vx" : 0.00042325258,
    "vy" : -0.0005078912
  }
}