{
  "artifact_source" : "computed_replay_configs",
  "creature" : {
    "config_hash" : "035c5d3d6b6f",
    "genotype" : {
      "R" : 13.726354,
      "a" : [
        [
          0.88655156,
          0.5717474,
          0.70872176
        ],
        [
          0.8720952,
          0.2844302,
          0.94354725
        ],
        [
          0.87061554,
          0.12038511,
          0.82321846
        ]
      ],
      "b" : [
        [
          0.28294563,
          0.7911181,
          0.08991289
        ],
        [
          0.3052199,
          0.3147223,
          0.25310838
        ],
        [
          0.29383326,
          0.14238977,
          0.5979319
        ]
      ],
      "h" : [
        0.4725889,
        0.93522334,
        0.43212295
      ],
      "m" : [
        0.49936897,
        0.32050025,
        0.10753923
      ],
      "r" : [
        0.6858224,
        0.81953853,
        0.5340163
      ],
      "s" : [
        0.0801052,
        0.18723592,
        0.18605365
      ],
      "w" : [
        [
          0.37764132,
          0.38884935,
          0.4279982
        ],
        [
          0.4782011,
          0.42066264,
          0.17974314
        ],
        [
          0.31219843,
          0.087605774,
          0.3508022
        ]
      ]
    },
    "id" : "57AD9B2E-E8F3-44B3-9B90-E046031D9ABB",
    "metrics" : {
      "center_velocity" : 0.011056206,
      "complexity_mean" : 0.79267883,
      "complexity_scales" : [
        0.39141846,
        0.5078125,
        0.8378906,
        1.4335938
      ],
      "displacement" : 4.698888,
      "energy_mean" : 258.11307,
      "gyration" : 3641.443,
      "heading_rad" : 0.8062159,
      "is_stable" : true,
      "mass_max" : 815.2274,
      "mass_mean" : 815.2182,
      "mass_min" : 815.20905,
      "mass_std" : 0.25,
      "occupancy_mean" : 0.222524,
      "path_length" : 4.713435,
      "sample_count" : 18,
      "speed_count" : 17,
      "speed_mean" : 0.011090436,
      "variance_mean" : 0.013278215,
      "velocity_x" : 0.0076534855,
      "velocity_y" : 0.007978965
    },
    "name" : "vibrant-pattern-0480",
    "owner_id" : "local-node",
    "phenotype" : {
      "a_uniform" : {
        "high" : 1,
        "low" : 0
      },
      "p_uniform" : {
        "high" : 1,
        "low" : 0
      },
      "patches" : [
        {
          "center" : [
            32,
            32
          ],
          "size" : 20
        },
        {
          "center" : [
            96,
            32
          ],
          "size" : 20
        },
        {
          "center" : [
            32,
            96
          ],
          "size" : 20
        },
        {
          "center" : [
            96,
            96
          ],
          "size" : 20
        }
      ],
      "seed" : 74
    },
    "score" : 14.353605,
    "score_weights" : {
      "center_velocity" : 4,
      "complexity_mean" : 0.25,
      "displacement" : 2,
      "path_length" : 1
    },
    "timestamp" : "2026-03-06T22:08:57.860Z"
  },
  "published_at" : "2026-03-06T23:13:07.393Z",
  "recorded_at" : "2026-03-06T22:08:57.860Z",
  "run_id" : "crossmap-motion-c002-s64",
  "run_name" : "crossmap-motion-c002-s64",
  "source_db" : "\/Users\/ludwig\/dev\/specter-labs\/dossiers\/lenia-swarm\/artifacts\/discovery-20260306-1936\/compendium.sqlite"
}