{
  "artifact_source" : "computed_replay_configs",
  "creature" : {
    "config_hash" : "035c5d3d6b6f",
    "genotype" : {
      "R" : 8.788127,
      "a" : [
        [
          0.44180983,
          0.5027825,
          0.2895913
        ],
        [
          0.9672938,
          0.84618074,
          0.6880757
        ],
        [
          0.7123769,
          0.2806443,
          0.62373006
        ]
      ],
      "b" : [
        [
          0.6067079,
          0.951291,
          0.0061028004
        ],
        [
          0.8167457,
          0.40148807,
          0.32257658
        ],
        [
          0.29916066,
          0.0724777,
          0.3291955
        ]
      ],
      "h" : [
        0.6072027,
        0.4249634,
        0.035381973
      ],
      "m" : [
        0.43921587,
        0.052762702,
        0.26678103
      ],
      "r" : [
        0.91187584,
        0.58328766,
        0.49157977
      ],
      "s" : [
        0.0466236,
        0.113135956,
        0.16314964
      ],
      "w" : [
        [
          0.055506647,
          0.31776318,
          0.33276245
        ],
        [
          0.1307186,
          0.40968204,
          0.105903536
        ],
        [
          0.3057199,
          0.4063989,
          0.17671253
        ]
      ]
    },
    "id" : "5A0D8BF4-1C94-473E-ACAE-1A1D5D24FD03",
    "metrics" : {
      "center_velocity" : 0.010688578,
      "complexity_mean" : 0.7894745,
      "complexity_scales" : [
        0.38739014,
        0.5097656,
        0.8076172,
        1.453125
      ],
      "displacement" : 4.5426455,
      "energy_mean" : 258.85297,
      "gyration" : 3677.6995,
      "heading_rad" : 0.85121316,
      "is_stable" : true,
      "mass_max" : 816.2588,
      "mass_mean" : 816.2496,
      "mass_min" : 816.2404,
      "mass_std" : 0,
      "occupancy_mean" : 0.2204149,
      "path_length" : 4.5532727,
      "sample_count" : 18,
      "speed_count" : 17,
      "speed_mean" : 0.010713583,
      "variance_mean" : 0.013317108,
      "velocity_x" : 0.007044534,
      "velocity_y" : 0.008038671
    },
    "name" : "radiant-pattern-8314",
    "owner_id" : "local-node",
    "phenotype" : {
      "a_uniform" : {
        "high" : 1,
        "low" : 0
      },
      "p_uniform" : {
        "high" : 1,
        "low" : 0
      },
      "patches" : [
        {
          "center" : [
            32,
            32
          ],
          "size" : 20
        },
        {
          "center" : [
            96,
            32
          ],
          "size" : 20
        },
        {
          "center" : [
            32,
            96
          ],
          "size" : 20
        },
        {
          "center" : [
            96,
            96
          ],
          "size" : 20
        }
      ],
      "seed" : 39
    },
    "score" : 13.878686,
    "score_weights" : {
      "center_velocity" : 4,
      "complexity_mean" : 0.25,
      "displacement" : 2,
      "path_length" : 1
    },
    "timestamp" : "2026-03-06T21:54:34.587Z"
  },
  "published_at" : "2026-03-06T23:13:07.393Z",
  "recorded_at" : "2026-03-06T21:54:34.587Z",
  "run_id" : "crossmap-motion-c001-s32",
  "run_name" : "crossmap-motion-c001-s32",
  "source_db" : "\/Users\/ludwig\/dev\/specter-labs\/dossiers\/lenia-swarm\/artifacts\/discovery-20260306-1936\/compendium.sqlite"
}