{
  "artifact_source" : "computed_replay_configs",
  "creature" : {
    "config_hash" : "035c5d3d6b6f",
    "genotype" : {
      "R" : 6.258684,
      "a" : [
        [
          0.83542085,
          0.7153466,
          0.105490744
        ],
        [
          0.10550952,
          0.10357618,
          0.24613363
        ],
        [
          0.7293649,
          0.20597923,
          0.12697387
        ]
      ],
      "b" : [
        [
          0.084209144,
          0.46174937,
          0.31216866
        ],
        [
          0.9600446,
          0.2695706,
          0.21286792
        ],
        [
          0.38803178,
          0.8174359,
          0.72569203
        ]
      ],
      "h" : [
        0.7841031,
        0.55541545,
        0.5726721
      ],
      "m" : [
        0.18979801,
        0.2953542,
        0.49982727
      ],
      "r" : [
        0.50039595,
        0.95300734,
        0.79805887
      ],
      "s" : [
        0.09061908,
        0.016018014,
        0.060193177
      ],
      "w" : [
        [
          0.17715424,
          0.16948684,
          0.2089163
        ],
        [
          0.3897227,
          0.39005306,
          0.30851918
        ],
        [
          0.010002219,
          0.05241803,
          0.30331767
        ]
      ]
    },
    "id" : "6BED87B4-54AA-4D00-A6DA-C2E32E14D411",
    "metrics" : {
      "center_velocity" : 0.010659945,
      "complexity_mean" : 0.7967377,
      "complexity_scales" : [
        0.40447998,
        0.5275879,
        0.81347656,
        1.4414062
      ],
      "displacement" : 4.5304766,
      "energy_mean" : 211.94955,
      "gyration" : 3632.0457,
      "heading_rad" : 0.807078,
      "is_stable" : true,
      "mass_max" : 808.8833,
      "mass_mean" : 808.87415,
      "mass_min" : 808.8651,
      "mass_std" : 0.4330127,
      "occupancy_mean" : 0.24735853,
      "path_length" : 4.5524464,
      "sample_count" : 18,
      "speed_count" : 17,
      "speed_mean" : 0.010711638,
      "variance_mean" : 0.010499,
      "velocity_x" : 0.007372544,
      "velocity_y" : 0.0076993518
    },
    "name" : "crystal-amoeba-3667",
    "owner_id" : "local-node",
    "phenotype" : {
      "a_uniform" : {
        "high" : 1,
        "low" : 0
      },
      "p_uniform" : {
        "high" : 1,
        "low" : 0
      },
      "patches" : [
        {
          "center" : [
            32,
            32
          ],
          "size" : 20
        },
        {
          "center" : [
            96,
            32
          ],
          "size" : 20
        },
        {
          "center" : [
            32,
            96
          ],
          "size" : 20
        },
        {
          "center" : [
            96,
            96
          ],
          "size" : 20
        }
      ],
      "seed" : 53
    },
    "score" : 13.855224,
    "score_weights" : {
      "center_velocity" : 4,
      "complexity_mean" : 0.25,
      "displacement" : 2,
      "path_length" : 1
    },
    "timestamp" : "2026-03-06T21:54:34.588Z"
  },
  "published_at" : "2026-03-06T23:13:07.393Z",
  "recorded_at" : "2026-03-06T21:54:34.588Z",
  "run_id" : "crossmap-motion-c001-s32",
  "run_name" : "crossmap-motion-c001-s32",
  "source_db" : "\/Users\/ludwig\/dev\/specter-labs\/dossiers\/lenia-swarm\/artifacts\/discovery-20260306-1936\/compendium.sqlite"
}