{
  "artifact_source" : "computed_replay_configs",
  "creature" : {
    "config_hash" : "035c5d3d6b6f",
    "genotype" : {
      "R" : 4.6009016,
      "a" : [
        [
          0.9633494,
          0.67629486,
          0.76923037
        ],
        [
          0.6950177,
          0.21499884,
          0.2476759
        ],
        [
          0.8811086,
          0.15292674,
          0.8640339
        ]
      ],
      "b" : [
        [
          0.29683942,
          0.44857132,
          0.58469844
        ],
        [
          0.3636197,
          0.39307725,
          0.7233532
        ],
        [
          0.09763318,
          0.27651918,
          0.7067562
        ]
      ],
      "h" : [
        0.71652275,
        0.34963822,
        0.43787116
      ],
      "m" : [
        0.13917413,
        0.23465507,
        0.33645076
      ],
      "r" : [
        0.9353508,
        0.344922,
        0.6168987
      ],
      "s" : [
        0.17181195,
        0.13561161,
        0.14419837
      ],
      "w" : [
        [
          0.21126212,
          0.4220336,
          0.24537402
        ],
        [
          0.04812237,
          0.050985985,
          0.40246162
        ],
        [
          0.48120424,
          0.07615937,
          0.26844448
        ]
      ]
    },
    "id" : "82783E30-2D47-4286-8CB7-F02F71FF495B",
    "metrics" : {
      "center_velocity" : 0.007925336,
      "complexity_mean" : 0.799057,
      "complexity_scales" : [
        0.35321045,
        0.47875977,
        0.88378906,
        1.4804688
      ],
      "displacement" : 3.3682678,
      "energy_mean" : 326.5558,
      "gyration" : 3579.358,
      "heading_rad" : 0.771545,
      "is_stable" : true,
      "mass_max" : 820.0334,
      "mass_mean" : 820.0242,
      "mass_min" : 820.01495,
      "mass_std" : 0,
      "occupancy_mean" : 0.20783488,
      "path_length" : 3.392136,
      "sample_count" : 18,
      "speed_count" : 17,
      "speed_mean" : 0.007981497,
      "variance_mean" : 0.017426353,
      "velocity_x" : 0.0056811525,
      "velocity_y" : 0.00552589
    },
    "name" : "ethereal-orbiter-5731",
    "owner_id" : "local-node",
    "phenotype" : {
      "a_uniform" : {
        "high" : 1,
        "low" : 0
      },
      "p_uniform" : {
        "high" : 1,
        "low" : 0
      },
      "patches" : [
        {
          "center" : [
            32,
            32
          ],
          "size" : 20
        },
        {
          "center" : [
            96,
            32
          ],
          "size" : 20
        },
        {
          "center" : [
            32,
            96
          ],
          "size" : 20
        },
        {
          "center" : [
            96,
            96
          ],
          "size" : 20
        }
      ],
      "seed" : 43
    },
    "score" : 10.360137,
    "score_weights" : {
      "center_velocity" : 4,
      "complexity_mean" : 0.25,
      "displacement" : 2,
      "path_length" : 1
    },
    "timestamp" : "2026-03-06T21:54:34.587Z"
  },
  "published_at" : "2026-03-06T23:13:07.393Z",
  "recorded_at" : "2026-03-06T21:54:34.587Z",
  "run_id" : "crossmap-motion-c001-s32",
  "run_name" : "crossmap-motion-c001-s32",
  "source_db" : "\/Users\/ludwig\/dev\/specter-labs\/dossiers\/lenia-swarm\/artifacts\/discovery-20260306-1936\/compendium.sqlite"
}