{
  "artifact_source" : "rendered_stage_media_with_replay",
  "creature" : {
    "config_hash" : "035c5d3d6b6f",
    "genotype" : {
      "R" : 8.533389,
      "a" : [
        [
          0.7650332,
          0.29525214,
          0.53974354
        ],
        [
          0.4795633,
          0.19390893,
          0.9420109
        ],
        [
          0.89784,
          0.9988363,
          0.43767548
        ]
      ],
      "b" : [
        [
          0.71665055,
          0.74238837,
          0.6151213
        ],
        [
          0.050543666,
          0.11166042,
          0.9736049
        ],
        [
          0.81646425,
          0.09378934,
          0.8611457
        ]
      ],
      "h" : [
        0.53517115,
        0.34985775,
        0.617067
      ],
      "m" : [
        0.49029902,
        0.46013466,
        0.12571128
      ],
      "r" : [
        0.35006225,
        0.7041539,
        0.91857827
      ],
      "s" : [
        0.008929473,
        0.19754215,
        0.16284321
      ],
      "w" : [
        [
          0.16673969,
          0.19705823,
          0.459032
        ],
        [
          0.36530915,
          0.2510086,
          0.24787493
        ],
        [
          0.25697738,
          0.16676384,
          0.46581438
        ]
      ]
    },
    "id" : "993BDE4B-D3E9-433C-8F18-C3338DBD97DD",
    "metrics" : {
      "center_velocity" : 0.011847387,
      "complexity_mean" : 0.8043518,
      "complexity_scales" : [
        0.44226074,
        0.54174805,
        0.8232422,
        1.4101562
      ],
      "displacement" : 5.0351396,
      "energy_mean" : 225.78635,
      "gyration" : 3637.6511,
      "heading_rad" : 0.7731825,
      "is_stable" : true,
      "mass_max" : 792.13184,
      "mass_mean" : 792.12305,
      "mass_min" : 792.114,
      "mass_std" : 0,
      "occupancy_mean" : 0.23096721,
      "path_length" : 5.0429487,
      "sample_count" : 18,
      "speed_count" : 17,
      "speed_mean" : 0.011865762,
      "variance_mean" : 0.01144344,
      "velocity_x" : 0.0084790755,
      "velocity_y" : 0.008274411
    },
    "name" : "pulsing-cell-0677",
    "owner_id" : "local-node",
    "phenotype" : {
      "a_uniform" : {
        "high" : 1,
        "low" : 0
      },
      "p_uniform" : {
        "high" : 1,
        "low" : 0
      },
      "patches" : [
        {
          "center" : [
            32,
            32
          ],
          "size" : 20
        },
        {
          "center" : [
            96,
            32
          ],
          "size" : 20
        },
        {
          "center" : [
            32,
            96
          ],
          "size" : 20
        },
        {
          "center" : [
            96,
            96
          ],
          "size" : 20
        }
      ],
      "seed" : 85
    },
    "score" : 15.361706,
    "score_weights" : {
      "center_velocity" : 4,
      "complexity_mean" : 0.25,
      "displacement" : 2,
      "path_length" : 1
    },
    "timestamp" : "2026-03-06T22:08:57.861Z"
  },
  "media" : {
    "anatomy" : {
      "deltaPath" : "releases\/discovery-20260306-movers\/runs\/crossmap-motion-c002-s64\/993bde4b-d3e9-433c-8f18-c3338dbd97dd\/delta.png",
      "fieldPath" : "releases\/discovery-20260306-movers\/runs\/crossmap-motion-c002-s64\/993bde4b-d3e9-433c-8f18-c3338dbd97dd\/field.png",
      "kernelPath" : "releases\/discovery-20260306-movers\/runs\/crossmap-motion-c002-s64\/993bde4b-d3e9-433c-8f18-c3338dbd97dd\/kernel.png",
      "neighborPath" : "releases\/discovery-20260306-movers\/runs\/crossmap-motion-c002-s64\/993bde4b-d3e9-433c-8f18-c3338dbd97dd\/neighbor.png"
    },
    "height" : 128,
    "posterPath" : "releases\/discovery-20260306-movers\/runs\/crossmap-motion-c002-s64\/993bde4b-d3e9-433c-8f18-c3338dbd97dd\/poster.png",
    "replayPath" : "releases\/discovery-20260306-movers\/runs\/crossmap-motion-c002-s64\/993bde4b-d3e9-433c-8f18-c3338dbd97dd\/replay.json",
    "width" : 128
  },
  "published_at" : "2026-03-06T23:13:07.393Z",
  "recorded_at" : "2026-03-06T22:08:57.861Z",
  "run_id" : "crossmap-motion-c002-s64",
  "run_name" : "crossmap-motion-c002-s64",
  "source_db" : "\/Users\/ludwig\/dev\/specter-labs\/dossiers\/lenia-swarm\/artifacts\/discovery-20260306-1936\/compendium.sqlite",
  "telemetry" : {
    "centroid" : {
      "x" : 0.5277291,
      "y" : 0.5346998
    },
    "headingRad" : -1.9500523,
    "speed" : 0.0009736906,
    "trail" : [
      {
        "x" : 0.52671146,
        "y" : 0.5330951
      },
      {
        "x" : 0.5272612,
        "y" : 0.53349286
      },
      {
        "x" : 0.5280896,
        "y" : 0.5337953
      }
    ],
    "vx" : -0.0003604889,
    "vy" : -0.0009045005
  }
}