{
  "artifact_source" : "rendered_stage_media_with_replay",
  "creature" : {
    "config_hash" : "035c5d3d6b6f",
    "genotype" : {
      "R" : 11.771629,
      "a" : [
        [
          0.71982664,
          0.0074175596,
          0.8851529
        ],
        [
          0.27391273,
          0.52791256,
          0.7010125
        ],
        [
          0.35685933,
          0.9482567,
          0.5651123
        ]
      ],
      "b" : [
        [
          0.32095802,
          0.886964,
          0.847812
        ],
        [
          0.9992377,
          0.41640466,
          0.20694864
        ],
        [
          0.8476291,
          0.9027518,
          0.17605323
        ]
      ],
      "h" : [
        0.91453564,
        0.3687799,
        0.4004292
      ],
      "m" : [
        0.41698658,
        0.37907332,
        0.27353397
      ],
      "r" : [
        0.7288548,
        0.68274903,
        0.7926935
      ],
      "s" : [
        0.1579462,
        0.16930392,
        0.12435195
      ],
      "w" : [
        [
          0.025393022,
          0.32607704,
          0.0325398
        ],
        [
          0.31089747,
          0.18729046,
          0.36751166
        ],
        [
          0.32535022,
          0.30957925,
          0.057882577
        ]
      ]
    },
    "id" : "9ABF7F5B-CB94-4B7F-8823-B2373626B899",
    "metrics" : {
      "center_velocity" : 0.011572566,
      "complexity_mean" : 0.82321167,
      "complexity_scales" : [
        0.44958496,
        0.5385742,
        0.84375,
        1.4609375
      ],
      "displacement" : 4.9183407,
      "energy_mean" : 209.14243,
      "gyration" : 3477.6797,
      "heading_rad" : 0.80130464,
      "is_stable" : true,
      "mass_max" : 797.031,
      "mass_mean" : 797.022,
      "mass_min" : 797.01306,
      "mass_std" : 0.35355338,
      "occupancy_mean" : 0.26010472,
      "path_length" : 4.925934,
      "sample_count" : 18,
      "speed_count" : 17,
      "speed_mean" : 0.011590432,
      "variance_mean" : 0.010398571,
      "velocity_x" : 0.008051847,
      "velocity_y" : 0.008312163
    },
    "name" : "harmonic-cell-1902",
    "owner_id" : "local-node",
    "phenotype" : {
      "a_uniform" : {
        "high" : 1,
        "low" : 0
      },
      "p_uniform" : {
        "high" : 1,
        "low" : 0
      },
      "patches" : [
        {
          "center" : [
            32,
            32
          ],
          "size" : 20
        },
        {
          "center" : [
            96,
            32
          ],
          "size" : 20
        },
        {
          "center" : [
            32,
            96
          ],
          "size" : 20
        },
        {
          "center" : [
            96,
            96
          ],
          "size" : 20
        }
      ],
      "seed" : 41
    },
    "score" : 15.0147085,
    "score_weights" : {
      "center_velocity" : 4,
      "complexity_mean" : 0.25,
      "displacement" : 2,
      "path_length" : 1
    },
    "timestamp" : "2026-03-06T21:54:34.587Z"
  },
  "media" : {
    "anatomy" : {
      "deltaPath" : "releases\/discovery-20260306-movers\/runs\/crossmap-motion-c001-s32\/9abf7f5b-cb94-4b7f-8823-b2373626b899\/delta.png",
      "fieldPath" : "releases\/discovery-20260306-movers\/runs\/crossmap-motion-c001-s32\/9abf7f5b-cb94-4b7f-8823-b2373626b899\/field.png",
      "kernelPath" : "releases\/discovery-20260306-movers\/runs\/crossmap-motion-c001-s32\/9abf7f5b-cb94-4b7f-8823-b2373626b899\/kernel.png",
      "neighborPath" : "releases\/discovery-20260306-movers\/runs\/crossmap-motion-c001-s32\/9abf7f5b-cb94-4b7f-8823-b2373626b899\/neighbor.png"
    },
    "height" : 128,
    "posterPath" : "releases\/discovery-20260306-movers\/runs\/crossmap-motion-c001-s32\/9abf7f5b-cb94-4b7f-8823-b2373626b899\/poster.png",
    "replayPath" : "releases\/discovery-20260306-movers\/runs\/crossmap-motion-c001-s32\/9abf7f5b-cb94-4b7f-8823-b2373626b899\/replay.json",
    "width" : 128
  },
  "published_at" : "2026-03-06T23:13:07.393Z",
  "recorded_at" : "2026-03-06T21:54:34.587Z",
  "run_id" : "crossmap-motion-c001-s32",
  "run_name" : "crossmap-motion-c001-s32",
  "source_db" : "\/Users\/ludwig\/dev\/specter-labs\/dossiers\/lenia-swarm\/artifacts\/discovery-20260306-1936\/compendium.sqlite",
  "telemetry" : {
    "centroid" : {
      "x" : 0.5326059,
      "y" : 0.5263909
    },
    "headingRad" : -0.42503813,
    "speed" : 0.00027622882,
    "trail" : [
      {
        "x" : 0.5313511,
        "y" : 0.52612275
      },
      {
        "x" : 0.5318867,
        "y" : 0.526213
      },
      {
        "x" : 0.53235424,
        "y" : 0.526277
      }
    ],
    "vx" : 0.0002516508,
    "vy" : -0.000113904476
  }
}