{
  "artifact_source" : "rendered_stage_media_with_replay",
  "creature" : {
    "config_hash" : "035c5d3d6b6f",
    "genotype" : {
      "R" : 8.381701,
      "a" : [
        [
          0.7989689,
          0.74731565,
          0.86345017
        ],
        [
          0.5387249,
          0.9557353,
          0.4500674
        ],
        [
          0.8781864,
          0.43154103,
          0.0805285
        ]
      ],
      "b" : [
        [
          0.21457648,
          0.9840931,
          0.34759212
        ],
        [
          0.8692092,
          0.46195996,
          0.31697774
        ],
        [
          0.8086765,
          0.0880183,
          0.34763545
        ]
      ],
      "h" : [
        0.06708467,
        0.9777683,
        0.6424614
      ],
      "m" : [
        0.4449301,
        0.39160967,
        0.31178528
      ],
      "r" : [
        0.76657885,
        0.97693145,
        0.7900752
      ],
      "s" : [
        0.16504054,
        0.19081314,
        0.17318639
      ],
      "w" : [
        [
          0.25270334,
          0.3284258,
          0.12746367
        ],
        [
          0.35520437,
          0.08577413,
          0.49354297
        ],
        [
          0.49760416,
          0.32709348,
          0.32334325
        ]
      ]
    },
    "id" : "A5E06A44-A620-4B45-966C-BB31CCF7046F",
    "metrics" : {
      "center_velocity" : 0.011355158,
      "complexity_mean" : 0.81204224,
      "complexity_scales" : [
        0.43347168,
        0.5324707,
        0.83691406,
        1.4453125
      ],
      "displacement" : 4.825942,
      "energy_mean" : 218.26712,
      "gyration" : 3529.0107,
      "heading_rad" : 0.7868559,
      "is_stable" : true,
      "mass_max" : 798.6456,
      "mass_mean" : 798.6367,
      "mass_min" : 798.6277,
      "mass_std" : 0,
      "occupancy_mean" : 0.2577413,
      "path_length" : 4.831091,
      "sample_count" : 18,
      "speed_count" : 17,
      "speed_mean" : 0.011367273,
      "variance_mean" : 0.010945899,
      "velocity_x" : 0.008017596,
      "velocity_y" : 0.008041005
    },
    "name" : "luminous-cell-3939",
    "owner_id" : "local-node",
    "phenotype" : {
      "a_uniform" : {
        "high" : 1,
        "low" : 0
      },
      "p_uniform" : {
        "high" : 1,
        "low" : 0
      },
      "patches" : [
        {
          "center" : [
            32,
            32
          ],
          "size" : 20
        },
        {
          "center" : [
            96,
            32
          ],
          "size" : 20
        },
        {
          "center" : [
            32,
            96
          ],
          "size" : 20
        },
        {
          "center" : [
            96,
            96
          ],
          "size" : 20
        }
      ],
      "seed" : 32
    },
    "score" : 14.731406,
    "score_weights" : {
      "center_velocity" : 4,
      "complexity_mean" : 0.25,
      "displacement" : 2,
      "path_length" : 1
    },
    "timestamp" : "2026-03-06T21:54:34.586Z"
  },
  "media" : {
    "anatomy" : {
      "deltaPath" : "releases\/discovery-20260306-movers\/runs\/crossmap-motion-c001-s32\/a5e06a44-a620-4b45-966c-bb31ccf7046f\/delta.png",
      "fieldPath" : "releases\/discovery-20260306-movers\/runs\/crossmap-motion-c001-s32\/a5e06a44-a620-4b45-966c-bb31ccf7046f\/field.png",
      "kernelPath" : "releases\/discovery-20260306-movers\/runs\/crossmap-motion-c001-s32\/a5e06a44-a620-4b45-966c-bb31ccf7046f\/kernel.png",
      "neighborPath" : "releases\/discovery-20260306-movers\/runs\/crossmap-motion-c001-s32\/a5e06a44-a620-4b45-966c-bb31ccf7046f\/neighbor.png"
    },
    "height" : 128,
    "posterPath" : "releases\/discovery-20260306-movers\/runs\/crossmap-motion-c001-s32\/a5e06a44-a620-4b45-966c-bb31ccf7046f\/poster.png",
    "replayPath" : "releases\/discovery-20260306-movers\/runs\/crossmap-motion-c001-s32\/a5e06a44-a620-4b45-966c-bb31ccf7046f\/replay.json",
    "width" : 128
  },
  "published_at" : "2026-03-06T23:13:07.393Z",
  "recorded_at" : "2026-03-06T21:54:34.586Z",
  "run_id" : "crossmap-motion-c001-s32",
  "run_name" : "crossmap-motion-c001-s32",
  "source_db" : "\/Users\/ludwig\/dev\/specter-labs\/dossiers\/lenia-swarm\/artifacts\/discovery-20260306-1936\/compendium.sqlite",
  "telemetry" : {
    "centroid" : {
      "x" : 0.53509134,
      "y" : 0.5324638
    },
    "headingRad" : -0.8950306,
    "speed" : 0.00039060178,
    "trail" : [
      {
        "x" : 0.53392756,
        "y" : 0.5315043
      },
      {
        "x" : 0.5345414,
        "y" : 0.53162056
      },
      {
        "x" : 0.534847,
        "y" : 0.53215903
      }
    ],
    "vx" : 0.00024431944,
    "vy" : -0.00030475855
  }
}