{
  "artifact_source" : "computed_replay_configs",
  "creature" : {
    "config_hash" : "035c5d3d6b6f",
    "genotype" : {
      "R" : 16.44091,
      "a" : [
        [
          0.122041464,
          0.41970664,
          0.53495604
        ],
        [
          0.14995736,
          0.6158096,
          0.35954857
        ],
        [
          0.011841476,
          0.96663636,
          0.4930756
        ]
      ],
      "b" : [
        [
          0.7032502,
          0.10415822,
          0.43000573
        ],
        [
          0.29889166,
          0.7903428,
          0.40108323
        ],
        [
          0.96637756,
          0.38910264,
          0.89883125
        ]
      ],
      "h" : [
        0.5923741,
        0.6123613,
        0.088077664
      ],
      "m" : [
        0.25389358,
        0.18387173,
        0.12401666
      ],
      "r" : [
        0.86444193,
        0.8980749,
        0.7231325
      ],
      "s" : [
        0.00209843,
        0.019231236,
        0.09833232
      ],
      "w" : [
        [
          0.060012244,
          0.3685789,
          0.45365593
        ],
        [
          0.121815,
          0.22147392,
          0.2338993
        ],
        [
          0.38233352,
          0.22117978,
          0.35835683
        ]
      ]
    },
    "id" : "E82B8998-4DB6-475B-BFD0-4C06BC5E7DD5",
    "metrics" : {
      "center_velocity" : 0.010974453,
      "complexity_mean" : 0.80833435,
      "complexity_scales" : [
        0.4442749,
        0.5683594,
        0.8144531,
        1.40625
      ],
      "displacement" : 4.6641426,
      "energy_mean" : 213.92453,
      "gyration" : 3687.5774,
      "heading_rad" : 0.76044196,
      "is_stable" : true,
      "mass_max" : 796.9994,
      "mass_mean" : 796.99036,
      "mass_min" : 796.98145,
      "mass_std" : 0.35355338,
      "occupancy_mean" : 0.23251003,
      "path_length" : 4.7030306,
      "sample_count" : 18,
      "speed_count" : 17,
      "speed_mean" : 0.011065954,
      "variance_mean" : 0.010690636,
      "velocity_x" : 0.007951337,
      "velocity_y" : 0.007564051
    },
    "name" : "mystic-entity-4605",
    "owner_id" : "local-node",
    "phenotype" : {
      "a_uniform" : {
        "high" : 1,
        "low" : 0
      },
      "p_uniform" : {
        "high" : 1,
        "low" : 0
      },
      "patches" : [
        {
          "center" : [
            32,
            32
          ],
          "size" : 20
        },
        {
          "center" : [
            96,
            32
          ],
          "size" : 20
        },
        {
          "center" : [
            32,
            96
          ],
          "size" : 20
        },
        {
          "center" : [
            96,
            96
          ],
          "size" : 20
        }
      ],
      "seed" : 28
    },
    "score" : 14.277297,
    "score_weights" : {
      "center_velocity" : 4,
      "complexity_mean" : 0.25,
      "displacement" : 2,
      "path_length" : 1
    },
    "timestamp" : "2026-03-06T21:36:09.563Z"
  },
  "published_at" : "2026-03-06T23:13:07.393Z",
  "recorded_at" : "2026-03-06T21:36:09.563Z",
  "run_id" : "crossmap-motion-c000-s0",
  "run_name" : "crossmap-motion-c000-s0",
  "source_db" : "\/Users\/ludwig\/dev\/specter-labs\/dossiers\/lenia-swarm\/artifacts\/discovery-20260306-1936\/compendium.sqlite"
}