{
  "artifact_source" : "computed_replay_configs",
  "creature" : {
    "config_hash" : "035c5d3d6b6f",
    "genotype" : {
      "R" : 12.2795515,
      "a" : [
        [
          0.76834553,
          0.33512086,
          0.12460834
        ],
        [
          0.99642026,
          0.94880116,
          0.1591931
        ],
        [
          0.9710943,
          0.69199204,
          0.278311
        ]
      ],
      "b" : [
        [
          0.30576777,
          0.40052307,
          0.88257056
        ],
        [
          0.51354194,
          0.18738294,
          0.4136433
        ],
        [
          0.6938005,
          0.05198294,
          0.85896105
        ]
      ],
      "h" : [
        0.37003326,
        0.19983989,
        0.6190949
      ],
      "m" : [
        0.06341389,
        0.4577086,
        0.21166535
      ],
      "r" : [
        0.7501022,
        0.79094136,
        0.894895
      ],
      "s" : [
        0.010938687,
        0.039407726,
        0.0040094196
      ],
      "w" : [
        [
          0.241372,
          0.24285123,
          0.32847723
        ],
        [
          0.36317986,
          0.40484902,
          0.10510425
        ],
        [
          0.43850088,
          0.35079715,
          0.20165658
        ]
      ]
    },
    "id" : "F4D09C82-2523-4CCB-9DE8-DB5B5B43712A",
    "metrics" : {
      "center_velocity" : 0.00980022,
      "complexity_mean" : 0.8155823,
      "complexity_scales" : [
        0.46203613,
        0.5629883,
        0.8076172,
        1.4296875
      ],
      "displacement" : 4.1650934,
      "energy_mean" : 200.19872,
      "gyration" : 3687.061,
      "heading_rad" : 0.7884135,
      "is_stable" : true,
      "mass_max" : 797.2777,
      "mass_mean" : 797.26874,
      "mass_min" : 797.25977,
      "mass_std" : 0,
      "occupancy_mean" : 0.23683675,
      "path_length" : 4.189146,
      "sample_count" : 18,
      "speed_count" : 17,
      "speed_mean" : 0.0098568145,
      "variance_mean" : 0.0098512275,
      "velocity_x" : 0.0069088745,
      "velocity_y" : 0.0069506657
    },
    "name" : "pulsing-entity-2411",
    "owner_id" : "local-node",
    "phenotype" : {
      "a_uniform" : {
        "high" : 1,
        "low" : 0
      },
      "p_uniform" : {
        "high" : 1,
        "low" : 0
      },
      "patches" : [
        {
          "center" : [
            32,
            32
          ],
          "size" : 20
        },
        {
          "center" : [
            96,
            32
          ],
          "size" : 20
        },
        {
          "center" : [
            32,
            96
          ],
          "size" : 20
        },
        {
          "center" : [
            96,
            96
          ],
          "size" : 20
        }
      ],
      "seed" : 58
    },
    "score" : 12.762429,
    "score_weights" : {
      "center_velocity" : 4,
      "complexity_mean" : 0.25,
      "displacement" : 2,
      "path_length" : 1
    },
    "timestamp" : "2026-03-06T21:54:34.588Z"
  },
  "published_at" : "2026-03-06T23:13:07.393Z",
  "recorded_at" : "2026-03-06T21:54:34.588Z",
  "run_id" : "crossmap-motion-c001-s32",
  "run_name" : "crossmap-motion-c001-s32",
  "source_db" : "\/Users\/ludwig\/dev\/specter-labs\/dossiers\/lenia-swarm\/artifacts\/discovery-20260306-1936\/compendium.sqlite"
}