{
  "artifact_source" : "computed_replay_configs",
  "creature" : {
    "config_hash" : "035c5d3d6b6f",
    "genotype" : {
      "R" : 7.1172976,
      "a" : [
        [
          0.6894093,
          0.25719458,
          0.8101415
        ],
        [
          0.23459178,
          0.40530425,
          0.8392449
        ],
        [
          0.25566387,
          0.17030025,
          0.5845736
        ]
      ],
      "b" : [
        [
          0.97791725,
          0.7527026,
          0.18693513
        ],
        [
          0.25182563,
          0.32347172,
          0.65206957
        ],
        [
          0.21157384,
          0.47499043,
          0.566405
        ]
      ],
      "h" : [
        0.08558375,
        0.609617,
        0.8315652
      ],
      "m" : [
        0.2695116,
        0.16203946,
        0.1556163
      ],
      "r" : [
        0.61064214,
        0.42253318,
        0.33463925
      ],
      "s" : [
        0.014938041,
        0.029985199,
        0.080366485
      ],
      "w" : [
        [
          0.21725425,
          0.36385202,
          0.025286507
        ],
        [
          0.3388108,
          0.3869829,
          0.08623577
        ],
        [
          0.108361594,
          0.3431722,
          0.17949632
        ]
      ]
    },
    "id" : "F85DAE0E-0482-4994-9FB9-0E93AADB47DD",
    "metrics" : {
      "center_velocity" : 0.008230613,
      "complexity_mean" : 0.80514526,
      "complexity_scales" : [
        0.4468994,
        0.5344238,
        0.80566406,
        1.4335938
      ],
      "displacement" : 3.4980104,
      "energy_mean" : 235.89635,
      "gyration" : 3627.8044,
      "heading_rad" : 0.7506012,
      "is_stable" : true,
      "mass_max" : 798.47925,
      "mass_mean" : 798.4702,
      "mass_min" : 798.46124,
      "mass_std" : 0,
      "occupancy_mean" : 0.22569105,
      "path_length" : 3.5195792,
      "sample_count" : 18,
      "speed_count" : 17,
      "speed_mean" : 0.008281363,
      "variance_mean" : 0.012022894,
      "velocity_x" : 0.0060188742,
      "velocity_y" : 0.005613924
    },
    "name" : "serene-orbiter-4807",
    "owner_id" : "local-node",
    "phenotype" : {
      "a_uniform" : {
        "high" : 1,
        "low" : 0
      },
      "p_uniform" : {
        "high" : 1,
        "low" : 0
      },
      "patches" : [
        {
          "center" : [
            32,
            32
          ],
          "size" : 20
        },
        {
          "center" : [
            96,
            32
          ],
          "size" : 20
        },
        {
          "center" : [
            32,
            96
          ],
          "size" : 20
        },
        {
          "center" : [
            96,
            96
          ],
          "size" : 20
        }
      ],
      "seed" : 81
    },
    "score" : 10.749809,
    "score_weights" : {
      "center_velocity" : 4,
      "complexity_mean" : 0.25,
      "displacement" : 2,
      "path_length" : 1
    },
    "timestamp" : "2026-03-06T22:08:57.860Z"
  },
  "published_at" : "2026-03-06T23:13:07.393Z",
  "recorded_at" : "2026-03-06T22:08:57.860Z",
  "run_id" : "crossmap-motion-c002-s64",
  "run_name" : "crossmap-motion-c002-s64",
  "source_db" : "\/Users\/ludwig\/dev\/specter-labs\/dossiers\/lenia-swarm\/artifacts\/discovery-20260306-1936\/compendium.sqlite"
}