{
  "artifact_source" : "computed_replay_configs",
  "creature" : {
    "config_hash" : "035c5d3d6b6f",
    "genotype" : {
      "R" : 6.8862643,
      "a" : [
        [
          0.026010573,
          0.8798232,
          0.09939176
        ],
        [
          0.6522208,
          0.2514609,
          0.9316433
        ],
        [
          0.22264707,
          0.3440581,
          0.6216626
        ]
      ],
      "b" : [
        [
          0.57570606,
          0.42381454,
          0.7536218
        ],
        [
          0.20494771,
          0.96372056,
          0.26655525
        ],
        [
          0.3056931,
          0.11093682,
          0.856971
        ]
      ],
      "h" : [
        0.7061067,
        0.5212896,
        0.6205604
      ],
      "m" : [
        0.23950975,
        0.17569841,
        0.24778251
      ],
      "r" : [
        0.42527473,
        0.7249682,
        0.85670936
      ],
      "s" : [
        0.15519865,
        0.04856863,
        0.041816406
      ],
      "w" : [
        [
          0.33479908,
          0.035756927,
          0.39345253
        ],
        [
          0.2074545,
          0.031579785,
          0.20908844
        ],
        [
          0.46384573,
          0.17051286,
          0.4865134
        ]
      ]
    },
    "id" : "FB85E352-DDF2-4065-AFE9-B1E134F868C4",
    "metrics" : {
      "center_velocity" : 0.008309083,
      "complexity_mean" : 0.8351288,
      "complexity_scales" : [
        0.4257202,
        0.5456543,
        0.8691406,
        1.5
      ],
      "displacement" : 3.5313601,
      "energy_mean" : 237.98967,
      "gyration" : 3528.3586,
      "heading_rad" : 0.76480275,
      "is_stable" : true,
      "mass_max" : 809.5864,
      "mass_mean" : 809.5773,
      "mass_min" : 809.5681,
      "mass_std" : 0,
      "occupancy_mean" : 0.23386976,
      "path_length" : 3.5449677,
      "sample_count" : 18,
      "speed_count" : 17,
      "speed_mean" : 0.0083411,
      "variance_mean" : 0.012084125,
      "velocity_x" : 0.0059951604,
      "velocity_y" : 0.0057531646
    },
    "name" : "radiant-amoeba-8060",
    "owner_id" : "local-node",
    "phenotype" : {
      "a_uniform" : {
        "high" : 1,
        "low" : 0
      },
      "p_uniform" : {
        "high" : 1,
        "low" : 0
      },
      "patches" : [
        {
          "center" : [
            32,
            32
          ],
          "size" : 20
        },
        {
          "center" : [
            96,
            32
          ],
          "size" : 20
        },
        {
          "center" : [
            32,
            96
          ],
          "size" : 20
        },
        {
          "center" : [
            96,
            96
          ],
          "size" : 20
        }
      ],
      "seed" : 20
    },
    "score" : 10.849707,
    "score_weights" : {
      "center_velocity" : 4,
      "complexity_mean" : 0.25,
      "displacement" : 2,
      "path_length" : 1
    },
    "timestamp" : "2026-03-06T21:36:09.562Z"
  },
  "published_at" : "2026-03-06T23:13:07.393Z",
  "recorded_at" : "2026-03-06T21:36:09.562Z",
  "run_id" : "crossmap-motion-c000-s0",
  "run_name" : "crossmap-motion-c000-s0",
  "source_db" : "\/Users\/ludwig\/dev\/specter-labs\/dossiers\/lenia-swarm\/artifacts\/discovery-20260306-1936\/compendium.sqlite"
}