{
  "backend" : "mlx",
  "channels" : 1,
  "connectivity" : [
    [
      3
    ]
  ],
  "flow" : {
    "dt" : 0.2,
    "n" : 2,
    "theta_A" : 2
  },
  "grid" : {
    "sx" : 128,
    "sy" : 128
  },
  "implementation" : {
    "mode" : "paper"
  },
  "init" : {
    "a_uniform" : {
      "high" : 1,
      "low" : 0
    },
    "p_uniform" : {
      "high" : 1,
      "low" : 0
    },
    "patches" : [
      {
        "center" : [
          32,
          32
        ],
        "size" : 24
      },
      {
        "center" : [
          96,
          96
        ],
        "size" : 24
      }
    ],
    "seed" : 300113
  },
  "interventions" : [

  ],
  "parameter_embedding" : {
    "enabled" : true,
    "mix" : "stoch",
    "mix_seed" : 42
  },
  "params" : {
    "R" : 4.605008,
    "a" : [
      [
        0.6627401,
        0.7852136,
        0.4254256
      ],
      [
        0.8349672,
        0.46699488,
        0.93748593
      ],
      [
        0.7612564,
        0.4492482,
        0.4508837
      ]
    ],
    "b" : [
      [
        0.9613962,
        0.2633884,
        0.13718772
      ],
      [
        0.30580157,
        0.2662269,
        0.79445904
      ],
      [
        0.9141002,
        0.7936411,
        0.5161919
      ]
    ],
    "h" : [
      0.2598616,
      0.50470424,
      0.5989012
    ],
    "m" : [
      0.054160267,
      0.08104448,
      0.3707995
    ],
    "mode" : "explicit",
    "r" : [
      0.49213505,
      0.95405585,
      0.52474433
    ],
    "s" : [
      0.16564141,
      0.14835204,
      0.049319714
    ],
    "w" : [
      [
        0.13470569,
        0.1499416,
        0.2128828
      ],
      [
        0.46850675,
        0.2309041,
        0.36897957
      ],
      [
        0.1256863,
        0.058204874,
        0.15480828
      ]
    ]
  },
  "profile" : "experimental",
  "reintegration" : {
    "border" : "torus",
    "dd" : 5,
    "sigma" : 0.65
  },
  "run" : {
    "steps" : 500
  }
}