{
  "centroids" : [
    [
      63.481434,
      63.499645
    ],
    [
      63.329746,
      63.42556
    ],
    [
      63.29904,
      63.372334
    ],
    [
      63.36718,
      63.42174
    ],
    [
      63.48429,
      63.607338
    ],
    [
      63.660103,
      63.88386
    ],
    [
      63.843605,
      63.920776
    ],
    [
      64.00754,
      63.89583
    ],
    [
      64.17817,
      63.938343
    ],
    [
      64.12419,
      64.08126
    ],
    [
      64.00994,
      64.14682
    ],
    [
      64.1124,
      64.10515
    ],
    [
      64.19406,
      64.09232
    ],
    [
      64.19475,
      64.10433
    ],
    [
      64.13272,
      64.17113
    ],
    [
      64.20579,
      64.15691
    ],
    [
      64.22603,
      64.175095
    ],
    [
      64.21967,
      64.207535
    ],
    [
      64.319855,
      64.20456
    ],
    [
      64.3607,
      64.272675
    ],
    [
      64.2696,
      64.33433
    ],
    [
      64.31839,
      64.30986
    ],
    [
      64.32741,
      64.31037
    ],
    [
      64.327255,
      64.35671
    ],
    [
      64.388626,
      64.3901
    ],
    [
      64.40383,
      64.44612
    ],
    [
      64.47469,
      64.40842
    ],
    [
      64.45613,
      64.4446
    ],
    [
      64.482185,
      64.55194
    ],
    [
      64.53717,
      64.55698
    ],
    [
      64.638466,
      64.56972
    ],
    [
      64.659935,
      64.668846
    ],
    [
      64.693825,
      64.69094
    ],
    [
      64.739525,
      64.73144
    ],
    [
      64.79863,
      64.770935
    ],
    [
      64.78875,
      64.80813
    ]
  ],
  "fps" : 12,
  "frameCount" : 36,
  "framesPath" : "releases\/orbium-like-20260307\/runs\/glider-family-luminous-spiral-4134-c000-s0\/33fc915e-67fe-4195-87f8-22af8e7501f0\/frames.bin",
  "height" : 128,
  "palette" : "lenia-spectrum",
  "velocities" : [
    [
      0,
      0
    ],
    [
      -0.15168762,
      -0.074085236
    ],
    [
      -0.030704498,
      -0.05322647
    ],
    [
      0.06813812,
      0.04940796
    ],
    [
      0.117111206,
      0.18559647
    ],
    [
      0.17581177,
      0.2765236
    ],
    [
      0.1835022,
      0.036914825
    ],
    [
      0.1639328,
      -0.02494812
    ],
    [
      0.17063141,
      0.0425148
    ],
    [
      -0.053977966,
      0.14291763
    ],
    [
      -0.11425018,
      0.06555939
    ],
    [
      0.10245514,
      -0.041671753
    ],
    [
      0.08166504,
      -0.012825012
    ],
    [
      0.0006866455,
      0.012008667
    ],
    [
      -0.062026978,
      0.06679535
    ],
    [
      0.07306671,
      -0.014213562
    ],
    [
      0.020240784,
      0.018180847
    ],
    [
      -0.0063552856,
      0.032440186
    ],
    [
      0.10018158,
      -0.0029754639
    ],
    [
      0.04084778,
      0.068115234
    ],
    [
      -0.0911026,
      0.061653137
    ],
    [
      0.048789978,
      -0.024467468
    ],
    [
      0.009017944,
      0.00051116943
    ],
    [
      -0.00015258789,
      0.046340942
    ],
    [
      0.06137085,
      0.03338623
    ],
    [
      0.015205383,
      0.056022644
    ],
    [
      0.07086182,
      -0.037704468
    ],
    [
      -0.018562317,
      0.03618622
    ],
    [
      0.026054382,
      0.10733795
    ],
    [
      0.054985046,
      0.0050354004
    ],
    [
      0.10129547,
      0.012741089
    ],
    [
      0.021469116,
      0.09912872
    ],
    [
      0.03388977,
      0.022094727
    ],
    [
      0.045700073,
      0.040496826
    ],
    [
      0.05910492,
      0.039497375
    ],
    [
      -0.009880066,
      0.0371933
    ]
  ],
  "width" : 128
}