{
  "backend" : "mlx",
  "beam_mutation" : {
    "enabled" : true,
    "patch_size" : 10,
    "probability" : 0.02,
    "seed" : 99,
    "std" : 0.1
  },
  "channels" : 1,
  "connectivity" : [
    [
      3
    ]
  ],
  "environment" : {
    "depth" : 2,
    "passage_width" : 6,
    "type" : "cross_map",
    "wall_thickness" : 3,
    "wall_value" : -10
  },
  "flow" : {
    "dt" : 0.2,
    "n" : 2,
    "theta_A" : 2
  },
  "grid" : {
    "sx" : 128,
    "sy" : 128
  },
  "implementation" : {
    "mode" : "paper"
  },
  "init" : {
    "a_uniform" : {
      "high" : 1,
      "low" : 0
    },
    "p_uniform" : {
      "high" : 1,
      "low" : 0
    },
    "patches" : [
      {
        "center" : [
          32,
          32
        ],
        "size" : 20
      },
      {
        "center" : [
          96,
          32
        ],
        "size" : 20
      },
      {
        "center" : [
          32,
          96
        ],
        "size" : 20
      },
      {
        "center" : [
          96,
          96
        ],
        "size" : 20
      }
    ],
    "seed" : 77
  },
  "interventions" : [

  ],
  "parameter_embedding" : {
    "enabled" : true,
    "mix" : "stoch_gene_wise",
    "mix_seed" : 42
  },
  "params" : {
    "R" : 8.705797,
    "a" : [
      [
        0.8310269,
        0.27194667,
        0.3565837
      ],
      [
        0.24043024,
        0.4617887,
        0.51522547
      ],
      [
        0.32082212,
        0.16502088,
        0.47084635
      ]
    ],
    "b" : [
      [
        0.4101931,
        0.5720349,
        0.583985
      ],
      [
        0.873477,
        0.27148885,
        0.14546478
      ],
      [
        0.5518423,
        0.48408294,
        0.690376
      ]
    ],
    "h" : [
      0.019049108,
      0.94854224,
      0.23643881
    ],
    "m" : [
      0.44632703,
      0.19822307,
      0.23774575
    ],
    "mode" : "explicit",
    "r" : [
      0.58788985,
      0.3830886,
      0.32643163
    ],
    "s" : [
      0.19206527,
      0.08462418,
      0.18381676
    ],
    "w" : [
      [
        0.2645684,
        0.45354939,
        0.25816226
      ],
      [
        0.2585395,
        0.1812994,
        0.041040838
      ],
      [
        0.09199341,
        0.071320735,
        0.027552592
      ]
    ]
  },
  "profile" : "experimental",
  "reintegration" : {
    "border" : "wall",
    "dd" : 5,
    "sigma" : 0.65
  },
  "run" : {
    "steps" : 500
  }
}