{
  "backend" : "mlx",
  "beam_mutation" : {
    "enabled" : true,
    "patch_size" : 10,
    "probability" : 0.02,
    "seed" : 99,
    "std" : 0.1
  },
  "channels" : 1,
  "connectivity" : [
    [
      3
    ]
  ],
  "environment" : {
    "depth" : 2,
    "passage_width" : 6,
    "type" : "cross_map",
    "wall_thickness" : 3,
    "wall_value" : -10
  },
  "flow" : {
    "dt" : 0.2,
    "n" : 2,
    "theta_A" : 2
  },
  "grid" : {
    "sx" : 128,
    "sy" : 128
  },
  "implementation" : {
    "mode" : "paper"
  },
  "init" : {
    "a_uniform" : {
      "high" : 1,
      "low" : 0
    },
    "p_uniform" : {
      "high" : 1,
      "low" : 0
    },
    "patches" : [
      {
        "center" : [
          32,
          32
        ],
        "size" : 20
      },
      {
        "center" : [
          96,
          32
        ],
        "size" : 20
      },
      {
        "center" : [
          32,
          96
        ],
        "size" : 20
      },
      {
        "center" : [
          96,
          96
        ],
        "size" : 20
      }
    ],
    "seed" : 60
  },
  "interventions" : [

  ],
  "parameter_embedding" : {
    "enabled" : true,
    "mix" : "stoch_gene_wise",
    "mix_seed" : 42
  },
  "params" : {
    "R" : 9.783056,
    "a" : [
      [
        0.9457209,
        0.39266127,
        0.6932667
      ],
      [
        0.7178063,
        0.39956212,
        0.4302926
      ],
      [
        0.5421792,
        0.9256393,
        0.10721755
      ]
    ],
    "b" : [
      [
        0.9140356,
        0.14867151,
        0.7083501
      ],
      [
        0.3785401,
        0.6029578,
        0.39090145
      ],
      [
        0.23616534,
        0.80179924,
        0.01954621
      ]
    ],
    "h" : [
      0.5655401,
      0.24732053,
      0.042411387
    ],
    "m" : [
      0.13423617,
      0.092780024,
      0.36723986
    ],
    "mode" : "explicit",
    "r" : [
      0.65499836,
      0.71650565,
      0.6810862
    ],
    "s" : [
      0.04888683,
      0.06162732,
      0.13764215
    ],
    "w" : [
      [
        0.49689534,
        0.32173437,
        0.36565346
      ],
      [
        0.4852141,
        0.39970845,
        0.3724078
      ],
      [
        0.44272083,
        0.26897505,
        0.07326654
      ]
    ]
  },
  "profile" : "experimental",
  "reintegration" : {
    "border" : "wall",
    "dd" : 5,
    "sigma" : 0.65
  },
  "run" : {
    "steps" : 500
  }
}