{
  "backend" : "mlx",
  "beam_mutation" : {
    "enabled" : true,
    "patch_size" : 10,
    "probability" : 0.02,
    "seed" : 99,
    "std" : 0.1
  },
  "channels" : 1,
  "connectivity" : [
    [
      3
    ]
  ],
  "environment" : {
    "depth" : 2,
    "passage_width" : 6,
    "type" : "cross_map",
    "wall_thickness" : 3,
    "wall_value" : -10
  },
  "flow" : {
    "dt" : 0.2,
    "n" : 2,
    "theta_A" : 2
  },
  "grid" : {
    "sx" : 128,
    "sy" : 128
  },
  "implementation" : {
    "mode" : "paper"
  },
  "init" : {
    "a_uniform" : {
      "high" : 1,
      "low" : 0
    },
    "p_uniform" : {
      "high" : 1,
      "low" : 0
    },
    "patches" : [
      {
        "center" : [
          32,
          32
        ],
        "size" : 20
      },
      {
        "center" : [
          96,
          32
        ],
        "size" : 20
      },
      {
        "center" : [
          32,
          96
        ],
        "size" : 20
      },
      {
        "center" : [
          96,
          96
        ],
        "size" : 20
      }
    ],
    "seed" : 89
  },
  "interventions" : [

  ],
  "parameter_embedding" : {
    "enabled" : true,
    "mix" : "stoch_gene_wise",
    "mix_seed" : 42
  },
  "params" : {
    "R" : 14.172614,
    "a" : [
      [
        0.47851247,
        0.081555665,
        0.47029108
      ],
      [
        0.177921,
        0.15333617,
        0.96944684
      ],
      [
        0.11576015,
        0.60301995,
        0.88175356
      ]
    ],
    "b" : [
      [
        0.9366191,
        0.7914617,
        0.79968274
      ],
      [
        0.2992491,
        0.11986238,
        0.22512877
      ],
      [
        0.90046275,
        0.8719189,
        0.31590194
      ]
    ],
    "h" : [
      0.2310543,
      0.45521647,
      0.5218189
    ],
    "m" : [
      0.10459736,
      0.23368868,
      0.27852586
    ],
    "mode" : "explicit",
    "r" : [
      0.57307804,
      0.78943074,
      0.8958262
    ],
    "s" : [
      0.05400051,
      0.13615732,
      0.14493966
    ],
    "w" : [
      [
        0.118938856,
        0.22406305,
        0.32069886
      ],
      [
        0.42808136,
        0.28888702,
        0.29119578
      ],
      [
        0.11005095,
        0.034524597,
        0.48177236
      ]
    ]
  },
  "profile" : "experimental",
  "reintegration" : {
    "border" : "wall",
    "dd" : 5,
    "sigma" : 0.65
  },
  "run" : {
    "steps" : 500
  }
}