{
  "backend" : "mlx",
  "channels" : 1,
  "connectivity" : [
    [
      3
    ]
  ],
  "flow" : {
    "dt" : 0.2,
    "n" : 2,
    "theta_A" : 2
  },
  "grid" : {
    "sx" : 128,
    "sy" : 128
  },
  "implementation" : {
    "mode" : "paper"
  },
  "init" : {
    "a_uniform" : {
      "high" : 1,
      "low" : 0
    },
    "p_uniform" : {
      "high" : 1,
      "low" : 0
    },
    "patches" : [
      {
        "center" : [
          32,
          32
        ],
        "size" : 24
      },
      {
        "center" : [
          96,
          96
        ],
        "size" : 24
      }
    ],
    "seed" : 300126
  },
  "interventions" : [

  ],
  "parameter_embedding" : {
    "enabled" : true,
    "mix" : "stoch",
    "mix_seed" : 42
  },
  "params" : {
    "R" : 11.282261,
    "a" : [
      [
        0.59392333,
        0.7372908,
        0.57961863
      ],
      [
        0.5951059,
        0.17686093,
        0.42329
      ],
      [
        0.97242266,
        0.6686636,
        0.5504747
      ]
    ],
    "b" : [
      [
        0.61881864,
        0.6986513,
        0.16767186
      ],
      [
        0.33196175,
        0.6105301,
        0.9935499
      ],
      [
        0.7254542,
        0.91158724,
        0.2632944
      ]
    ],
    "h" : [
      0.3967417,
      0.5668039,
      0.1579085
    ],
    "m" : [
      0.13286822,
      0.26915684,
      0.3525391
    ],
    "mode" : "explicit",
    "r" : [
      0.7635897,
      0.5506948,
      0.4103009
    ],
    "s" : [
      0.18955581,
      0.101213165,
      0.17825925
    ],
    "w" : [
      [
        0.19996502,
        0.21366048,
        0.35243526
      ],
      [
        0.047700137,
        0.4435291,
        0.22225308
      ],
      [
        0.12637919,
        0.11864071,
        0.16080542
      ]
    ]
  },
  "profile" : "experimental",
  "reintegration" : {
    "border" : "torus",
    "dd" : 5,
    "sigma" : 0.65
  },
  "run" : {
    "steps" : 500
  }
}