{
  "centroids" : [
    [
      63.362255,
      63.418633
    ],
    [
      63.35301,
      63.35133
    ],
    [
      63.490974,
      63.465527
    ],
    [
      63.52659,
      63.4358
    ],
    [
      63.35994,
      63.1948
    ],
    [
      63.405987,
      63.36379
    ],
    [
      63.21113,
      63.093536
    ],
    [
      63.303093,
      63.20569
    ],
    [
      63.268955,
      63.09617
    ],
    [
      63.513523,
      63.48469
    ],
    [
      63.428734,
      63.414833
    ],
    [
      63.462162,
      63.36308
    ]
  ],
  "fps" : 10,
  "frameCount" : 12,
  "framesPath" : "releases\/qg-20260228-real-creatures\/runs\/qg-nnea-s300096\/8736670d-0a50-4d27-9a3b-9fd9cf08080f\/frames.bin",
  "height" : 128,
  "palette" : "lenia-spectrum",
  "velocities" : [
    [
      0,
      0
    ],
    [
      -0.009246826,
      -0.067302704
    ],
    [
      0.13796616,
      0.11419678
    ],
    [
      0.035614014,
      -0.029727936
    ],
    [
      -0.16664886,
      -0.24099731
    ],
    [
      0.04604721,
      0.16898727
    ],
    [
      -0.19485855,
      -0.27025223
    ],
    [
      0.09196472,
      0.1121521
    ],
    [
      -0.034137726,
      -0.10951996
    ],
    [
      0.24456787,
      0.3885231
    ],
    [
      -0.084789276,
      -0.06985855
    ],
    [
      0.033428192,
      -0.051753998
    ]
  ],
  "width" : 128
}