{
  "backend" : "mlx",
  "channels" : 1,
  "connectivity" : [
    [
      3
    ]
  ],
  "flow" : {
    "dt" : 0.2,
    "n" : 2,
    "theta_A" : 2
  },
  "grid" : {
    "sx" : 128,
    "sy" : 128
  },
  "implementation" : {
    "mode" : "paper"
  },
  "init" : {
    "a_uniform" : {
      "high" : 1,
      "low" : 0
    },
    "p_uniform" : {
      "high" : 1,
      "low" : 0
    },
    "patches" : [
      {
        "center" : [
          32,
          32
        ],
        "size" : 24
      },
      {
        "center" : [
          96,
          96
        ],
        "size" : 24
      }
    ],
    "seed" : 300036
  },
  "interventions" : [

  ],
  "parameter_embedding" : {
    "enabled" : true,
    "mix" : "stoch",
    "mix_seed" : 42
  },
  "params" : {
    "R" : 16.033096,
    "a" : [
      [
        0.10093379,
        0.4064802,
        0.521311
      ],
      [
        0.8892461,
        0.10443163,
        0.05232054
      ],
      [
        0.49929607,
        0.06582314,
        0.41036612
      ]
    ],
    "b" : [
      [
        0.7576334,
        0.6353949,
        0.7557373
      ],
      [
        0.6957854,
        0.01563847,
        0.077418506
      ],
      [
        0.7154748,
        0.11231238,
        0.11327922
      ]
    ],
    "h" : [
      0.18594873,
      0.80245465,
      0.93350303
    ],
    "m" : [
      0.088412374,
      0.2857714,
      0.4469436
    ],
    "mode" : "explicit",
    "r" : [
      0.4670624,
      0.24801703,
      0.88237196
    ],
    "s" : [
      0.028559005,
      0.06626497,
      0.0034688516
    ],
    "w" : [
      [
        0.14967147,
        0.4221562,
        0.21575624
      ],
      [
        0.3350626,
        0.44468644,
        0.4191124
      ],
      [
        0.42465842,
        0.14209439,
        0.10768942
      ]
    ]
  },
  "profile" : "experimental",
  "reintegration" : {
    "border" : "torus",
    "dd" : 5,
    "sigma" : 0.65
  },
  "run" : {
    "steps" : 500
  }
}