{
  "centroids" : [
    [
      63.607754,
      63.825867
    ],
    [
      63.456455,
      63.699734
    ],
    [
      63.72139,
      63.866318
    ],
    [
      63.725098,
      63.895817
    ],
    [
      63.73284,
      63.950294
    ],
    [
      63.731453,
      63.923767
    ],
    [
      63.539516,
      63.66959
    ],
    [
      63.135418,
      63.340687
    ],
    [
      63.218346,
      63.436504
    ],
    [
      63.085075,
      63.3382
    ],
    [
      62.996433,
      63.27247
    ],
    [
      63.15639,
      63.394844
    ]
  ],
  "fps" : 10,
  "frameCount" : 12,
  "framesPath" : "releases\/qg-20260228-real-creatures\/runs\/qg-nnea-s300032\/68c263dc-1c03-4f33-a99f-92524be3ea69\/frames.bin",
  "height" : 128,
  "palette" : "lenia-spectrum",
  "velocities" : [
    [
      0,
      0
    ],
    [
      -0.15129852,
      -0.12613297
    ],
    [
      0.26493454,
      0.16658401
    ],
    [
      0.0037078857,
      0.029499054
    ],
    [
      0.0077438354,
      0.05447769
    ],
    [
      -0.0013885498,
      -0.026527405
    ],
    [
      -0.1919365,
      -0.2541771
    ],
    [
      -0.4040985,
      -0.3289032
    ],
    [
      0.082927704,
      0.095817566
    ],
    [
      -0.13327026,
      -0.09830475
    ],
    [
      -0.08864212,
      -0.06573105
    ],
    [
      0.15995789,
      0.12237549
    ]
  ],
  "width" : 128
}