{
  "backend" : "mlx",
  "channels" : 1,
  "connectivity" : [
    [
      3
    ]
  ],
  "flow" : {
    "dt" : 0.2,
    "n" : 2,
    "theta_A" : 2
  },
  "grid" : {
    "sx" : 128,
    "sy" : 128
  },
  "implementation" : {
    "mode" : "paper"
  },
  "init" : {
    "a_uniform" : {
      "high" : 1,
      "low" : 0
    },
    "p_uniform" : {
      "high" : 1,
      "low" : 0
    },
    "patches" : [
      {
        "center" : [
          32,
          32
        ],
        "size" : 24
      },
      {
        "center" : [
          96,
          96
        ],
        "size" : 24
      }
    ],
    "seed" : 300105
  },
  "interventions" : [

  ],
  "parameter_embedding" : {
    "enabled" : true,
    "mix" : "stoch",
    "mix_seed" : 42
  },
  "params" : {
    "R" : 10.825899,
    "a" : [
      [
        0.85010666,
        0.94866836,
        0.6511992
      ],
      [
        0.8826811,
        0.47100925,
        0.9310581
      ],
      [
        0.5700955,
        0.37751627,
        0.04432088
      ]
    ],
    "b" : [
      [
        0.5892163,
        0.38404888,
        0.10606593
      ],
      [
        0.5236492,
        0.1699251,
        0.922838
      ],
      [
        0.010526776,
        0.28462625,
        0.03430462
      ]
    ],
    "h" : [
      0.2821762,
      0.20121175,
      0.9002139
    ],
    "m" : [
      0.08414602,
      0.11351369,
      0.056280285
    ],
    "mode" : "explicit",
    "r" : [
      0.39927757,
      0.5584032,
      0.72979975
    ],
    "s" : [
      0.12861992,
      0.19080634,
      0.021369677
    ],
    "w" : [
      [
        0.26136717,
        0.2899663,
        0.16521335
      ],
      [
        0.057284027,
        0.31702924,
        0.24367796
      ],
      [
        0.044703744,
        0.32839236,
        0.2056865
      ]
    ]
  },
  "profile" : "experimental",
  "reintegration" : {
    "border" : "torus",
    "dd" : 5,
    "sigma" : 0.65
  },
  "run" : {
    "steps" : 500
  }
}