{
  "centroids" : [
    [
      63.582157,
      63.641052
    ],
    [
      63.522247,
      63.521385
    ],
    [
      63.72182,
      63.673218
    ],
    [
      63.698475,
      63.64059
    ],
    [
      63.661415,
      63.64875
    ],
    [
      63.74142,
      63.745216
    ],
    [
      63.63436,
      63.5584
    ],
    [
      63.82155,
      63.722893
    ],
    [
      63.74734,
      63.69062
    ],
    [
      63.769604,
      63.73089
    ],
    [
      63.770172,
      63.776463
    ],
    [
      63.735813,
      63.74573
    ]
  ],
  "fps" : 10,
  "frameCount" : 12,
  "framesPath" : "releases\/qg-20260228-real-creatures\/runs\/qg-nnea-s300096\/365354a0-1114-4826-9295-345cf5a1e463\/frames.bin",
  "height" : 128,
  "palette" : "lenia-spectrum",
  "velocities" : [
    [
      0,
      0
    ],
    [
      -0.05990982,
      -0.11966705
    ],
    [
      0.19957352,
      0.15183258
    ],
    [
      -0.023345947,
      -0.032627106
    ],
    [
      -0.037059784,
      0.008159637
    ],
    [
      0.080005646,
      0.096466064
    ],
    [
      -0.10705948,
      -0.18681717
    ],
    [
      0.1871872,
      0.16449356
    ],
    [
      -0.074207306,
      -0.03227234
    ],
    [
      0.022262573,
      0.040267944
    ],
    [
      0.0005683899,
      0.04557419
    ],
    [
      -0.03435898,
      -0.030731201
    ]
  ],
  "width" : 128
}