{
  "backend" : "mlx",
  "beam_mutation" : {
    "enabled" : true,
    "patch_size" : 10,
    "probability" : 0.02,
    "seed" : 99,
    "std" : 0.1
  },
  "channels" : 1,
  "connectivity" : [
    [
      3
    ]
  ],
  "environment" : {
    "depth" : 2,
    "passage_width" : 6,
    "type" : "cross_map",
    "wall_thickness" : 3,
    "wall_value" : -10
  },
  "flow" : {
    "dt" : 0.2,
    "n" : 2,
    "theta_A" : 2
  },
  "grid" : {
    "sx" : 128,
    "sy" : 128
  },
  "implementation" : {
    "mode" : "paper"
  },
  "init" : {
    "a_uniform" : {
      "high" : 1,
      "low" : 0
    },
    "p_uniform" : {
      "high" : 1,
      "low" : 0
    },
    "patches" : [
      {
        "center" : [
          32,
          32
        ],
        "size" : 20
      },
      {
        "center" : [
          96,
          32
        ],
        "size" : 20
      },
      {
        "center" : [
          32,
          96
        ],
        "size" : 20
      },
      {
        "center" : [
          96,
          96
        ],
        "size" : 20
      }
    ],
    "seed" : 24
  },
  "interventions" : [

  ],
  "parameter_embedding" : {
    "enabled" : true,
    "mix" : "stoch_gene_wise",
    "mix_seed" : 42
  },
  "params" : {
    "R" : 15.964588,
    "a" : [
      [
        0.18061727,
        0.08170915,
        0.85977924
      ],
      [
        0.20818526,
        0.5899629,
        0.74369997
      ],
      [
        0.7769868,
        0.05976832,
        0.8805161
      ]
    ],
    "b" : [
      [
        0.8574201,
        0.41385007,
        0.7429246
      ],
      [
        0.5393449,
        0.93738586,
        0.04127705
      ],
      [
        0.2527697,
        0.25666267,
        0.30635083
      ]
    ],
    "h" : [
      0.42520183,
      0.13450658,
      0.66280884
    ],
    "m" : [
      0.41150576,
      0.434668,
      0.15303266
    ],
    "mode" : "explicit",
    "r" : [
      0.20205222,
      0.77526605,
      0.49915808
    ],
    "s" : [
      0.18858317,
      0.0043143267,
      0.13398114
    ],
    "w" : [
      [
        0.10736911,
        0.2934162,
        0.35197353
      ],
      [
        0.1918825,
        0.05910761,
        0.38641158
      ],
      [
        0.36376125,
        0.41294542,
        0.49702927
      ]
    ]
  },
  "profile" : "experimental",
  "reintegration" : {
    "border" : "wall",
    "dd" : 5,
    "sigma" : 0.65
  },
  "run" : {
    "steps" : 500
  }
}