{
  "centroids" : [
    [
      63.877308,
      63.594154
    ],
    [
      63.97542,
      63.768784
    ],
    [
      63.840492,
      63.91107
    ],
    [
      64.1128,
      64.303154
    ],
    [
      64.464096,
      64.48351
    ],
    [
      64.482994,
      64.80777
    ],
    [
      64.55521,
      64.94052
    ],
    [
      64.7853,
      64.99391
    ],
    [
      65.05368,
      65.22964
    ],
    [
      65.14885,
      65.30744
    ],
    [
      65.32021,
      65.405914
    ],
    [
      65.528145,
      65.58132
    ],
    [
      65.73069,
      65.730194
    ],
    [
      66.01733,
      65.64457
    ],
    [
      66.16233,
      65.88859
    ],
    [
      66.29374,
      66.07138
    ],
    [
      66.53714,
      66.220856
    ],
    [
      66.68464,
      66.46019
    ],
    [
      66.898735,
      66.63173
    ],
    [
      66.96485,
      66.76601
    ],
    [
      66.940636,
      67.04284
    ],
    [
      66.94812,
      67.185776
    ],
    [
      67.09051,
      67.18067
    ],
    [
      67.27922,
      67.22147
    ],
    [
      67.40078,
      67.15323
    ],
    [
      67.40244,
      67.36017
    ],
    [
      67.56679,
      67.42035
    ],
    [
      67.63118,
      67.510735
    ],
    [
      67.744354,
      67.60204
    ],
    [
      67.83036,
      67.68994
    ],
    [
      67.81611,
      67.840294
    ],
    [
      67.90773,
      67.81275
    ],
    [
      67.9241,
      67.92098
    ],
    [
      67.98661,
      67.91141
    ],
    [
      68.03607,
      67.939606
    ],
    [
      68.07431,
      68.02381
    ]
  ],
  "fps" : 12,
  "frameCount" : 36,
  "framesPath" : "releases\/discovery-20260306-movers\/runs\/crossmap-motion-c000-s0\/9c23032a-dcda-4127-a1a3-ef7817553931\/frames.bin",
  "height" : 128,
  "palette" : "lenia-spectrum",
  "velocities" : [
    [
      0,
      0
    ],
    [
      0.09811401,
      0.17462921
    ],
    [
      -0.13492966,
      0.14228821
    ],
    [
      0.27230835,
      0.3920822
    ],
    [
      0.35129547,
      0.18035889
    ],
    [
      0.01889801,
      0.3242569
    ],
    [
      0.07221222,
      0.13275146
    ],
    [
      0.23009491,
      0.053390503
    ],
    [
      0.2683792,
      0.2357254
    ],
    [
      0.09516907,
      0.077804565
    ],
    [
      0.17136383,
      0.098472595
    ],
    [
      0.20793152,
      0.17540741
    ],
    [
      0.20254517,
      0.14887238
    ],
    [
      0.28663635,
      -0.085624695
    ],
    [
      0.14500427,
      0.24401855
    ],
    [
      0.13140869,
      0.18279266
    ],
    [
      0.24340057,
      0.1494751
    ],
    [
      0.14749908,
      0.2393341
    ],
    [
      0.21409607,
      0.1715393
    ],
    [
      0.06611633,
      0.13427734
    ],
    [
      -0.024215698,
      0.27683258
    ],
    [
      0.007484436,
      0.1429367
    ],
    [
      0.14238739,
      -0.005104065
    ],
    [
      0.18871307,
      0.040802002
    ],
    [
      0.12155914,
      -0.068244934
    ],
    [
      0.001663208,
      0.2069397
    ],
    [
      0.16434479,
      0.060180664
    ],
    [
      0.06439209,
      0.09038544
    ],
    [
      0.11317444,
      0.091308594
    ],
    [
      0.086006165,
      0.087898254
    ],
    [
      -0.014251709,
      0.15035248
    ],
    [
      0.0916214,
      -0.027542114
    ],
    [
      0.01637268,
      0.10823059
    ],
    [
      0.06250763,
      -0.00957489
    ],
    [
      0.049461365,
      0.028198242
    ],
    [
      0.038238525,
      0.08420563
    ]
  ],
  "width" : 128
}