{
  "centroids" : [
    [
      63.191097,
      63.00721
    ],
    [
      63.07955,
      62.895287
    ],
    [
      63.099243,
      62.8623
    ],
    [
      63.24952,
      63.043457
    ],
    [
      63.476906,
      63.342262
    ],
    [
      63.567547,
      63.42307
    ],
    [
      63.63625,
      63.497467
    ],
    [
      63.752827,
      63.599396
    ],
    [
      63.752274,
      63.58534
    ],
    [
      63.863888,
      63.711605
    ],
    [
      63.957085,
      63.821926
    ],
    [
      63.94529,
      63.834984
    ]
  ],
  "fps" : 10,
  "frameCount" : 12,
  "framesPath" : "releases\/qg-20260228-real-creatures\/runs\/qg-nnea-s300192\/6f0b706e-ce50-4c7c-aae6-1c6496d5735a\/frames.bin",
  "height" : 128,
  "palette" : "lenia-spectrum",
  "velocities" : [
    [
      0,
      0
    ],
    [
      -0.11154556,
      -0.11192322
    ],
    [
      0.019691467,
      -0.032985687
    ],
    [
      0.15027618,
      0.18115616
    ],
    [
      0.22738647,
      0.29880524
    ],
    [
      0.09064102,
      0.08080673
    ],
    [
      0.0687027,
      0.07439804
    ],
    [
      0.11657715,
      0.10192871
    ],
    [
      -0.0005531311,
      -0.014057159
    ],
    [
      0.11161423,
      0.12626648
    ],
    [
      0.09319687,
      0.110321045
    ],
    [
      -0.011795044,
      0.013057709
    ]
  ],
  "width" : 128
}