{
  "centroids" : [
    [
      63.46381,
      63.745834
    ],
    [
      63.336163,
      63.6738
    ],
    [
      63.10955,
      63.44815
    ],
    [
      62.89555,
      63.389153
    ],
    [
      62.905544,
      63.25445
    ],
    [
      62.91293,
      63.26259
    ],
    [
      62.896824,
      63.27658
    ],
    [
      62.796345,
      63.24297
    ],
    [
      62.74835,
      63.199554
    ],
    [
      62.68584,
      63.143097
    ],
    [
      62.611607,
      63.14183
    ],
    [
      62.62844,
      63.043827
    ],
    [
      62.579987,
      63.063446
    ],
    [
      62.520664,
      63.000633
    ],
    [
      62.469517,
      62.96832
    ],
    [
      62.438286,
      63.012634
    ],
    [
      62.54435,
      63.014164
    ],
    [
      62.665455,
      63.039318
    ],
    [
      62.811127,
      63.12381
    ],
    [
      62.8381,
      63.18997
    ],
    [
      62.862656,
      63.278286
    ],
    [
      62.88651,
      63.320522
    ],
    [
      62.94093,
      63.404255
    ],
    [
      62.997448,
      63.43888
    ],
    [
      63.01353,
      63.42066
    ],
    [
      63.050873,
      63.4552
    ],
    [
      63.072567,
      63.50778
    ],
    [
      63.077522,
      63.564854
    ],
    [
      63.09555,
      63.56844
    ],
    [
      63.158176,
      63.60928
    ],
    [
      63.112427,
      63.66076
    ],
    [
      63.156704,
      63.63709
    ],
    [
      63.132225,
      63.640858
    ],
    [
      63.09147,
      63.67524
    ],
    [
      63.062634,
      63.676765
    ],
    [
      63.05114,
      63.70158
    ]
  ],
  "fps" : 12,
  "frameCount" : 36,
  "framesPath" : "releases\/orbium-like-20260307\/runs\/glider-family-luminous-spiral-4134-c000-s0\/4e178a1a-700e-4552-a7c1-d43cd584d918\/frames.bin",
  "height" : 128,
  "palette" : "lenia-spectrum",
  "velocities" : [
    [
      0,
      0
    ],
    [
      -0.1276474,
      -0.07203293
    ],
    [
      -0.22661209,
      -0.22565079
    ],
    [
      -0.2140007,
      -0.058998108
    ],
    [
      0.009994507,
      -0.13470078
    ],
    [
      0.007385254,
      0.008136749
    ],
    [
      -0.016105652,
      0.01399231
    ],
    [
      -0.100479126,
      -0.033611298
    ],
    [
      -0.04799652,
      -0.04341507
    ],
    [
      -0.06250763,
      -0.05645752
    ],
    [
      -0.07423401,
      -0.0012664795
    ],
    [
      0.016834259,
      -0.09800339
    ],
    [
      -0.048454285,
      0.019618988
    ],
    [
      -0.059322357,
      -0.062812805
    ],
    [
      -0.05114746,
      -0.0323143
    ],
    [
      -0.031230927,
      0.044315338
    ],
    [
      0.10606384,
      0.0015296936
    ],
    [
      0.121105194,
      0.025154114
    ],
    [
      0.14567184,
      0.08449173
    ],
    [
      0.026973724,
      0.066158295
    ],
    [
      0.024555206,
      0.08831787
    ],
    [
      0.023853302,
      0.042236328
    ],
    [
      0.05442047,
      0.083732605
    ],
    [
      0.056518555,
      0.034626007
    ],
    [
      0.016082764,
      -0.018222809
    ],
    [
      0.03734207,
      0.034542084
    ],
    [
      0.021694183,
      0.052577972
    ],
    [
      0.0049552917,
      0.0570755
    ],
    [
      0.01802826,
      0.0035858154
    ],
    [
      0.062625885,
      0.04084015
    ],
    [
      -0.045749664,
      0.05147934
    ],
    [
      0.04427719,
      -0.023670197
    ],
    [
      -0.024478912,
      0.003768921
    ],
    [
      -0.040756226,
      0.034381866
    ],
    [
      -0.028835297,
      0.0015258789
    ],
    [
      -0.011493683,
      0.024814606
    ]
  ],
  "width" : 128
}