{
  "backend" : "mlx",
  "channels" : 1,
  "connectivity" : [
    [
      3
    ]
  ],
  "flow" : {
    "dt" : 0.2,
    "n" : 2,
    "theta_A" : 2
  },
  "grid" : {
    "sx" : 128,
    "sy" : 128
  },
  "implementation" : {
    "mode" : "paper"
  },
  "init" : {
    "a_uniform" : {
      "high" : 1,
      "low" : 0
    },
    "p_uniform" : {
      "high" : 1,
      "low" : 0
    },
    "patches" : [
      {
        "center" : [
          32,
          32
        ],
        "size" : 24
      },
      {
        "center" : [
          96,
          96
        ],
        "size" : 24
      }
    ],
    "seed" : 300060
  },
  "interventions" : [

  ],
  "parameter_embedding" : {
    "enabled" : true,
    "mix" : "stoch",
    "mix_seed" : 42
  },
  "params" : {
    "R" : 16.251762,
    "a" : [
      [
        0.97246975,
        0.9215047,
        0.05239427
      ],
      [
        0.86292565,
        0.681924,
        0.19190603
      ],
      [
        0.2449525,
        0.10330558,
        0.51105875
      ]
    ],
    "b" : [
      [
        0.08326465,
        0.842872,
        0.5243522
      ],
      [
        0.20907766,
        0.2302481,
        0.74434465
      ],
      [
        0.48768073,
        0.12708801,
        0.6153799
      ]
    ],
    "h" : [
      0.4505418,
      0.58717877,
      0.93115264
    ],
    "m" : [
      0.43861446,
      0.22337082,
      0.051859897
    ],
    "mode" : "explicit",
    "r" : [
      0.94919527,
      0.8820308,
      0.4713195
    ],
    "s" : [
      0.08658821,
      0.036681507,
      0.08446531
    ],
    "w" : [
      [
        0.028345747,
        0.25398177,
        0.47727224
      ],
      [
        0.4698376,
        0.17661016,
        0.060231112
      ],
      [
        0.24055003,
        0.28942588,
        0.03293709
      ]
    ]
  },
  "profile" : "experimental",
  "reintegration" : {
    "border" : "torus",
    "dd" : 5,
    "sigma" : 0.65
  },
  "run" : {
    "steps" : 500
  }
}