{
  "backend" : "mlx",
  "channels" : 1,
  "connectivity" : [
    [
      3
    ]
  ],
  "flow" : {
    "dt" : 0.2,
    "n" : 2,
    "theta_A" : 2
  },
  "grid" : {
    "sx" : 128,
    "sy" : 128
  },
  "implementation" : {
    "mode" : "paper"
  },
  "init" : {
    "a_uniform" : {
      "high" : 1,
      "low" : 0
    },
    "p_uniform" : {
      "high" : 1,
      "low" : 0
    },
    "patches" : [
      {
        "center" : [
          32,
          32
        ],
        "size" : 24
      },
      {
        "center" : [
          96,
          96
        ],
        "size" : 24
      }
    ],
    "seed" : 300108
  },
  "interventions" : [

  ],
  "parameter_embedding" : {
    "enabled" : true,
    "mix" : "stoch",
    "mix_seed" : 42
  },
  "params" : {
    "R" : 12.2351465,
    "a" : [
      [
        0.7733832,
        0.14454472,
        0.4357767
      ],
      [
        0.0699451,
        0.03360963,
        0.7757692
      ],
      [
        0.57210076,
        0.07808769,
        0.04708922
      ]
    ],
    "b" : [
      [
        0.18674314,
        0.2427491,
        0.9579364
      ],
      [
        0.18414402,
        0.20702505,
        0.20639259
      ],
      [
        0.56122744,
        0.32608646,
        0.9745429
      ]
    ],
    "h" : [
      0.73888665,
      0.0009524822,
      0.37608248
    ],
    "m" : [
      0.45867363,
      0.16457506,
      0.37276417
    ],
    "mode" : "explicit",
    "r" : [
      0.5319378,
      0.65446633,
      0.5101872
    ],
    "s" : [
      0.0060172216,
      0.023978624,
      0.124242246
    ],
    "w" : [
      [
        0.13436495,
        0.44912562,
        0.10793974
      ],
      [
        0.080959246,
        0.19061661,
        0.42471203
      ],
      [
        0.048232183,
        0.20695554,
        0.17595682
      ]
    ]
  },
  "profile" : "experimental",
  "reintegration" : {
    "border" : "torus",
    "dd" : 5,
    "sigma" : 0.65
  },
  "run" : {
    "steps" : 500
  }
}