{
  "centroids" : [
    [
      64.02064,
      63.82499
    ],
    [
      64.07691,
      63.89158
    ],
    [
      64.073814,
      63.89643
    ],
    [
      64.11778,
      63.91534
    ],
    [
      64.20756,
      64.00047
    ],
    [
      64.20179,
      64.00024
    ],
    [
      64.209,
      64.02301
    ],
    [
      64.194,
      64.01306
    ],
    [
      64.16177,
      63.988434
    ],
    [
      64.16385,
      63.979385
    ],
    [
      64.15882,
      63.97374
    ],
    [
      64.167625,
      63.984688
    ]
  ],
  "fps" : 10,
  "frameCount" : 12,
  "framesPath" : "releases\/qg-20260228-real-creatures\/runs\/qg-nnea-s300096\/c8570ae1-0012-42d2-b5d9-ab35dca927ab\/frames.bin",
  "height" : 128,
  "palette" : "lenia-spectrum",
  "velocities" : [
    [
      0,
      0
    ],
    [
      0.056274414,
      0.066589355
    ],
    [
      -0.0030975342,
      0.004852295
    ],
    [
      0.0439682,
      0.018909454
    ],
    [
      0.089775085,
      0.0851326
    ],
    [
      -0.0057678223,
      -0.00023651123
    ],
    [
      0.007209778,
      0.022773743
    ],
    [
      -0.01499939,
      -0.0099487305
    ],
    [
      -0.032226562,
      -0.024627686
    ],
    [
      0.0020751953,
      -0.009048462
    ],
    [
      -0.005027771,
      -0.005645752
    ],
    [
      0.008804321,
      0.010948181
    ]
  ],
  "width" : 128
}