{
  "backend" : "mlx",
  "channels" : 1,
  "connectivity" : [
    [
      3
    ]
  ],
  "flow" : {
    "dt" : 0.2,
    "n" : 2,
    "theta_A" : 2
  },
  "grid" : {
    "sx" : 128,
    "sy" : 128
  },
  "implementation" : {
    "mode" : "paper"
  },
  "init" : {
    "a_uniform" : {
      "high" : 1,
      "low" : 0
    },
    "p_uniform" : {
      "high" : 1,
      "low" : 0
    },
    "patches" : [
      {
        "center" : [
          32,
          32
        ],
        "size" : 24
      },
      {
        "center" : [
          96,
          96
        ],
        "size" : 24
      }
    ],
    "seed" : 300217
  },
  "interventions" : [

  ],
  "parameter_embedding" : {
    "enabled" : true,
    "mix" : "stoch",
    "mix_seed" : 42
  },
  "params" : {
    "R" : 10.934408,
    "a" : [
      [
        0.7932347,
        0.56138194,
        0.82039315
      ],
      [
        0.16770756,
        0.37928003,
        0.3245237
      ],
      [
        0.87105906,
        0.76456785,
        0.65082693
      ]
    ],
    "b" : [
      [
        0.7538896,
        0.64791447,
        0.55993813
      ],
      [
        0.6983999,
        0.648057,
        0.32847822
      ],
      [
        0.14386344,
        0.662485,
        0.89579624
      ]
    ],
    "h" : [
      0.9151152,
      0.6750985,
      0.8828251
    ],
    "m" : [
      0.37471533,
      0.15928473,
      0.30260414
    ],
    "mode" : "explicit",
    "r" : [
      0.41260034,
      0.74412066,
      0.26021227
    ],
    "s" : [
      0.031910907,
      0.12359679,
      0.045404218
    ],
    "w" : [
      [
        0.49332368,
        0.2591109,
        0.14003724
      ],
      [
        0.242268,
        0.27062464,
        0.3412937
      ],
      [
        0.14947622,
        0.20041631,
        0.030890549
      ]
    ]
  },
  "profile" : "experimental",
  "reintegration" : {
    "border" : "torus",
    "dd" : 5,
    "sigma" : 0.65
  },
  "run" : {
    "steps" : 500
  }
}