{
  "backend" : "mlx",
  "channels" : 1,
  "connectivity" : [
    [
      3
    ]
  ],
  "flow" : {
    "dt" : 0.2,
    "n" : 2,
    "theta_A" : 2
  },
  "grid" : {
    "sx" : 128,
    "sy" : 128
  },
  "implementation" : {
    "mode" : "paper"
  },
  "init" : {
    "a_uniform" : {
      "high" : 1,
      "low" : 0
    },
    "p_uniform" : {
      "high" : 1,
      "low" : 0
    },
    "patches" : [
      {
        "center" : [
          32,
          32
        ],
        "size" : 24
      },
      {
        "center" : [
          96,
          96
        ],
        "size" : 24
      }
    ],
    "seed" : 300187
  },
  "interventions" : [

  ],
  "parameter_embedding" : {
    "enabled" : true,
    "mix" : "stoch",
    "mix_seed" : 42
  },
  "params" : {
    "R" : 6.2718287,
    "a" : [
      [
        0.67386293,
        0.117457926,
        0.73424476
      ],
      [
        0.60603386,
        0.19088125,
        0.31055653
      ],
      [
        0.871716,
        0.25308442,
        0.74130684
      ]
    ],
    "b" : [
      [
        0.20085865,
        0.2081337,
        0.354975
      ],
      [
        0.87753814,
        0.52944565,
        0.23774034
      ],
      [
        0.28849304,
        0.7912828,
        0.19687587
      ]
    ],
    "h" : [
      0.6376513,
      0.93433803,
      0.025046289
    ],
    "m" : [
      0.41720402,
      0.4353206,
      0.31960976
    ],
    "mode" : "explicit",
    "r" : [
      0.3382578,
      0.27848363,
      0.6015531
    ],
    "s" : [
      0.09224171,
      0.19295415,
      0.1797106
    ],
    "w" : [
      [
        0.3937744,
        0.26968142,
        0.24701872
      ],
      [
        0.45231745,
        0.21268392,
        0.3797929
      ],
      [
        0.22720124,
        0.2031435,
        0.031872347
      ]
    ]
  },
  "profile" : "experimental",
  "reintegration" : {
    "border" : "torus",
    "dd" : 5,
    "sigma" : 0.65
  },
  "run" : {
    "steps" : 500
  }
}