{
  "centroids" : [
    [
      63.339188,
      63.46932
    ],
    [
      63.162907,
      63.179016
    ],
    [
      63.26937,
      63.366825
    ],
    [
      63.158295,
      63.235073
    ],
    [
      63.303204,
      63.333443
    ],
    [
      62.983463,
      63.119175
    ],
    [
      62.918827,
      63.029793
    ],
    [
      63.070576,
      63.161503
    ],
    [
      63.1574,
      63.250427
    ],
    [
      63.2895,
      63.299667
    ],
    [
      63.37092,
      63.388832
    ],
    [
      63.309475,
      63.382435
    ]
  ],
  "fps" : 10,
  "frameCount" : 12,
  "framesPath" : "releases\/qg-20260228-real-creatures\/runs\/qg-nnea-s300160\/dc90489f-ddc2-4c24-805f-e3d53d13ea3a\/frames.bin",
  "height" : 128,
  "palette" : "lenia-spectrum",
  "velocities" : [
    [
      0,
      0
    ],
    [
      -0.17628098,
      -0.29030228
    ],
    [
      0.106464386,
      0.18780899
    ],
    [
      -0.111076355,
      -0.13175201
    ],
    [
      0.1449089,
      0.0983696
    ],
    [
      -0.3197403,
      -0.21426773
    ],
    [
      -0.06463623,
      -0.08938217
    ],
    [
      0.15174866,
      0.13171005
    ],
    [
      0.08682251,
      0.08892441
    ],
    [
      0.13210297,
      0.049240112
    ],
    [
      0.081417084,
      0.089164734
    ],
    [
      -0.06144333,
      -0.0063972473
    ]
  ],
  "width" : 128
}