{
  "backend" : "mlx",
  "beam_mutation" : {
    "enabled" : true,
    "patch_size" : 10,
    "probability" : 0.02,
    "seed" : 99,
    "std" : 0.1
  },
  "channels" : 1,
  "connectivity" : [
    [
      3
    ]
  ],
  "environment" : {
    "depth" : 2,
    "passage_width" : 6,
    "type" : "cross_map",
    "wall_thickness" : 3,
    "wall_value" : -10
  },
  "flow" : {
    "dt" : 0.2,
    "n" : 2,
    "theta_A" : 2
  },
  "grid" : {
    "sx" : 128,
    "sy" : 128
  },
  "implementation" : {
    "mode" : "paper"
  },
  "init" : {
    "a_uniform" : {
      "high" : 1,
      "low" : 0
    },
    "p_uniform" : {
      "high" : 1,
      "low" : 0
    },
    "patches" : [
      {
        "center" : [
          32,
          32
        ],
        "size" : 20
      },
      {
        "center" : [
          96,
          32
        ],
        "size" : 20
      },
      {
        "center" : [
          32,
          96
        ],
        "size" : 20
      },
      {
        "center" : [
          96,
          96
        ],
        "size" : 20
      }
    ],
    "seed" : 5
  },
  "interventions" : [

  ],
  "parameter_embedding" : {
    "enabled" : true,
    "mix" : "stoch_gene_wise",
    "mix_seed" : 42
  },
  "params" : {
    "R" : 9.17222,
    "a" : [
      [
        0.8288804,
        0.06514925,
        0.3885376
      ],
      [
        0.28078038,
        0.588372,
        0.5124954
      ],
      [
        0.9134886,
        0.77092963,
        0.36725354
      ]
    ],
    "b" : [
      [
        0.8516499,
        0.66408336,
        0.6876106
      ],
      [
        0.10858315,
        0.02578634,
        0.62075675
      ],
      [
        0.3773474,
        0.14643514,
        0.3321175
      ]
    ],
    "h" : [
      0.119817555,
      0.13749546,
      0.83057827
    ],
    "m" : [
      0.39879403,
      0.121446505,
      0.41952452
    ],
    "mode" : "explicit",
    "r" : [
      0.71105665,
      0.6612209,
      0.25131536
    ],
    "s" : [
      0.030387547,
      0.17059685,
      0.034839217
    ],
    "w" : [
      [
        0.2633108,
        0.18720625,
        0.1499764
      ],
      [
        0.0586972,
        0.3577851,
        0.32639349
      ],
      [
        0.42358384,
        0.43659624,
        0.21320623
      ]
    ]
  },
  "profile" : "experimental",
  "reintegration" : {
    "border" : "wall",
    "dd" : 5,
    "sigma" : 0.65
  },
  "run" : {
    "steps" : 500
  }
}