{
  "backend" : "mlx",
  "channels" : 1,
  "connectivity" : [
    [
      3
    ]
  ],
  "flow" : {
    "dt" : 0.2,
    "n" : 2,
    "theta_A" : 2
  },
  "grid" : {
    "sx" : 128,
    "sy" : 128
  },
  "implementation" : {
    "mode" : "paper"
  },
  "init" : {
    "a_uniform" : {
      "high" : 1,
      "low" : 0
    },
    "p_uniform" : {
      "high" : 1,
      "low" : 0
    },
    "patches" : [
      {
        "center" : [
          32,
          32
        ],
        "size" : 24
      },
      {
        "center" : [
          96,
          96
        ],
        "size" : 24
      }
    ],
    "seed" : 300072
  },
  "interventions" : [

  ],
  "parameter_embedding" : {
    "enabled" : true,
    "mix" : "stoch",
    "mix_seed" : 42
  },
  "params" : {
    "R" : 11.315116,
    "a" : [
      [
        0.83458084,
        0.7363353,
        0.39734375
      ],
      [
        0.29546595,
        0.21870601,
        0.12931526
      ],
      [
        0.5272558,
        0.14234805,
        0.30271184
      ]
    ],
    "b" : [
      [
        0.11065042,
        0.9960633,
        0.2630831
      ],
      [
        0.18687934,
        0.28971237,
        0.54952264
      ],
      [
        0.5627662,
        0.686061,
        0.7359308
      ]
    ],
    "h" : [
      0.27357382,
      0.36641717,
      0.19122434
    ],
    "m" : [
      0.3955981,
      0.38339865,
      0.19051172
    ],
    "mode" : "explicit",
    "r" : [
      0.76580536,
      0.78874624,
      0.4083294
    ],
    "s" : [
      0.10413712,
      0.14891444,
      0.13732465
    ],
    "w" : [
      [
        0.21550065,
        0.35291675,
        0.1958754
      ],
      [
        0.14821018,
        0.27569386,
        0.38002998
      ],
      [
        0.28163955,
        0.29532894,
        0.09390195
      ]
    ]
  },
  "profile" : "experimental",
  "reintegration" : {
    "border" : "torus",
    "dd" : 5,
    "sigma" : 0.65
  },
  "run" : {
    "steps" : 500
  }
}