{
  "centroids" : [
    [
      63.44222,
      63.524837
    ],
    [
      63.33619,
      63.517067
    ],
    [
      63.355644,
      63.548313
    ],
    [
      63.215084,
      63.382256
    ],
    [
      63.18038,
      63.348034
    ],
    [
      63.137203,
      63.229176
    ],
    [
      63.19878,
      63.32575
    ],
    [
      63.074093,
      63.240814
    ],
    [
      63.164673,
      63.320225
    ],
    [
      63.079952,
      63.239883
    ],
    [
      63.081055,
      63.23389
    ],
    [
      63.058002,
      63.205227
    ]
  ],
  "fps" : 10,
  "frameCount" : 12,
  "framesPath" : "releases\/qg-20260228-real-creatures\/runs\/qg-nnea-s300064\/26cfd774-fa6e-4fe6-b1cc-bc9f1719cf01\/frames.bin",
  "height" : 128,
  "palette" : "lenia-spectrum",
  "velocities" : [
    [
      0,
      0
    ],
    [
      -0.10602951,
      -0.0077705383
    ],
    [
      0.019454956,
      0.031246185
    ],
    [
      -0.14056015,
      -0.16605759
    ],
    [
      -0.0347023,
      -0.03422165
    ],
    [
      -0.04317856,
      -0.11885834
    ],
    [
      0.061576843,
      0.096572876
    ],
    [
      -0.124687195,
      -0.084934235
    ],
    [
      0.09057999,
      0.07941055
    ],
    [
      -0.08472061,
      -0.08034134
    ],
    [
      0.0011024475,
      -0.0059928894
    ],
    [
      -0.023052216,
      -0.028663635
    ]
  ],
  "width" : 128
}