{
  "backend" : "mlx",
  "channels" : 1,
  "connectivity" : [
    [
      3
    ]
  ],
  "flow" : {
    "dt" : 0.2,
    "n" : 2,
    "theta_A" : 2
  },
  "grid" : {
    "sx" : 128,
    "sy" : 128
  },
  "implementation" : {
    "mode" : "paper"
  },
  "init" : {
    "a_uniform" : {
      "high" : 1,
      "low" : 0
    },
    "p_uniform" : {
      "high" : 1,
      "low" : 0
    },
    "patches" : [
      {
        "center" : [
          32,
          32
        ],
        "size" : 24
      },
      {
        "center" : [
          96,
          96
        ],
        "size" : 24
      }
    ],
    "seed" : 300094
  },
  "interventions" : [

  ],
  "parameter_embedding" : {
    "enabled" : true,
    "mix" : "stoch",
    "mix_seed" : 42
  },
  "params" : {
    "R" : 16.667002,
    "a" : [
      [
        0.13355392,
        0.06499839,
        0.110685945
      ],
      [
        0.045520365,
        0.45069736,
        0.004175842
      ],
      [
        0.38558048,
        0.6273094,
        0.8712561
      ]
    ],
    "b" : [
      [
        0.6368411,
        0.07187164,
        0.58509696
      ],
      [
        0.1714583,
        0.4257825,
        0.30279648
      ],
      [
        0.6281245,
        0.073035,
        0.7826698
      ]
    ],
    "h" : [
      0.30441648,
      0.46025902,
      0.6295777
    ],
    "m" : [
      0.08563784,
      0.25016296,
      0.15250152
    ],
    "mode" : "explicit",
    "r" : [
      0.7736736,
      0.2356853,
      0.5711462
    ],
    "s" : [
      0.075901255,
      0.0708429,
      0.04582238
    ],
    "w" : [
      [
        0.09471517,
        0.15948626,
        0.09388758
      ],
      [
        0.17586479,
        0.46934107,
        0.07135482
      ],
      [
        0.049445182,
        0.029244805,
        0.1474326
      ]
    ]
  },
  "profile" : "experimental",
  "reintegration" : {
    "border" : "torus",
    "dd" : 5,
    "sigma" : 0.65
  },
  "run" : {
    "steps" : 500
  }
}