{
  "centroids" : [
    [
      63.729073,
      64.16419
    ],
    [
      63.608456,
      64.009315
    ],
    [
      63.665955,
      64.09253
    ],
    [
      63.777885,
      64.22322
    ],
    [
      63.659462,
      64.16918
    ],
    [
      63.72361,
      64.34073
    ],
    [
      63.701496,
      64.302704
    ],
    [
      63.75969,
      64.33078
    ],
    [
      63.713257,
      64.237526
    ],
    [
      63.451847,
      63.964294
    ],
    [
      63.183605,
      63.69756
    ],
    [
      63.314137,
      63.7654
    ]
  ],
  "fps" : 10,
  "frameCount" : 12,
  "framesPath" : "releases\/qg-20260228-real-creatures\/runs\/qg-nnea-s300064\/07169bb8-dbff-44a5-bcad-edbf819119b7\/frames.bin",
  "height" : 128,
  "palette" : "lenia-spectrum",
  "velocities" : [
    [
      0,
      0
    ],
    [
      -0.12061691,
      -0.15487671
    ],
    [
      0.057498932,
      0.083213806
    ],
    [
      0.11193085,
      0.13069153
    ],
    [
      -0.11842346,
      -0.054039
    ],
    [
      0.06414795,
      0.17154694
    ],
    [
      -0.0221138,
      -0.038024902
    ],
    [
      0.058193207,
      0.028076172
    ],
    [
      -0.046432495,
      -0.09325409
    ],
    [
      -0.26140976,
      -0.2732315
    ],
    [
      -0.26824188,
      -0.26673508
    ],
    [
      0.13053131,
      0.067840576
    ]
  ],
  "width" : 128
}