{
  "backend" : "mlx",
  "channels" : 1,
  "connectivity" : [
    [
      3
    ]
  ],
  "flow" : {
    "dt" : 0.2,
    "n" : 2,
    "theta_A" : 2
  },
  "grid" : {
    "sx" : 128,
    "sy" : 128
  },
  "implementation" : {
    "mode" : "paper"
  },
  "init" : {
    "a_uniform" : {
      "high" : 1,
      "low" : 0
    },
    "p_uniform" : {
      "high" : 1,
      "low" : 0
    },
    "patches" : [
      {
        "center" : [
          32,
          32
        ],
        "size" : 24
      },
      {
        "center" : [
          96,
          96
        ],
        "size" : 24
      }
    ],
    "seed" : 300026
  },
  "interventions" : [

  ],
  "parameter_embedding" : {
    "enabled" : true,
    "mix" : "stoch",
    "mix_seed" : 42
  },
  "params" : {
    "R" : 16.369007,
    "a" : [
      [
        0.74318784,
        0.8044524,
        0.7440974
      ],
      [
        0.52791125,
        0.8075688,
        0.69421315
      ],
      [
        0.21480024,
        0.90893877,
        0.495952
      ]
    ],
    "b" : [
      [
        0.054113805,
        0.14204699,
        0.75849575
      ],
      [
        0.26509178,
        0.67415994,
        0.5282716
      ],
      [
        0.06186527,
        0.3272304,
        0.7048478
      ]
    ],
    "h" : [
      0.47666866,
      0.62121654,
      0.5232069
    ],
    "m" : [
      0.4777333,
      0.06397707,
      0.1358504
    ],
    "mode" : "explicit",
    "r" : [
      0.99147946,
      0.6924811,
      0.5797842
    ],
    "s" : [
      0.16953808,
      0.08185298,
      0.00916007
    ],
    "w" : [
      [
        0.47797796,
        0.27797562,
        0.45924816
      ],
      [
        0.3348734,
        0.2068911,
        0.029914942
      ],
      [
        0.31844267,
        0.15078594,
        0.35948285
      ]
    ]
  },
  "profile" : "experimental",
  "reintegration" : {
    "border" : "torus",
    "dd" : 5,
    "sigma" : 0.65
  },
  "run" : {
    "steps" : 500
  }
}