{
  "centroids" : [
    [
      63.16661,
      62.97701
    ],
    [
      63.35473,
      63.17482
    ],
    [
      63.398186,
      63.21958
    ],
    [
      63.33613,
      63.180088
    ],
    [
      63.557663,
      63.346928
    ],
    [
      63.247658,
      63.039127
    ],
    [
      63.059734,
      62.739746
    ],
    [
      62.618084,
      62.41104
    ],
    [
      62.465996,
      62.325367
    ],
    [
      62.580147,
      62.43398
    ],
    [
      62.73732,
      62.661205
    ],
    [
      62.755302,
      62.671486
    ]
  ],
  "fps" : 10,
  "frameCount" : 12,
  "framesPath" : "releases\/qg-20260228-real-creatures\/runs\/qg-nnea-s300160\/4a148ad1-bb9e-4fd5-be56-8113f02abb96\/frames.bin",
  "height" : 128,
  "palette" : "lenia-spectrum",
  "velocities" : [
    [
      0,
      0
    ],
    [
      0.18811798,
      0.19781113
    ],
    [
      0.04345703,
      0.044761658
    ],
    [
      -0.062057495,
      -0.03949356
    ],
    [
      0.22153473,
      0.1668396
    ],
    [
      -0.3100052,
      -0.3078003
    ],
    [
      -0.18792343,
      -0.29938126
    ],
    [
      -0.4416504,
      -0.32870483
    ],
    [
      -0.15208817,
      -0.085674286
    ],
    [
      0.114151,
      0.10861206
    ],
    [
      0.15717316,
      0.22722626
    ],
    [
      0.017982483,
      0.010280609
    ]
  ],
  "width" : 128
}