{
  "backend" : "mlx",
  "channels" : 1,
  "connectivity" : [
    [
      3
    ]
  ],
  "flow" : {
    "dt" : 0.2,
    "n" : 2,
    "theta_A" : 2
  },
  "grid" : {
    "sx" : 128,
    "sy" : 128
  },
  "implementation" : {
    "mode" : "paper"
  },
  "init" : {
    "a_uniform" : {
      "high" : 1,
      "low" : 0
    },
    "p_uniform" : {
      "high" : 1,
      "low" : 0
    },
    "patches" : [
      {
        "center" : [
          32,
          32
        ],
        "size" : 24
      },
      {
        "center" : [
          96,
          96
        ],
        "size" : 24
      }
    ],
    "seed" : 300019
  },
  "interventions" : [

  ],
  "parameter_embedding" : {
    "enabled" : true,
    "mix" : "stoch",
    "mix_seed" : 42
  },
  "params" : {
    "R" : 7.710678,
    "a" : [
      [
        0.78963387,
        0.43524444,
        0.2127546
      ],
      [
        0.22613603,
        0.123083115,
        0.8015177
      ],
      [
        0.9244302,
        0.7219113,
        0.7555688
      ]
    ],
    "b" : [
      [
        0.812399,
        0.52709275,
        0.9959863
      ],
      [
        0.71523255,
        0.115881264,
        0.89884496
      ],
      [
        0.7981729,
        0.43104303,
        0.5458224
      ]
    ],
    "h" : [
      0.31808347,
      0.6282493,
      0.03199607
    ],
    "m" : [
      0.33425722,
      0.11753577,
      0.47725457
    ],
    "mode" : "explicit",
    "r" : [
      0.30000845,
      0.64061415,
      0.5417189
    ],
    "s" : [
      0.0045248535,
      0.080549255,
      0.05690878
    ],
    "w" : [
      [
        0.03482846,
        0.43524286,
        0.39061782
      ],
      [
        0.051960103,
        0.07133672,
        0.22301242
      ],
      [
        0.020192932,
        0.3966357,
        0.3547786
      ]
    ]
  },
  "profile" : "experimental",
  "reintegration" : {
    "border" : "torus",
    "dd" : 5,
    "sigma" : 0.65
  },
  "run" : {
    "steps" : 500
  }
}