{
  "centroids" : [
    [
      63.75941,
      63.636166
    ],
    [
      63.775043,
      63.64865
    ],
    [
      63.770294,
      63.6421
    ],
    [
      63.76478,
      63.63234
    ],
    [
      63.791313,
      63.666515
    ],
    [
      63.78083,
      63.651325
    ],
    [
      63.786385,
      63.672
    ],
    [
      63.775707,
      63.662262
    ],
    [
      63.776764,
      63.664944
    ],
    [
      63.779034,
      63.657803
    ],
    [
      63.785427,
      63.654766
    ],
    [
      63.778625,
      63.648
    ]
  ],
  "fps" : 10,
  "frameCount" : 12,
  "framesPath" : "releases\/qg-20260228-real-creatures\/runs\/qg-nnea-s300000\/17072654-a7ff-485a-a653-2c4e9d04fcae\/frames.bin",
  "height" : 128,
  "palette" : "lenia-spectrum",
  "velocities" : [
    [
      0,
      0
    ],
    [
      0.01563263,
      0.012485504
    ],
    [
      -0.004749298,
      -0.006549835
    ],
    [
      -0.0055160522,
      -0.00976181
    ],
    [
      0.026535034,
      0.034175873
    ],
    [
      -0.010482788,
      -0.0151901245
    ],
    [
      0.005554199,
      0.02067566
    ],
    [
      -0.010677338,
      -0.009738922
    ],
    [
      0.0010566711,
      0.0026817322
    ],
    [
      0.0022697449,
      -0.0071411133
    ],
    [
      0.0063934326,
      -0.003036499
    ],
    [
      -0.006801605,
      -0.006767273
    ]
  ],
  "width" : 128
}