{
  "backend" : "mlx",
  "channels" : 1,
  "connectivity" : [
    [
      3
    ]
  ],
  "flow" : {
    "dt" : 0.2,
    "n" : 2,
    "theta_A" : 2
  },
  "grid" : {
    "sx" : 128,
    "sy" : 128
  },
  "implementation" : {
    "mode" : "paper"
  },
  "init" : {
    "a_uniform" : {
      "high" : 1,
      "low" : 0
    },
    "p_uniform" : {
      "high" : 1,
      "low" : 0
    },
    "patches" : [
      {
        "center" : [
          32,
          32
        ],
        "size" : 24
      },
      {
        "center" : [
          96,
          96
        ],
        "size" : 24
      }
    ],
    "seed" : 300058
  },
  "interventions" : [

  ],
  "parameter_embedding" : {
    "enabled" : true,
    "mix" : "stoch",
    "mix_seed" : 42
  },
  "params" : {
    "R" : 14.82389,
    "a" : [
      [
        0.19343513,
        0.9117845,
        0.15179574
      ],
      [
        0.65538925,
        0.52050275,
        0.2788248
      ],
      [
        0.3773921,
        0.13892561,
        0.56945956
      ]
    ],
    "b" : [
      [
        0.43593466,
        0.38343728,
        0.6359357
      ],
      [
        0.15376914,
        0.7894686,
        0.66365314
      ],
      [
        0.7011637,
        0.55901676,
        0.3602869
      ]
    ],
    "h" : [
      0.0012583137,
      0.8519251,
      0.6864466
    ],
    "m" : [
      0.44875604,
      0.057300247,
      0.07457335
    ],
    "mode" : "explicit",
    "r" : [
      0.29789513,
      0.5611326,
      0.23178588
    ],
    "s" : [
      0.14515531,
      0.16363753,
      0.1644864
    ],
    "w" : [
      [
        0.24419284,
        0.04098593,
        0.13583826
      ],
      [
        0.49566352,
        0.10558078,
        0.385329
      ],
      [
        0.12714513,
        0.14247085,
        0.32427046
      ]
    ]
  },
  "profile" : "experimental",
  "reintegration" : {
    "border" : "torus",
    "dd" : 5,
    "sigma" : 0.65
  },
  "run" : {
    "steps" : 500
  }
}