{
  "centroids" : [
    [
      64.311745,
      64.22628
    ],
    [
      64.574745,
      64.49254
    ],
    [
      64.364784,
      64.26988
    ],
    [
      64.303955,
      64.190414
    ],
    [
      64.28915,
      64.09798
    ],
    [
      64.28119,
      64.14067
    ],
    [
      63.973255,
      63.859074
    ],
    [
      64.108955,
      63.993088
    ],
    [
      63.9559,
      63.810345
    ],
    [
      63.993454,
      63.836285
    ],
    [
      64.09004,
      63.98114
    ],
    [
      64.07259,
      63.966812
    ]
  ],
  "fps" : 10,
  "frameCount" : 12,
  "framesPath" : "releases\/qg-20260228-real-creatures\/runs\/qg-nnea-s300032\/b3969fb9-6d45-4004-a002-a53a599a704b\/frames.bin",
  "height" : 128,
  "palette" : "lenia-spectrum",
  "velocities" : [
    [
      0,
      0
    ],
    [
      0.2630005,
      0.26625824
    ],
    [
      -0.20996094,
      -0.22265625
    ],
    [
      -0.060829163,
      -0.07946777
    ],
    [
      -0.014808655,
      -0.092437744
    ],
    [
      -0.0079574585,
      0.04269409
    ],
    [
      -0.3079338,
      -0.28159714
    ],
    [
      0.13570023,
      0.13401413
    ],
    [
      -0.1530571,
      -0.18274307
    ],
    [
      0.037555695,
      0.025939941
    ],
    [
      0.096588135,
      0.1448555
    ],
    [
      -0.017448425,
      -0.014328003
    ]
  ],
  "width" : 128
}