{
  "backend" : "mlx",
  "channels" : 1,
  "connectivity" : [
    [
      3
    ]
  ],
  "flow" : {
    "dt" : 0.2,
    "n" : 2,
    "theta_A" : 2
  },
  "grid" : {
    "sx" : 128,
    "sy" : 128
  },
  "implementation" : {
    "mode" : "paper"
  },
  "init" : {
    "a_uniform" : {
      "high" : 1,
      "low" : 0
    },
    "p_uniform" : {
      "high" : 1,
      "low" : 0
    },
    "patches" : [
      {
        "center" : [
          32,
          32
        ],
        "size" : 24
      },
      {
        "center" : [
          96,
          96
        ],
        "size" : 24
      }
    ],
    "seed" : 300111
  },
  "interventions" : [

  ],
  "parameter_embedding" : {
    "enabled" : true,
    "mix" : "stoch",
    "mix_seed" : 42
  },
  "params" : {
    "R" : 10.227292,
    "a" : [
      [
        0.64080817,
        0.9466243,
        0.7604285
      ],
      [
        0.1575613,
        0.07822013,
        0.6997727
      ],
      [
        0.74192494,
        0.55162793,
        0.91099995
      ]
    ],
    "b" : [
      [
        0.8227212,
        0.5576894,
        0.052006364
      ],
      [
        0.6974071,
        0.3007282,
        0.290554
      ],
      [
        0.4408102,
        0.5427265,
        0.002501309
      ]
    ],
    "h" : [
      0.42704558,
      0.13989395,
      0.15580398
    ],
    "m" : [
      0.44775495,
      0.33632007,
      0.3133606
    ],
    "mode" : "explicit",
    "r" : [
      0.3060028,
      0.6246092,
      0.7160082
    ],
    "s" : [
      0.056900345,
      0.054385897,
      0.15208608
    ],
    "w" : [
      [
        0.100453794,
        0.38449794,
        0.19696927
      ],
      [
        0.29554272,
        0.42397693,
        0.43468025
      ],
      [
        0.26624915,
        0.41696075,
        0.15698767
      ]
    ]
  },
  "profile" : "experimental",
  "reintegration" : {
    "border" : "torus",
    "dd" : 5,
    "sigma" : 0.65
  },
  "run" : {
    "steps" : 500
  }
}