{
  "centroids" : [
    [
      63.729397,
      63.662857
    ],
    [
      63.848633,
      63.679146
    ],
    [
      63.626236,
      63.494175
    ],
    [
      63.50991,
      63.381092
    ],
    [
      63.49181,
      63.408382
    ],
    [
      63.642357,
      63.443653
    ],
    [
      63.686115,
      63.513447
    ],
    [
      63.381733,
      63.254124
    ],
    [
      63.459854,
      63.273342
    ],
    [
      63.63184,
      63.483955
    ],
    [
      63.53051,
      63.359554
    ],
    [
      63.644524,
      63.469177
    ]
  ],
  "fps" : 10,
  "frameCount" : 12,
  "framesPath" : "releases\/qg-20260228-real-creatures\/runs\/qg-nnea-s300096\/46fb23e7-7cbc-42ea-9fc6-f063492f42e0\/frames.bin",
  "height" : 128,
  "palette" : "lenia-spectrum",
  "velocities" : [
    [
      0,
      0
    ],
    [
      0.11923599,
      0.016288757
    ],
    [
      -0.22239685,
      -0.18497086
    ],
    [
      -0.11632538,
      -0.113082886
    ],
    [
      -0.018100739,
      0.027290344
    ],
    [
      0.15054703,
      0.03527069
    ],
    [
      0.043758392,
      0.0697937
    ],
    [
      -0.30438232,
      -0.25932312
    ],
    [
      0.078121185,
      0.019218445
    ],
    [
      0.17198563,
      0.21061325
    ],
    [
      -0.1013298,
      -0.12440109
    ],
    [
      0.11401367,
      0.109622955
    ]
  ],
  "width" : 128
}