{
  "backend" : "mlx",
  "channels" : 1,
  "connectivity" : [
    [
      3
    ]
  ],
  "flow" : {
    "dt" : 0.2,
    "n" : 2,
    "theta_A" : 2
  },
  "grid" : {
    "sx" : 128,
    "sy" : 128
  },
  "implementation" : {
    "mode" : "paper"
  },
  "init" : {
    "a_uniform" : {
      "high" : 1,
      "low" : 0
    },
    "p_uniform" : {
      "high" : 1,
      "low" : 0
    },
    "patches" : [
      {
        "center" : [
          32,
          32
        ],
        "size" : 24
      },
      {
        "center" : [
          96,
          96
        ],
        "size" : 24
      }
    ],
    "seed" : 300020
  },
  "interventions" : [

  ],
  "parameter_embedding" : {
    "enabled" : true,
    "mix" : "stoch",
    "mix_seed" : 42
  },
  "params" : {
    "R" : 12.686426,
    "a" : [
      [
        0.25431865,
        0.90641934,
        0.8921403
      ],
      [
        0.17477107,
        0.04630786,
        0.47797745
      ],
      [
        0.08756584,
        0.6315924,
        0.99597186
      ]
    ],
    "b" : [
      [
        0.43836534,
        0.726015,
        0.71935874
      ],
      [
        0.107038975,
        0.3839051,
        0.25425863
      ],
      [
        0.6703673,
        0.5389222,
        0.32148647
      ]
    ],
    "h" : [
      0.09987736,
      0.8891758,
      0.7254442
    ],
    "m" : [
      0.28695083,
      0.18500781,
      0.2788907
    ],
    "mode" : "explicit",
    "r" : [
      0.8253907,
      0.51000696,
      0.20990543
    ],
    "s" : [
      0.10558487,
      0.056974098,
      0.03085563
    ],
    "w" : [
      [
        0.04394926,
        0.2854697,
        0.28416693
      ],
      [
        0.36269012,
        0.43605182,
        0.19615728
      ],
      [
        0.17445324,
        0.46795768,
        0.32885513
      ]
    ]
  },
  "profile" : "experimental",
  "reintegration" : {
    "border" : "torus",
    "dd" : 5,
    "sigma" : 0.65
  },
  "run" : {
    "steps" : 500
  }
}