{
  "centroids" : [
    [
      63.40175,
      63.469223
    ],
    [
      63.27222,
      63.320423
    ],
    [
      63.497272,
      63.564228
    ],
    [
      63.593678,
      63.625744
    ],
    [
      63.74062,
      63.818893
    ],
    [
      64.012695,
      64.07572
    ],
    [
      64.3457,
      64.42042
    ],
    [
      64.037125,
      64.11162
    ],
    [
      63.722473,
      63.787483
    ],
    [
      63.600075,
      63.5643
    ],
    [
      63.469803,
      63.474304
    ],
    [
      63.52434,
      63.549973
    ]
  ],
  "fps" : 10,
  "frameCount" : 12,
  "framesPath" : "releases\/qg-20260228-real-creatures\/runs\/qg-nnea-s300000\/2b8fcb8b-0f9c-4e54-b544-bf37220e73fc\/frames.bin",
  "height" : 128,
  "palette" : "lenia-spectrum",
  "velocities" : [
    [
      0,
      0
    ],
    [
      -0.12952805,
      -0.1487999
    ],
    [
      0.22505188,
      0.24380493
    ],
    [
      0.09640503,
      0.061515808
    ],
    [
      0.14694214,
      0.19314957
    ],
    [
      0.27207565,
      0.2568283
    ],
    [
      0.3330078,
      0.34469604
    ],
    [
      -0.3085785,
      -0.30879974
    ],
    [
      -0.3146515,
      -0.32413483
    ],
    [
      -0.12239838,
      -0.22318268
    ],
    [
      -0.13027191,
      -0.08999634
    ],
    [
      0.054538727,
      0.075668335
    ]
  ],
  "width" : 128
}