{
  "backend" : "mlx",
  "channels" : 1,
  "connectivity" : [
    [
      3
    ]
  ],
  "flow" : {
    "dt" : 0.2,
    "n" : 2,
    "theta_A" : 2
  },
  "grid" : {
    "sx" : 128,
    "sy" : 128
  },
  "implementation" : {
    "mode" : "paper"
  },
  "init" : {
    "a_uniform" : {
      "high" : 1,
      "low" : 0
    },
    "p_uniform" : {
      "high" : 1,
      "low" : 0
    },
    "patches" : [
      {
        "center" : [
          32,
          32
        ],
        "size" : 24
      },
      {
        "center" : [
          96,
          96
        ],
        "size" : 24
      }
    ],
    "seed" : 300161
  },
  "interventions" : [

  ],
  "parameter_embedding" : {
    "enabled" : true,
    "mix" : "stoch",
    "mix_seed" : 42
  },
  "params" : {
    "R" : 12.511418,
    "a" : [
      [
        0.98462546,
        0.16343921,
        0.63981247
      ],
      [
        0.60557365,
        0.053973317,
        0.84349805
      ],
      [
        0.4134798,
        0.54472315,
        0.600554
      ]
    ],
    "b" : [
      [
        0.024814725,
        0.67458844,
        0.046519697
      ],
      [
        0.6440631,
        0.9683687,
        0.40746015
      ],
      [
        0.4449376,
        0.75663435,
        0.62988687
      ]
    ],
    "h" : [
      0.6383163,
      0.9097682,
      0.98338926
    ],
    "m" : [
      0.06667162,
      0.3963389,
      0.18519387
    ],
    "mode" : "explicit",
    "r" : [
      0.86755294,
      0.9275148,
      0.98390836
    ],
    "s" : [
      0.017367145,
      0.19185293,
      0.0104889525
    ],
    "w" : [
      [
        0.11087722,
        0.13673571,
        0.18363409
      ],
      [
        0.20365669,
        0.32909945,
        0.22535932
      ],
      [
        0.1241713,
        0.21520314,
        0.14576328
      ]
    ]
  },
  "profile" : "experimental",
  "reintegration" : {
    "border" : "torus",
    "dd" : 5,
    "sigma" : 0.65
  },
  "run" : {
    "steps" : 500
  }
}