{
  "backend" : "mlx",
  "beam_mutation" : {
    "enabled" : true,
    "patch_size" : 10,
    "probability" : 0.02,
    "seed" : 99,
    "std" : 0.1
  },
  "channels" : 1,
  "connectivity" : [
    [
      3
    ]
  ],
  "environment" : {
    "depth" : 2,
    "passage_width" : 6,
    "type" : "cross_map",
    "wall_thickness" : 3,
    "wall_value" : -10
  },
  "flow" : {
    "dt" : 0.2,
    "n" : 2,
    "theta_A" : 2
  },
  "grid" : {
    "sx" : 128,
    "sy" : 128
  },
  "implementation" : {
    "mode" : "paper"
  },
  "init" : {
    "a_uniform" : {
      "high" : 1,
      "low" : 0
    },
    "p_uniform" : {
      "high" : 1,
      "low" : 0
    },
    "patches" : [
      {
        "center" : [
          32,
          32
        ],
        "size" : 20
      },
      {
        "center" : [
          96,
          32
        ],
        "size" : 20
      },
      {
        "center" : [
          32,
          96
        ],
        "size" : 20
      },
      {
        "center" : [
          96,
          96
        ],
        "size" : 20
      }
    ],
    "seed" : 92
  },
  "interventions" : [

  ],
  "parameter_embedding" : {
    "enabled" : true,
    "mix" : "stoch_gene_wise",
    "mix_seed" : 42
  },
  "params" : {
    "R" : 6.31369,
    "a" : [
      [
        0.9220535,
        0.006737292,
        0.25828367
      ],
      [
        0.7637201,
        0.22270477,
        0.4723876
      ],
      [
        0.22139573,
        0.89871085,
        0.56491625
      ]
    ],
    "b" : [
      [
        0.1453014,
        0.3347469,
        0.010556281
      ],
      [
        0.603059,
        0.38567716,
        0.52069193
      ],
      [
        0.041318655,
        0.5638794,
        0.30113018
      ]
    ],
    "h" : [
      0.4760412,
      0.22083831,
      0.73008066
    ],
    "m" : [
      0.06449981,
      0.49945423,
      0.13836795
    ],
    "mode" : "explicit",
    "r" : [
      0.8900509,
      0.76884866,
      0.97347045
    ],
    "s" : [
      0.06104572,
      0.0850978,
      0.14375308
    ],
    "w" : [
      [
        0.10554287,
        0.49978304,
        0.37405348
      ],
      [
        0.38617203,
        0.47575563,
        0.3293749
      ],
      [
        0.41096777,
        0.2818711,
        0.32611755
      ]
    ]
  },
  "profile" : "experimental",
  "reintegration" : {
    "border" : "wall",
    "dd" : 5,
    "sigma" : 0.65
  },
  "run" : {
    "steps" : 500
  }
}