{
  "centroids" : [
    [
      63.894978,
      63.596737
    ],
    [
      63.5858,
      63.277294
    ],
    [
      63.753654,
      63.430843
    ],
    [
      63.48095,
      63.12061
    ],
    [
      63.26025,
      62.87843
    ],
    [
      63.14951,
      62.807114
    ],
    [
      63.208744,
      62.90119
    ],
    [
      63.10305,
      62.773857
    ],
    [
      63.33011,
      62.998447
    ],
    [
      63.440994,
      63.100754
    ],
    [
      63.547955,
      63.225014
    ],
    [
      63.63021,
      63.30069
    ]
  ],
  "fps" : 10,
  "frameCount" : 12,
  "framesPath" : "releases\/qg-20260228-real-creatures\/runs\/qg-nnea-s300160\/287fa813-86b4-4496-928d-fe1588bf526c\/frames.bin",
  "height" : 128,
  "palette" : "lenia-spectrum",
  "velocities" : [
    [
      0,
      0
    ],
    [
      -0.3091774,
      -0.31944275
    ],
    [
      0.16785431,
      0.1535492
    ],
    [
      -0.27270508,
      -0.31023407
    ],
    [
      -0.22069931,
      -0.24217987
    ],
    [
      -0.11074066,
      -0.071315765
    ],
    [
      0.05923462,
      0.094078064
    ],
    [
      -0.10569382,
      -0.1273346
    ],
    [
      0.22705841,
      0.2245903
    ],
    [
      0.11088562,
      0.102306366
    ],
    [
      0.1069603,
      0.12425995
    ],
    [
      0.08225632,
      0.075675964
    ]
  ],
  "width" : 128
}