{
  "centroids" : [
    [
      63.32632,
      63.497833
    ],
    [
      63.200394,
      63.425026
    ],
    [
      63.23732,
      63.459538
    ],
    [
      63.30701,
      63.28432
    ],
    [
      63.364914,
      63.2263
    ],
    [
      63.32048,
      63.253773
    ],
    [
      63.33624,
      63.202435
    ],
    [
      63.33366,
      63.10459
    ],
    [
      63.379562,
      63.155964
    ],
    [
      63.467407,
      63.045765
    ],
    [
      63.4483,
      62.991455
    ],
    [
      63.45104,
      62.895527
    ],
    [
      63.393013,
      62.7859
    ],
    [
      63.230255,
      62.75957
    ],
    [
      63.033672,
      62.81
    ],
    [
      62.97471,
      62.71666
    ],
    [
      62.910336,
      62.724506
    ],
    [
      62.79556,
      62.713623
    ],
    [
      62.78881,
      62.626755
    ],
    [
      62.74558,
      62.581123
    ],
    [
      62.759735,
      62.516262
    ],
    [
      62.735607,
      62.54066
    ],
    [
      62.668964,
      62.46857
    ],
    [
      62.66021,
      62.486774
    ],
    [
      62.650276,
      62.443054
    ],
    [
      62.673042,
      62.39195
    ],
    [
      62.600647,
      62.456974
    ],
    [
      62.61376,
      62.400078
    ],
    [
      62.64335,
      62.36737
    ],
    [
      62.648266,
      62.397545
    ],
    [
      62.57499,
      62.410957
    ],
    [
      62.582664,
      62.357067
    ],
    [
      62.619183,
      62.305576
    ],
    [
      62.65338,
      62.263435
    ],
    [
      62.851055,
      62.19427
    ],
    [
      62.971905,
      62.196625
    ]
  ],
  "fps" : 12,
  "frameCount" : 36,
  "framesPath" : "releases\/orbium-like-20260307\/runs\/glider-family-luminous-spiral-4134-c000-s0\/5951eaea-6b08-4e38-99fb-d06f98e4ab1b\/frames.bin",
  "height" : 128,
  "palette" : "lenia-spectrum",
  "velocities" : [
    [
      0,
      0
    ],
    [
      -0.12592697,
      -0.07280731
    ],
    [
      0.03692627,
      0.034511566
    ],
    [
      0.069690704,
      -0.17521667
    ],
    [
      0.05790329,
      -0.058021545
    ],
    [
      -0.044433594,
      0.02747345
    ],
    [
      0.015758514,
      -0.051338196
    ],
    [
      -0.0025787354,
      -0.09784317
    ],
    [
      0.045902252,
      0.051372528
    ],
    [
      0.08784485,
      -0.110198975
    ],
    [
      -0.019107819,
      -0.054309845
    ],
    [
      0.0027389526,
      -0.09592819
    ],
    [
      -0.05802536,
      -0.10962677
    ],
    [
      -0.16275787,
      -0.02632904
    ],
    [
      -0.1965828,
      0.050430298
    ],
    [
      -0.058963776,
      -0.09334183
    ],
    [
      -0.06437302,
      0.007846832
    ],
    [
      -0.11477661,
      -0.010883331
    ],
    [
      -0.0067481995,
      -0.086868286
    ],
    [
      -0.043231964,
      -0.04563141
    ],
    [
      0.014156342,
      -0.0648613
    ],
    [
      -0.02412796,
      0.024398804
    ],
    [
      -0.06664276,
      -0.07209015
    ],
    [
      -0.00875473,
      0.018203735
    ],
    [
      -0.009933472,
      -0.043720245
    ],
    [
      0.022766113,
      -0.0511055
    ],
    [
      -0.072395325,
      0.06502533
    ],
    [
      0.013114929,
      -0.05689621
    ],
    [
      0.029586792,
      -0.032707214
    ],
    [
      0.004917145,
      0.030174255
    ],
    [
      -0.07327652,
      0.013412476
    ],
    [
      0.007675171,
      -0.05389023
    ],
    [
      0.036518097,
      -0.051490784
    ],
    [
      0.03419876,
      -0.04214096
    ],
    [
      0.1976738,
      -0.069164276
    ],
    [
      0.12084961,
      0.0023536682
    ]
  ],
  "width" : 128
}