{
  "backend" : "mlx",
  "beam_mutation" : {
    "enabled" : true,
    "patch_size" : 10,
    "probability" : 0.02,
    "seed" : 99,
    "std" : 0.1
  },
  "channels" : 1,
  "connectivity" : [
    [
      3
    ]
  ],
  "environment" : {
    "depth" : 2,
    "passage_width" : 6,
    "type" : "cross_map",
    "wall_thickness" : 3,
    "wall_value" : -10
  },
  "flow" : {
    "dt" : 0.2,
    "n" : 2,
    "theta_A" : 2
  },
  "grid" : {
    "sx" : 128,
    "sy" : 128
  },
  "implementation" : {
    "mode" : "paper"
  },
  "init" : {
    "a_uniform" : {
      "high" : 1,
      "low" : 0
    },
    "p_uniform" : {
      "high" : 1,
      "low" : 0
    },
    "patches" : [
      {
        "center" : [
          32,
          32
        ],
        "size" : 20
      },
      {
        "center" : [
          96,
          32
        ],
        "size" : 20
      },
      {
        "center" : [
          32,
          96
        ],
        "size" : 20
      },
      {
        "center" : [
          96,
          96
        ],
        "size" : 20
      }
    ],
    "seed" : 91
  },
  "interventions" : [

  ],
  "parameter_embedding" : {
    "enabled" : true,
    "mix" : "stoch_gene_wise",
    "mix_seed" : 42
  },
  "params" : {
    "R" : 9.329875,
    "a" : [
      [
        0.27760786,
        0.9584067,
        0.08513087
      ],
      [
        0.07110655,
        0.4135831,
        0.3483578
      ],
      [
        0.08750105,
        0.95303935,
        0.8699015
      ]
    ],
    "b" : [
      [
        0.28935677,
        0.45909423,
        0.33982432
      ],
      [
        0.942244,
        0.50279945,
        0.45451403
      ],
      [
        0.32195246,
        0.64708906,
        0.8970994
      ]
    ],
    "h" : [
      0.77599096,
      0.5643328,
      0.8177463
    ],
    "m" : [
      0.36128262,
      0.23765701,
      0.28593042
    ],
    "mode" : "explicit",
    "r" : [
      0.43879366,
      0.74213797,
      0.8799676
    ],
    "s" : [
      0.15153123,
      0.097924106,
      0.076828286
    ],
    "w" : [
      [
        0.107208505,
        0.04748006,
        0.46630457
      ],
      [
        0.32013187,
        0.4907029,
        0.46887836
      ],
      [
        0.38533422,
        0.04733418,
        0.15159112
      ]
    ]
  },
  "profile" : "experimental",
  "reintegration" : {
    "border" : "wall",
    "dd" : 5,
    "sigma" : 0.65
  },
  "run" : {
    "steps" : 500
  }
}