{
  "centroids" : [
    [
      63.3282,
      63.80799
    ],
    [
      63.47328,
      63.74665
    ],
    [
      63.2669,
      63.741302
    ],
    [
      63.028942,
      63.49731
    ],
    [
      63.08548,
      63.377666
    ],
    [
      62.889206,
      63.440613
    ],
    [
      63.00634,
      63.35302
    ],
    [
      63.009808,
      63.379787
    ],
    [
      63.084457,
      63.206985
    ],
    [
      63.086483,
      63.149765
    ],
    [
      63.05574,
      63.050583
    ],
    [
      62.986256,
      63.080112
    ],
    [
      62.996162,
      63.065563
    ],
    [
      62.922882,
      63.03387
    ],
    [
      63.051365,
      62.925095
    ],
    [
      62.93898,
      62.96537
    ],
    [
      62.87489,
      62.90956
    ],
    [
      62.935734,
      62.805885
    ],
    [
      62.92281,
      62.779915
    ],
    [
      62.869877,
      62.7652
    ],
    [
      62.8894,
      62.698326
    ],
    [
      62.880238,
      62.70412
    ],
    [
      62.81177,
      62.666897
    ],
    [
      62.75636,
      62.68059
    ],
    [
      62.77041,
      62.588177
    ],
    [
      62.770336,
      62.53205
    ],
    [
      62.730778,
      62.465984
    ],
    [
      62.757584,
      62.463047
    ],
    [
      62.68082,
      62.455143
    ],
    [
      62.609173,
      62.442177
    ],
    [
      62.580627,
      62.47006
    ],
    [
      62.46708,
      62.583115
    ],
    [
      62.456802,
      62.645477
    ],
    [
      62.484833,
      62.649014
    ],
    [
      62.48688,
      62.696667
    ],
    [
      62.539177,
      62.73718
    ]
  ],
  "fps" : 12,
  "frameCount" : 36,
  "framesPath" : "releases\/orbium-like-20260307\/runs\/glider-family-luminous-spiral-4134-c000-s0\/b6cf8bad-77be-4e3d-998a-be4a49a7c794\/frames.bin",
  "height" : 128,
  "palette" : "lenia-spectrum",
  "velocities" : [
    [
      0,
      0
    ],
    [
      0.14508057,
      -0.061340332
    ],
    [
      -0.20638275,
      -0.0053482056
    ],
    [
      -0.237957,
      -0.24399185
    ],
    [
      0.05653763,
      -0.119644165
    ],
    [
      -0.1962738,
      0.06294632
    ],
    [
      0.117134094,
      -0.08759308
    ],
    [
      0.0034675598,
      0.02676773
    ],
    [
      0.07464981,
      -0.17280197
    ],
    [
      0.0020256042,
      -0.05722046
    ],
    [
      -0.030742645,
      -0.09918213
    ],
    [
      -0.06948471,
      0.029529572
    ],
    [
      0.009906769,
      -0.014549255
    ],
    [
      -0.073280334,
      -0.031692505
    ],
    [
      0.12848282,
      -0.10877609
    ],
    [
      -0.112384796,
      0.040275574
    ],
    [
      -0.06409073,
      -0.05580902
    ],
    [
      0.06084442,
      -0.10367584
    ],
    [
      -0.012924194,
      -0.025970459
    ],
    [
      -0.05293274,
      -0.014713287
    ],
    [
      0.01952362,
      -0.06687546
    ],
    [
      -0.009162903,
      0.005794525
    ],
    [
      -0.06846619,
      -0.037223816
    ],
    [
      -0.055412292,
      0.013694763
    ],
    [
      0.01404953,
      -0.092414856
    ],
    [
      -7.247925e-05,
      -0.05612564
    ],
    [
      -0.03955841,
      -0.06606674
    ],
    [
      0.026805878,
      -0.002937317
    ],
    [
      -0.07676315,
      -0.007904053
    ],
    [
      -0.071647644,
      -0.012966156
    ],
    [
      -0.02854538,
      0.027881622
    ],
    [
      -0.11354828,
      0.11305618
    ],
    [
      -0.010276794,
      0.06236267
    ],
    [
      0.028030396,
      0.0035362244
    ],
    [
      0.0020484924,
      0.0476532
    ],
    [
      0.052295685,
      0.040512085
    ]
  ],
  "width" : 128
}