{
  "backend" : "mlx",
  "channels" : 1,
  "connectivity" : [
    [
      3
    ]
  ],
  "flow" : {
    "dt" : 0.2,
    "n" : 2,
    "theta_A" : 2
  },
  "grid" : {
    "sx" : 128,
    "sy" : 128
  },
  "implementation" : {
    "mode" : "paper"
  },
  "init" : {
    "a_uniform" : {
      "high" : 1,
      "low" : 0
    },
    "p_uniform" : {
      "high" : 1,
      "low" : 0
    },
    "patches" : [
      {
        "center" : [
          32,
          32
        ],
        "size" : 24
      },
      {
        "center" : [
          96,
          96
        ],
        "size" : 24
      }
    ],
    "seed" : 300004
  },
  "interventions" : [

  ],
  "parameter_embedding" : {
    "enabled" : true,
    "mix" : "stoch",
    "mix_seed" : 42
  },
  "params" : {
    "R" : 7.145546,
    "a" : [
      [
        0.7841105,
        0.5082252,
        0.498061
      ],
      [
        0.18910807,
        0.86774164,
        0.13144678
      ],
      [
        0.4522357,
        0.0971818,
        0.35186315
      ]
    ],
    "b" : [
      [
        0.07466203,
        0.03325379,
        0.7800587
      ],
      [
        0.14743733,
        0.08411425,
        0.23412192
      ],
      [
        0.90183246,
        0.41355622,
        0.11055648
      ]
    ],
    "h" : [
      0.5662991,
      0.48550332,
      0.072702706
    ],
    "m" : [
      0.24295494,
      0.07341957,
      0.41032422
    ],
    "mode" : "explicit",
    "r" : [
      0.535662,
      0.4061104,
      0.25365195
    ],
    "s" : [
      0.093094595,
      0.11522899,
      0.04726215
    ],
    "w" : [
      [
        0.10176583,
        0.17856038,
        0.33895126
      ],
      [
        0.45774305,
        0.17203179,
        0.04361391
      ],
      [
        0.16384439,
        0.031257056,
        0.29148722
      ]
    ]
  },
  "profile" : "experimental",
  "reintegration" : {
    "border" : "torus",
    "dd" : 5,
    "sigma" : 0.65
  },
  "run" : {
    "steps" : 500
  }
}