{
  "centroids" : [
    [
      64.58991,
      64.51768
    ],
    [
      64.40331,
      64.40936
    ],
    [
      64.31048,
      64.1939
    ],
    [
      63.92091,
      63.719044
    ],
    [
      63.970623,
      63.880024
    ],
    [
      63.788704,
      63.805748
    ],
    [
      63.78837,
      63.66482
    ],
    [
      63.924458,
      63.778725
    ],
    [
      63.433094,
      63.306324
    ],
    [
      63.925922,
      63.91246
    ],
    [
      63.77635,
      63.697178
    ],
    [
      63.44787,
      63.440083
    ]
  ],
  "fps" : 10,
  "frameCount" : 12,
  "framesPath" : "releases\/qg-20260228-real-creatures\/runs\/qg-nnea-s300000\/9bf45906-7a6e-413d-9233-82ba97975b2a\/frames.bin",
  "height" : 128,
  "palette" : "lenia-spectrum",
  "velocities" : [
    [
      0,
      0
    ],
    [
      -0.18659973,
      -0.108314514
    ],
    [
      -0.09283447,
      -0.21546173
    ],
    [
      -0.38956833,
      -0.47485733
    ],
    [
      0.049713135,
      0.16098022
    ],
    [
      -0.1819191,
      -0.07427597
    ],
    [
      -0.00033569336,
      -0.14092636
    ],
    [
      0.13608932,
      0.113903046
    ],
    [
      -0.49136353,
      -0.47240067
    ],
    [
      0.49282837,
      0.6061363
    ],
    [
      -0.14957428,
      -0.21528244
    ],
    [
      -0.32847977,
      -0.25709534
    ]
  ],
  "width" : 128
}