{
  "backend" : "mlx",
  "channels" : 1,
  "connectivity" : [
    [
      3
    ]
  ],
  "flow" : {
    "dt" : 0.2,
    "n" : 2,
    "theta_A" : 2
  },
  "grid" : {
    "sx" : 128,
    "sy" : 128
  },
  "implementation" : {
    "mode" : "paper"
  },
  "init" : {
    "a_uniform" : {
      "high" : 1,
      "low" : 0
    },
    "p_uniform" : {
      "high" : 1,
      "low" : 0
    },
    "patches" : [
      {
        "center" : [
          32,
          32
        ],
        "size" : 24
      },
      {
        "center" : [
          96,
          96
        ],
        "size" : 24
      }
    ],
    "seed" : 300096
  },
  "interventions" : [

  ],
  "parameter_embedding" : {
    "enabled" : true,
    "mix" : "stoch",
    "mix_seed" : 42
  },
  "params" : {
    "R" : 6.0028687,
    "a" : [
      [
        0.9455322,
        0.6565602,
        0.3971017
      ],
      [
        0.9250852,
        0.94448686,
        0.98338884
      ],
      [
        0.71547776,
        0.9757654,
        0.442836
      ]
    ],
    "b" : [
      [
        0.54166836,
        0.48850214,
        0.8675216
      ],
      [
        0.16435772,
        0.9866165,
        0.8658851
      ],
      [
        0.85714513,
        0.96110654,
        0.66716796
      ]
    ],
    "h" : [
      0.609681,
      0.63007885,
      0.18545908
    ],
    "m" : [
      0.40974623,
      0.29934335,
      0.10247396
    ],
    "mode" : "explicit",
    "r" : [
      0.9196644,
      0.26388177,
      0.58625156
    ],
    "s" : [
      0.0508338,
      0.10031893,
      0.17429711
    ],
    "w" : [
      [
        0.030114887,
        0.36349532,
        0.12539072
      ],
      [
        0.21598639,
        0.38058263,
        0.32377955
      ],
      [
        0.1344931,
        0.30138448,
        0.47355634
      ]
    ]
  },
  "profile" : "experimental",
  "reintegration" : {
    "border" : "torus",
    "dd" : 5,
    "sigma" : 0.65
  },
  "run" : {
    "steps" : 500
  }
}