{
  "centroids" : [
    [
      62.573242,
      62.819042
    ],
    [
      62.922226,
      63.195404
    ],
    [
      62.600433,
      62.84707
    ],
    [
      63.09134,
      63.450535
    ],
    [
      62.783253,
      63.055595
    ],
    [
      62.577057,
      62.89392
    ],
    [
      62.728058,
      62.980206
    ],
    [
      62.77349,
      63.057716
    ],
    [
      62.826077,
      63.10659
    ],
    [
      62.97376,
      63.274494
    ],
    [
      63.221184,
      63.498737
    ],
    [
      63.3375,
      63.58136
    ]
  ],
  "fps" : 10,
  "frameCount" : 12,
  "framesPath" : "releases\/qg-20260228-real-creatures\/runs\/qg-nnea-s300096\/f5ab8c7c-0b3a-45f4-a37e-f5a56c257589\/frames.bin",
  "height" : 128,
  "palette" : "lenia-spectrum",
  "velocities" : [
    [
      0,
      0
    ],
    [
      0.34898376,
      0.37636185
    ],
    [
      -0.3217926,
      -0.34833527
    ],
    [
      0.49090576,
      0.60346603
    ],
    [
      -0.3080864,
      -0.39493942
    ],
    [
      -0.20619583,
      -0.1616745
    ],
    [
      0.15100098,
      0.08628464
    ],
    [
      0.045433044,
      0.077510834
    ],
    [
      0.0525856,
      0.0488739
    ],
    [
      0.14768219,
      0.1679039
    ],
    [
      0.24742508,
      0.22424316
    ],
    [
      0.11631775,
      0.08262253
    ]
  ],
  "width" : 128
}