{
  "backend" : "mlx",
  "channels" : 1,
  "connectivity" : [
    [
      3
    ]
  ],
  "flow" : {
    "dt" : 0.2,
    "n" : 2,
    "theta_A" : 2
  },
  "grid" : {
    "sx" : 128,
    "sy" : 128
  },
  "implementation" : {
    "mode" : "paper"
  },
  "init" : {
    "a_uniform" : {
      "high" : 1,
      "low" : 0
    },
    "p_uniform" : {
      "high" : 1,
      "low" : 0
    },
    "patches" : [
      {
        "center" : [
          32,
          32
        ],
        "size" : 24
      },
      {
        "center" : [
          96,
          96
        ],
        "size" : 24
      }
    ],
    "seed" : 300215
  },
  "interventions" : [

  ],
  "parameter_embedding" : {
    "enabled" : true,
    "mix" : "stoch",
    "mix_seed" : 42
  },
  "params" : {
    "R" : 7.826932,
    "a" : [
      [
        0.8237581,
        0.8990802,
        0.40935993
      ],
      [
        0.22363526,
        0.022370458,
        0.19282001
      ],
      [
        0.8640463,
        0.94542336,
        0.61927044
      ]
    ],
    "b" : [
      [
        0.7987565,
        0.38047385,
        0.22052085
      ],
      [
        0.4879195,
        0.48641562,
        0.8532079
      ],
      [
        0.90615356,
        0.5128322,
        0.40443712
      ]
    ],
    "h" : [
      0.065739155,
      0.8950246,
      0.90070766
    ],
    "m" : [
      0.09987734,
      0.21547703,
      0.272114
    ],
    "mode" : "explicit",
    "r" : [
      0.96456033,
      0.4515428,
      0.54245263
    ],
    "s" : [
      0.013376581,
      0.05927943,
      0.023414986
    ],
    "w" : [
      [
        0.47614977,
        0.49725282,
        0.14913493
      ],
      [
        0.26428548,
        0.034385666,
        0.039965287
      ],
      [
        0.051822625,
        0.08074446,
        0.3506265
      ]
    ]
  },
  "profile" : "experimental",
  "reintegration" : {
    "border" : "torus",
    "dd" : 5,
    "sigma" : 0.65
  },
  "run" : {
    "steps" : 500
  }
}