{
  "centroids" : [
    [
      64.07915,
      63.73402
    ],
    [
      63.76952,
      63.400288
    ],
    [
      63.91861,
      63.48718
    ],
    [
      64.01772,
      63.583954
    ],
    [
      64.05343,
      63.66539
    ],
    [
      63.956535,
      63.55572
    ],
    [
      63.84471,
      63.392605
    ],
    [
      63.716385,
      63.277935
    ],
    [
      63.84237,
      63.41327
    ],
    [
      63.920975,
      63.516403
    ],
    [
      63.964375,
      63.57324
    ],
    [
      63.974842,
      63.585487
    ]
  ],
  "fps" : 10,
  "frameCount" : 12,
  "framesPath" : "releases\/qg-20260228-real-creatures\/runs\/qg-nnea-s300192\/77689965-2ccd-4d1f-afc3-364d03abc9fc\/frames.bin",
  "height" : 128,
  "palette" : "lenia-spectrum",
  "velocities" : [
    [
      0,
      0
    ],
    [
      -0.30962753,
      -0.3337326
    ],
    [
      0.14908981,
      0.086891174
    ],
    [
      0.099113464,
      0.096775055
    ],
    [
      0.035705566,
      0.08143616
    ],
    [
      -0.09689331,
      -0.10966873
    ],
    [
      -0.111824036,
      -0.16311646
    ],
    [
      -0.12832642,
      -0.1146698
    ],
    [
      0.12598419,
      0.13533401
    ],
    [
      0.07860565,
      0.103134155
    ],
    [
      0.04339981,
      0.056835175
    ],
    [
      0.010467529,
      0.012248993
    ]
  ],
  "width" : 128
}