{
  "backend" : "mlx",
  "channels" : 1,
  "connectivity" : [
    [
      3
    ]
  ],
  "flow" : {
    "dt" : 0.2,
    "n" : 2,
    "theta_A" : 2
  },
  "grid" : {
    "sx" : 128,
    "sy" : 128
  },
  "implementation" : {
    "mode" : "paper"
  },
  "init" : {
    "a_uniform" : {
      "high" : 1,
      "low" : 0
    },
    "p_uniform" : {
      "high" : 1,
      "low" : 0
    },
    "patches" : [
      {
        "center" : [
          32,
          32
        ],
        "size" : 24
      },
      {
        "center" : [
          96,
          96
        ],
        "size" : 24
      }
    ],
    "seed" : 300092
  },
  "interventions" : [

  ],
  "parameter_embedding" : {
    "enabled" : true,
    "mix" : "stoch",
    "mix_seed" : 42
  },
  "params" : {
    "R" : 15.319801,
    "a" : [
      [
        0.629413,
        0.9126872,
        0.7088625
      ],
      [
        0.52903223,
        0.97827363,
        0.09521878
      ],
      [
        0.9408815,
        0.034169614,
        0.59072196
      ]
    ],
    "b" : [
      [
        0.58856004,
        0.22027177,
        0.53150547
      ],
      [
        0.9681017,
        0.3455503,
        0.40254664
      ],
      [
        0.91640854,
        0.6166946,
        0.90429413
      ]
    ],
    "h" : [
      0.0011243224,
      0.3764298,
      0.6918385
    ],
    "m" : [
      0.4028537,
      0.1008987,
      0.43966487
    ],
    "mode" : "explicit",
    "r" : [
      0.43759704,
      0.576578,
      0.9936602
    ],
    "s" : [
      0.17609191,
      0.14535008,
      0.072707854
    ],
    "w" : [
      [
        0.3747627,
        0.023456149,
        0.013917204
      ],
      [
        0.18411042,
        0.1061734,
        0.40491742
      ],
      [
        0.13749805,
        0.24351838,
        0.3422227
      ]
    ]
  },
  "profile" : "experimental",
  "reintegration" : {
    "border" : "torus",
    "dd" : 5,
    "sigma" : 0.65
  },
  "run" : {
    "steps" : 500
  }
}