{
  "centroids" : [
    [
      63.49287,
      63.287117
    ],
    [
      63.499073,
      63.29472
    ],
    [
      63.48666,
      63.283894
    ],
    [
      63.470833,
      63.27471
    ],
    [
      63.4794,
      63.281612
    ],
    [
      63.47037,
      63.281357
    ],
    [
      63.470043,
      63.273994
    ],
    [
      63.46957,
      63.26603
    ],
    [
      63.463146,
      63.26112
    ],
    [
      63.46599,
      63.273617
    ],
    [
      63.460903,
      63.27711
    ],
    [
      63.453766,
      63.265514
    ]
  ],
  "fps" : 10,
  "frameCount" : 12,
  "framesPath" : "releases\/qg-20260228-real-creatures\/runs\/qg-nnea-s300064\/ba070d6e-8771-47ce-89ab-b96143060ce8\/frames.bin",
  "height" : 128,
  "palette" : "lenia-spectrum",
  "velocities" : [
    [
      0,
      0
    ],
    [
      0.0062026978,
      0.0076026917
    ],
    [
      -0.012413025,
      -0.010826111
    ],
    [
      -0.015827179,
      -0.009181976
    ],
    [
      0.00856781,
      0.0069007874
    ],
    [
      -0.009029388,
      -0.00025558472
    ],
    [
      -0.00032806396,
      -0.0073623657
    ],
    [
      -0.00047302246,
      -0.007965088
    ],
    [
      -0.00642395,
      -0.0049095154
    ],
    [
      0.0028419495,
      0.012496948
    ],
    [
      -0.0050849915,
      0.0034942627
    ],
    [
      -0.0071372986,
      -0.01159668
    ]
  ],
  "width" : 128
}