{
  "backend" : "mlx",
  "channels" : 1,
  "connectivity" : [
    [
      3
    ]
  ],
  "flow" : {
    "dt" : 0.2,
    "n" : 2,
    "theta_A" : 2
  },
  "grid" : {
    "sx" : 128,
    "sy" : 128
  },
  "implementation" : {
    "mode" : "paper"
  },
  "init" : {
    "a_uniform" : {
      "high" : 1,
      "low" : 0
    },
    "p_uniform" : {
      "high" : 1,
      "low" : 0
    },
    "patches" : [
      {
        "center" : [
          32,
          32
        ],
        "size" : 24
      },
      {
        "center" : [
          96,
          96
        ],
        "size" : 24
      }
    ],
    "seed" : 300147
  },
  "interventions" : [

  ],
  "parameter_embedding" : {
    "enabled" : true,
    "mix" : "stoch",
    "mix_seed" : 42
  },
  "params" : {
    "R" : 9.750895,
    "a" : [
      [
        0.9917153,
        0.56721514,
        0.50100327
      ],
      [
        0.03652978,
        0.7028628,
        0.34304392
      ],
      [
        0.2680964,
        0.37016296,
        0.30984598
      ]
    ],
    "b" : [
      [
        0.06853324,
        0.46237552,
        0.63558143
      ],
      [
        0.50543255,
        0.41283554,
        0.7768574
      ],
      [
        0.15390503,
        0.054727912,
        0.44700736
      ]
    ],
    "h" : [
      0.12821239,
      0.19511014,
      0.6943675
    ],
    "m" : [
      0.14670154,
      0.38335636,
      0.14359736
    ],
    "mode" : "explicit",
    "r" : [
      0.7047924,
      0.68725353,
      0.4393963
    ],
    "s" : [
      0.115354165,
      0.09618789,
      0.027750513
    ],
    "w" : [
      [
        0.30319053,
        0.40080106,
        0.45223126
      ],
      [
        0.049370058,
        0.18803285,
        0.018850874
      ],
      [
        0.45620185,
        0.22624436,
        0.13138829
      ]
    ]
  },
  "profile" : "experimental",
  "reintegration" : {
    "border" : "torus",
    "dd" : 5,
    "sigma" : 0.65
  },
  "run" : {
    "steps" : 500
  }
}