{
  "centroids" : [
    [
      63.878384,
      63.967815
    ],
    [
      63.83767,
      63.83688
    ],
    [
      63.860752,
      63.893642
    ],
    [
      63.75313,
      63.728165
    ],
    [
      63.785378,
      63.6768
    ],
    [
      63.66976,
      63.583668
    ],
    [
      63.625874,
      63.493454
    ],
    [
      63.551414,
      63.43509
    ],
    [
      63.580673,
      63.39877
    ],
    [
      63.27854,
      63.174202
    ],
    [
      63.317963,
      63.183434
    ],
    [
      63.313572,
      63.182667
    ]
  ],
  "fps" : 10,
  "frameCount" : 12,
  "framesPath" : "releases\/qg-20260228-real-creatures\/runs\/qg-nnea-s300128\/52a19f32-081e-4d95-9f1b-ca6b865ee5a9\/frames.bin",
  "height" : 128,
  "palette" : "lenia-spectrum",
  "velocities" : [
    [
      0,
      0
    ],
    [
      -0.040714264,
      -0.13093567
    ],
    [
      0.023082733,
      0.056762695
    ],
    [
      -0.10762024,
      -0.16547775
    ],
    [
      0.032245636,
      -0.0513649
    ],
    [
      -0.115615845,
      -0.09313202
    ],
    [
      -0.043888092,
      -0.090213776
    ],
    [
      -0.074459076,
      -0.05836487
    ],
    [
      0.029258728,
      -0.036319733
    ],
    [
      -0.30213165,
      -0.22456741
    ],
    [
      0.03942108,
      0.009231567
    ],
    [
      -0.0043907166,
      -0.00076675415
    ]
  ],
  "width" : 128
}