{
  "centroids" : [
    [
      64.31016,
      64.16979
    ],
    [
      64.007,
      63.874863
    ],
    [
      64.303,
      64.1023
    ],
    [
      64.18894,
      63.83761
    ],
    [
      64.48332,
      64.207726
    ],
    [
      64.24002,
      63.91463
    ],
    [
      63.99955,
      63.69098
    ],
    [
      63.615093,
      63.28349
    ],
    [
      63.5525,
      63.206894
    ],
    [
      63.4451,
      63.079914
    ],
    [
      63.518772,
      63.177647
    ],
    [
      63.487026,
      63.13024
    ]
  ],
  "fps" : 10,
  "frameCount" : 12,
  "framesPath" : "releases\/qg-20260228-real-creatures\/runs\/qg-nnea-s300192\/1f8f504f-ebcf-423a-86ea-6515e24c1223\/frames.bin",
  "height" : 128,
  "palette" : "lenia-spectrum",
  "velocities" : [
    [
      0,
      0
    ],
    [
      -0.303154,
      -0.2949295
    ],
    [
      0.29599762,
      0.22743988
    ],
    [
      -0.11405945,
      -0.2646942
    ],
    [
      0.2943802,
      0.3701172
    ],
    [
      -0.24330139,
      -0.29309464
    ],
    [
      -0.24047089,
      -0.22365189
    ],
    [
      -0.38445663,
      -0.40748978
    ],
    [
      -0.06259155,
      -0.07659531
    ],
    [
      -0.1074028,
      -0.12697983
    ],
    [
      0.07367325,
      0.097732544
    ],
    [
      -0.03174591,
      -0.047405243
    ]
  ],
  "width" : 128
}