{
  "backend" : "mlx",
  "channels" : 1,
  "connectivity" : [
    [
      3
    ]
  ],
  "flow" : {
    "dt" : 0.2,
    "n" : 2,
    "theta_A" : 2
  },
  "grid" : {
    "sx" : 128,
    "sy" : 128
  },
  "implementation" : {
    "mode" : "paper"
  },
  "init" : {
    "a_uniform" : {
      "high" : 1,
      "low" : 0
    },
    "p_uniform" : {
      "high" : 1,
      "low" : 0
    },
    "patches" : [
      {
        "center" : [
          32,
          32
        ],
        "size" : 24
      },
      {
        "center" : [
          96,
          96
        ],
        "size" : 24
      }
    ],
    "seed" : 300212
  },
  "interventions" : [

  ],
  "parameter_embedding" : {
    "enabled" : true,
    "mix" : "stoch",
    "mix_seed" : 42
  },
  "params" : {
    "R" : 11.313944,
    "a" : [
      [
        0.23087484,
        0.08912355,
        0.24209034
      ],
      [
        0.5403832,
        0.09585154,
        0.013335824
      ],
      [
        0.27379692,
        0.14280558,
        0.25703633
      ]
    ],
    "b" : [
      [
        0.61875975,
        0.47838455,
        0.44589335
      ],
      [
        0.13693357,
        0.93725336,
        0.6910484
      ],
      [
        0.7570792,
        0.39765036,
        0.411914
      ]
    ],
    "h" : [
      0.47621024,
      0.9755522,
      0.9598721
    ],
    "m" : [
      0.36191007,
      0.060940597,
      0.16046645
    ],
    "mode" : "explicit",
    "r" : [
      0.94820637,
      0.42850226,
      0.6504027
    ],
    "s" : [
      0.10775875,
      0.17516719,
      0.07106547
    ],
    "w" : [
      [
        0.4594985,
        0.28642964,
        0.17027876
      ],
      [
        0.36270237,
        0.34976786,
        0.04272362
      ],
      [
        0.0457158,
        0.13555595,
        0.34303668
      ]
    ]
  },
  "profile" : "experimental",
  "reintegration" : {
    "border" : "torus",
    "dd" : 5,
    "sigma" : 0.65
  },
  "run" : {
    "steps" : 500
  }
}