{
  "centroids" : [
    [
      65.52591,
      65.676186
    ],
    [
      65.22477,
      65.35687
    ],
    [
      65.32726,
      65.44271
    ],
    [
      65.46395,
      65.59135
    ],
    [
      65.249695,
      65.27435
    ],
    [
      65.1831,
      65.208244
    ],
    [
      64.82973,
      64.78006
    ],
    [
      64.67016,
      64.578354
    ],
    [
      64.80595,
      64.7528
    ],
    [
      64.43105,
      64.387985
    ],
    [
      64.51362,
      64.380486
    ],
    [
      64.06456,
      64.00871
    ]
  ],
  "fps" : 10,
  "frameCount" : 12,
  "framesPath" : "releases\/qg-20260228-real-creatures\/runs\/qg-nnea-s300192\/0890a538-f5e7-4a13-acde-bb2857151a19\/frames.bin",
  "height" : 128,
  "palette" : "lenia-spectrum",
  "velocities" : [
    [
      0,
      0
    ],
    [
      -0.30113983,
      -0.31931305
    ],
    [
      0.102493286,
      0.08583832
    ],
    [
      0.13668823,
      0.14863586
    ],
    [
      -0.21425629,
      -0.3169937
    ],
    [
      -0.066596985,
      -0.0661087
    ],
    [
      -0.35337067,
      -0.4281845
    ],
    [
      -0.15956879,
      -0.20170593
    ],
    [
      0.13578796,
      0.1744461
    ],
    [
      -0.3748932,
      -0.36481476
    ],
    [
      0.08256531,
      -0.007499695
    ],
    [
      -0.44905853,
      -0.37177277
    ]
  ],
  "width" : 128
}